tf,exit,name,min_coins,trades,events,avgR_trade,ev_avgR,ev_wr,ev_t,n_is,ev_is,n_oos,ev_oos,y2020,y2021,y2022,y2023,y2024,y2025,y2026
4h,sl2_tp2,L bb_revert,1,21347,3699,-0.055698327675065974,-0.06673320937450095,0.4547174912138416,-4.785814582162803,2067,-0.09248399104329606,1632,-0.03411870832707477,-0.11907029196720331,0.02779740569328749,-0.1563269165162916,-0.04999388277346517,-0.13618788871952128,-0.09352858086358995,0.018301767440438606
4h,sl2_tp2,L bb_revert,3,18772,1669,-0.0545112138250275,-0.0571307863413238,0.4715398442180947,-3.185049959752449,965,-0.0810528050398578,704,-0.0243399510514299,-0.04591026586045753,0.012107565559242741,-0.13593269745732198,-0.059326422782575654,-0.11616643099515463,-0.10203398547831384,0.044999886125251465
4h,sl2_tp2,L bb_revert,5,16928,1124,-0.05270850677064991,-0.049093316161556336,0.4795373665480427,-2.2786368676360955,662,-0.06541871877391882,462,-0.025700639691028267,0.005995632237292931,0.011248507073445558,-0.10973888565660239,-0.02634565331571421,-0.11633045382871648,-0.09597998243411322,0.043972846649099055
4h,sl2_tp2,L bb_revert,10,13575,614,-0.05997519705989872,-0.06270979316121021,0.4755700325732899,-2.1905456500790033,354,-0.08040277299117762,260,-0.038620120623485375,0.02229803641768786,-0.0910351720671145,-0.16753551507073094,0.022575572430059886,-0.09129242338022442,-0.047319699036890504,-0.02877961389356808
4h,sl2_tp2,L bb_revert,15,10694,369,-0.05814308152741447,-0.06072830020103086,0.46883468834688347,-1.680109499109177,197,-0.07697626061378335,172,-0.042118717635261975,0.48004528106986827,-0.08102587810947985,-0.0611305143200506,-0.012991555202950039,-0.12418941900324221,-0.017521542120331354,-0.07107488627942081
4h,sl2_tp2,L bb_revert,20,8716,251,-0.05990710296234162,-0.06605787836023998,0.4820717131474104,-1.494054346075554,131,-0.08036713514445558,120,-0.050436939704137984,,-0.26170491356379894,0.024492845957351315,0.07041441273584662,-0.14078834263347165,-0.023946700891485526,-0.08507802122837581
4h,sl2_tp2,L bb_revert,30,5544,117,-0.0642631572791468,-0.08731181775855681,0.5042735042735043,-1.297792416158232,48,-0.05079362869972529,69,-0.11271577536470048,,-0.12597370898661261,-0.1325966493613494,-0.01345540105836244,-0.03871933521970748,-0.05828298676473639,-0.21477725398963313
4h,sl2_tp2,L bb_revert+volhigh,1,5050,1507,0.09864852965037876,-0.03699267460500477,0.47113470471134705,-1.5896978245226994,755,-0.0314661773859741,752,-0.04254121902038797,-0.011853721123103825,-0.022386235582014507,0.03851845214711569,-0.00623502002597821,-0.10873804667412175,-0.13990561664345844,0.04313945088791405
4h,sl2_tp2,L bb_revert+volhigh,3,3688,383,0.16104855077288135,0.05361451529887275,0.5300261096605744,1.3741768052933612,217,0.07152535997768618,166,0.030200941230785303,0.28157961971550044,-0.025524338773018733,0.11834069105499613,0.08632199074699762,0.019177655588716758,0.005023158428571509,0.05362213453517023
4h,sl2_tp2,L bb_revert+volhigh,5,3192,235,0.1814354238806759,0.06739303362237584,0.5404255319148936,1.3930710479231851,142,0.09922290686494348,93,0.01879258200469192,0.12407959252111467,0.05320150916378899,0.0866285144031059,0.0742788413395923,0.13376432818731077,-0.05093937609734131,0.10346710255716085
4h,sl2_tp2,L bb_revert+volhigh,10,2380,107,0.2453426475102365,0.1596545289096733,0.5981308411214953,2.2927349824831214,67,0.12975519423961682,40,0.20973591448201798,0.0037886936961075515,-0.06358588418757656,0.12519024138612492,0.0559585805358422,0.26737940525118403,0.07850065022353701,0.4823014633265553
4h,sl2_tp2,L bb_revert+volhigh,15,1856,62,0.28260409083229804,0.20281256909766396,0.6612903225806451,2.165140564400241,37,0.2522577533364292,25,0.1296336964242915,,-0.08795365102478861,0.5246714506177905,-0.12985752899336553,0.32418991500955285,0.11662870374750126,0.18165366713145253
4h,sl2_tp2,L bb_revert+volhigh,20,1474,39,0.33199001767366926,0.2785086298017201,0.717948717948718,2.498639521903858,20,0.36499552230262267,19,0.18746979559024368,,-0.01019009999917242,0.40167446496916037,0.2059170564272954,0.43872562602220966,0.23521181273912317,-0.06715429587044698
4h,sl2_tp2,L bb_revert+volhigh,30,1089,23,0.40076145739733876,0.3772827468948909,0.782608695652174,2.5615262348454686,12,0.4452935447402568,11,0.30308914924540076,,,,,0.4454063866089698,0.37832735630729164,-0.03548278253310838
4h,sl2_tp2,L cci_rev,1,29942,5645,-0.04974084329782239,-0.055648441008443975,0.4534986713906112,-5.023738139041736,3287,-0.08531003822327772,2358,-0.014300828605917061,-0.008926454663147426,-0.01815230391939513,-0.1810696386899796,-0.04942600429256657,-0.12465230902359072,-0.048426968896690806,0.017423635690579642
4h,sl2_tp2,L cci_rev,3,25921,2610,-0.04732954851499702,-0.037025567798430394,0.47011494252873565,-2.6637454347452216,1451,-0.05187306037342066,1159,-0.018437378215763554,-0.004735324886784318,-0.0016208817728527148,-0.16380864459269381,-0.0031278402178536785,-0.058580455856759014,-0.0674095727739363,0.0259436731025805
4h,sl2_tp2,L cci_rev,5,22702,1671,-0.04881193737383186,-0.036152948120141415,0.47516457211250746,-2.122332895894179,914,-0.031419186713846914,757,-0.04186848038612977,-0.03965463840573913,0.03990179529239687,-0.14544987699123257,0.03440650259966025,-0.04642640928178457,-0.1017359784341233,0.012419427163688036
4h,sl2_tp2,L cci_rev,10,17089,811,-0.0542830126891726,-0.035385713326935575,0.48212083847102344,-1.4436873707186273,412,-0.04519849464103036,399,-0.025253217333434184,-0.05389126066853889,0.03900640909567857,-0.19488831725370254,0.030398964188600212,-0.03688133528915366,-0.038935333608634486,-0.009584987405382226
4h,sl2_tp2,L cci_rev,15,13269,486,-0.07362999834556053,-0.06727644689419914,0.4773662551440329,-2.13644429342546,211,-0.0805847204049819,275,-0.05706537158228946,-0.14467854095295843,-0.21407968556065207,-0.15685920274148876,-0.09803194717400915,-0.005965445466600824,-0.057476055804688356,-0.0565349044616909
4h,sl2_tp2,L cci_rev,20,10504,320,-0.08596002725557177,-0.09077372737638878,0.446875,-2.371423769582151,129,-0.1179660134521324,191,-0.07240825667601741,,-0.2807405338286932,-0.1638374908733096,-0.3420640052890752,-0.0041243916092678365,-0.0466797163130757,-0.10734824976149383
4h,sl2_tp2,L cci_rev,30,6380,147,-0.05729379254629055,-0.05019365055303949,0.4557823129251701,-0.9208387121438321,41,-0.04739415001339928,106,-0.051276476233466345,,-0.5055535659673039,-0.03004476111687779,-0.18236370225535756,0.009734766875341154,0.006466699375512954,-0.13587694282336624
4h,sl2_tp2,L engulfing,1,16094,4563,-0.07417093632147143,-0.09470070275379831,0.4418145956607495,-7.389426618715941,2651,-0.12326805406773299,1912,-0.05509189086402799,-0.08007990368476357,-0.008354034476202695,-0.1800405185290317,-0.1126187164994264,-0.16650659598756906,-0.11226310383349052,-0.004247926760751047
4h,sl2_tp2,L engulfing,3,12474,1777,-0.05999729960961385,-0.06815579367474829,0.46482836240855374,-3.8951487688270783,935,-0.10685110155747113,842,-0.025186538484313778,0.038013215984988566,0.05695361962264025,-0.20106467525967792,-0.07237740937439062,-0.1695493322001461,-0.09514888695118848,0.030455158697230478
4h,sl2_tp2,L engulfing,5,9862,1001,-0.04971503151774442,-0.042419911577146203,0.4875124875124875,-1.881036091102151,490,-0.0642496809275497,511,-0.021487256035663413,0.08181938895497072,0.02999590071062328,-0.14979673212287437,0.030222328012159426,-0.13991725594419946,-0.10036303211701222,0.04358525923144931
4h,sl2_tp2,L engulfing,10,5672,352,-0.07202316627935194,-0.07401518567200487,0.4772727272727273,-1.961980240380506,129,-0.12289082033642104,223,-0.04574183647151299,,0.41373009804903904,-0.313678684715475,-0.05032537126768731,-0.15037553972438664,-0.05505472446600339,-0.03699581992016546
4h,sl2_tp2,L engulfing,15,3433,159,-0.04846428160143517,-0.035286189109594725,0.5220125786163522,-0.6081111566361208,41,-0.09923424086246072,118,-0.013066950788683666,,,0.12638417366167087,-0.31195083571058246,-0.08717534050787344,-0.035477107741914954,0.012602865357744897
4h,sl2_tp2,L engulfing,20,2069,78,-0.08991447412072259,-0.08950971827000938,0.5128205128205128,-1.0760719155828427,19,-0.18470112658306723,59,-0.05885485796580427,,,,,-0.18470112658306723,-0.07798343702781659,-0.04157743171624476
4h,sl2_tp2,L engulfing,30,727,21,-0.10158696242275894,-0.1048040222761243,0.42857142857142855,-0.5952086492394009,2,-0.14887287037305547,19,-0.10016519616065786,,,,,-0.14887287037305547,0.0510059072329667,-0.3080254633268916
4h,sl2_tp2,L mfi_rev,1,10494,3459,-0.04342595144173073,-0.0642283368162697,0.4533102052616363,-4.288226571413139,1808,-0.08043533168836879,1651,-0.04648015587819873,0.19559141250904613,0.07522929626838706,-0.1800483710444805,-0.08442628941936883,-0.16228784576774408,-0.08243936118958906,-0.016766078037923755
4h,sl2_tp2,L mfi_rev,3,7452,1061,-0.03480751440402772,-0.05602229977905702,0.472196041470311,-2.4842405133494005,508,-0.09532940934898422,553,-0.019913779595471085,0.0555606511458589,0.21448251085938372,-0.22165325574391478,-0.15857595743005712,-0.09991974875211146,-0.029807587580659323,-0.01087583735294619
4h,sl2_tp2,L mfi_rev,5,5847,585,-0.02229885808722354,-0.04379398439446875,0.4905982905982906,-1.4670074403186262,262,-0.0690103563369633,323,-0.02333983749374564,0.3098062899267164,0.17953094407466516,-0.2969447869945135,-0.17700684774288258,-0.033167096559276736,-0.009461189314434236,-0.039547117917907944
4h,sl2_tp2,L mfi_rev,10,3360,204,-0.003755253014253855,-0.06359927293258662,0.47549019607843135,-1.2335458662671468,73,-0.04564961627277753,131,-0.07360175336133522,,0.24285929979800586,-0.27357291900948366,-0.26621874486997976,0.01162436460174432,-0.016370396799621347,-0.16937667658706046
4h,sl2_tp2,L mfi_rev,15,2157,99,0.06702107421891255,0.02100691742473058,0.5353535353535354,0.28780380775701864,31,0.017506269414940216,68,0.02260280107625265,,0.861451023317489,-0.3562214066742546,0.3451821531844755,-0.11208205289545041,0.09517169092822542,-0.1398132857353054
4h,sl2_tp2,L mfi_rev,20,1248,44,0.10371311832910689,0.028170199863607307,0.5454545454545454,0.24350379229826594,9,-0.08090159711526689,35,0.056217233372460665,,,,,-0.08090159711526689,0.14678332282968207,-0.20541813617062343
4h,sl2_tp2,L mfi_rev,30,561,14,0.3421737737254544,0.3514189376058825,0.7142857142857143,1.8247571818552482,4,-0.03744529941389682,10,0.5069646324137942,,,,,-0.03744529941389682,0.6467405802211589,0.18082075419661
4h,sl2_tp2,L pinbar,1,16433,3585,-0.06857584653370982,-0.040983793980798607,0.4585774058577406,-2.863290941442134,1986,-0.08496445789468952,1599,0.013641345814690667,-0.05014143878595312,0.06086001659981441,-0.14768567687788542,-0.05354388504901433,-0.15742359075690956,-0.06541758044542827,0.08039005864330323
4h,sl2_tp2,L pinbar,3,13583,1371,-0.07911578350729502,-0.06150464310917468,0.45951859956236324,-3.1359489182924634,763,-0.0935271485439351,608,-0.021318505532328936,0.05121273653379583,0.06376846851822857,-0.1765799047816553,-0.07642764490639505,-0.1667645388883555,-0.08544538438866116,0.03992163279670857
4h,sl2_tp2,L pinbar,5,11959,888,-0.08577355837648871,-0.07810057112672666,0.44481981981981983,-3.2955341697491343,502,-0.0880598722684686,386,-0.0651483193828032,-0.0399942212672216,0.08093955815139459,-0.18844535697121328,-0.025464511278410547,-0.15920364898637507,-0.11570478772203324,-0.0048252605689491435
4h,sl2_tp2,L pinbar,10,9075,450,-0.08898858322564111,-0.0805524710105251,0.4311111111111111,-2.433414813605247,239,-0.06528898895246556,211,-0.09784143883932235,-0.029224135545571198,0.13650700167547672,-0.284264018766618,-0.052589873417506865,-0.06096473569110973,-0.1268345238748346,-0.051309327053932374
4h,sl2_tp2,L pinbar,15,6960,269,-0.07926344795860446,-0.05291652356560851,0.43866171003717475,-1.2450876653642482,140,-0.03791315458364946,129,-0.0691992495925408,,0.07664060605531862,-0.40407158787914643,-0.03843006208825645,0.042450606632314945,-0.0985340065593335,-0.021305768830430238
4h,sl2_tp2,L pinbar,20,5064,154,-0.11480518652025562,-0.10788232654069281,0.4155844155844156,-1.8483176651034898,80,-0.06235559988290677,74,-0.15710040941397502,,0.17499374280611146,-0.49671150742511727,-0.23129941426859474,-0.0019451831449742313,-0.19962322143577538,-0.08724150394958867
4h,sl2_tp2,L pinbar,30,2956,67,-0.192625847023785,-0.2571110418758723,0.3283582089552239,-2.978020741857145,28,-0.2727060593568204,39,-0.24591461906903775,,-0.005729951722884596,-0.3924747200224018,-0.8523474756348955,-0.17149852079804084,-0.27277414703245423,-0.18548068115135022
4h,sl2_tp2,L rsi2_extreme,1,34187,6689,-0.05414408502793045,-0.05266451781277488,0.45238451188518464,-5.2192539626252525,4044,-0.07288711555658345,2645,-0.021745733209386664,-0.00663714354847014,-0.005577654367109656,-0.13528874444500266,-0.07660659441324584,-0.09845582617947786,-0.07728196061104228,0.03250378040344137
4h,sl2_tp2,L rsi2_extreme,3,29672,3288,-0.05148048136229511,-0.04102572288368016,0.46867396593673966,-3.2574250739234905,1837,-0.054241138558656116,1451,-0.024294696974010408,0.10011635277787767,0.03015305833038962,-0.14187424060673093,-0.05649997807362956,-0.08976784685822144,-0.0765760040993704,0.024705940678863725
4h,sl2_tp2,L rsi2_extreme,5,25676,2117,-0.05055335818310509,-0.03191621158648798,0.4761454888993859,-2.0764765909199543,1164,-0.038084672740432535,953,-0.024382015591533662,0.10118223167878115,0.05213435823983677,-0.13365559349346184,-0.05064482837760603,-0.0498082881344626,-0.07410892763573428,0.02421004991223914
4h,sl2_tp2,L rsi2_extreme,10,18334,993,-0.057292127400909054,-0.04298595469502571,0.4662638469284995,-1.9164333978179244,486,-0.022719888843724084,507,-0.06241259770041544,0.08404967322846164,0.0911913569751856,-0.053016803938871926,-0.016085870497187054,-0.05688645437066858,-0.07567619379126615,-0.04552084303762797
4h,sl2_tp2,L rsi2_extreme,15,12912,528,-0.0696886269014669,-0.055069987509146275,0.4659090909090909,-1.774245332085213,217,-0.03042852594797459,311,-0.07226354750520497,,0.13934757869394931,-0.1358686255172917,-0.10575130957757947,-0.023244549329067315,-0.09298565515416414,-0.04302770570589824
4h,sl2_tp2,L rsi2_extreme,20,9040,298,-0.07907538191511918,-0.054470771182227505,0.4664429530201342,-1.3122693922289816,111,-0.023417536818144527,187,-0.0729034397085014,,0.1774193188990847,-0.10883604575976406,-0.18311228748251654,0.009254387161759152,-0.04074203518685102,-0.11987601736512228
4h,sl2_tp2,L rsi2_extreme,30,4925,124,-0.16329395395163512,-0.17044533569694967,0.4032258064516129,-2.634996833071537,30,-0.11956399279789325,94,-0.18668406215409536,,,-0.7915500358972457,0.12078777389944846,-0.07371394660186324,-0.1719257959291776,-0.21527820296487338
4h,sl2_tp2,L rsi2_extreme+volhigh,1,13064,2737,-0.09787752665034503,-0.04998432819986,0.46364632809645595,-3.0037243479509677,1427,-0.07029512137618651,1310,-0.02785951761770892,0.007876138268890722,0.048997198666430035,-0.1601212490484556,-0.024440112954817243,-0.14254889405498514,-0.10148626449909749,0.03493670355552632
4h,sl2_tp2,L rsi2_extreme+volhigh,3,10933,1026,-0.10955419726880257,-0.07530955034606229,0.4600389863547758,-3.227529514333277,611,-0.09327017920685345,415,-0.04886631122812642,-0.029116929962597904,-0.03659769139979962,-0.24645740437551217,0.012546276203035398,-0.11987772927595795,-0.04535118359586035,-0.05264507343281247
4h,sl2_tp2,L rsi2_extreme+volhigh,5,9688,656,-0.11314228140149167,-0.07766647262039253,0.4603658536585366,-2.6989882819919693,402,-0.10496623464418889,254,-0.03445976264572271,-0.2695034112473955,0.04315947622995911,-0.27975394261411696,-0.0012006579189629922,-0.094478961969283,-0.030435979164177115,-0.03940125113183136
4h,sl2_tp2,L rsi2_extreme+volhigh,10,7749,363,-0.13252018977803223,-0.10533716168593302,0.45179063360881544,-2.7233965292478035,221,-0.11291605766610043,142,-0.09354183766046116,-0.28613712898941174,-0.09859878694415486,-0.3469504663345423,-0.011834791887348126,-0.04147341201830257,-0.19595409759684254,0.03860301387035352
4h,sl2_tp2,L rsi2_extreme+volhigh,15,6186,230,-0.16124239050621952,-0.15800111336828468,0.4,-3.2831567737867497,134,-0.14763350571772482,96,-0.17247256571385786,-0.08192459269767471,-0.1774074275818389,-0.24638743135911803,-0.03227261181309249,-0.17851402846428815,-0.25637501315786504,-0.06905792118984914
4h,sl2_tp2,L rsi2_extreme+volhigh,20,4689,141,-0.1538141445608302,-0.13075243018481986,0.40425531914893614,-2.2128076255533897,76,-0.09217866650655182,65,-0.175854061562487,,0.008937206654154234,-0.26687135140393176,0.011510531610846307,-0.1179038444153866,-0.2698271109148206,-0.02549718259875333
4h,sl2_tp2,L rsi2_extreme+volhigh,30,3104,74,-0.1734562319249072,-0.1641549455240329,0.40540540540540543,-1.9664934641338208,30,-0.1566493281116789,44,-0.16927241194154705,,,-0.09550989185235174,-0.3110852906083346,-0.13968632334125555,-0.2932473463626573,-0.02050249063621467
4h,sl2_tp2,L rsi_30_70_rev,1,10980,2386,-0.04135086085489196,-0.05104252415318165,0.4606035205364627,-2.868294297698796,1237,-0.07180339921656269,1149,-0.02869160817981145,0.019665691602848017,-0.020517707822727577,-0.0808159379921933,-0.058998747073330186,-0.13787812193219054,-0.0896958660673564,0.023724671655603408
4h,sl2_tp2,L rsi_30_70_rev,3,9145,914,-0.04160878695773649,-0.06790121264971036,0.45842450765864334,-2.7658083891755987,521,-0.08559374027395229,393,-0.044446233280168244,0.05789754985845116,0.085988735308522,-0.15989825191545068,-0.11956633163640346,-0.11650926872155981,-0.05151016877145953,-0.0362567256501547
4h,sl2_tp2,L rsi_30_70_rev,5,7985,574,-0.03916165757362388,-0.07019137631892854,0.45993031358885017,-2.3221384715926674,331,-0.06392478414499753,243,-0.07872735166695799,0.16134096638216502,0.07549336263141179,-0.07481724366978115,-0.17798200259609157,-0.09998761589126845,-0.07065597496832382,-0.08832574557884725
4h,sl2_tp2,L rsi_30_70_rev,10,6026,276,-0.025523806221738506,-0.07188264667119655,0.4746376811594203,-1.6393139127926972,148,-0.07847899266667005,128,-0.06425562161393027,0.7211805953405749,-0.007183623493794015,-0.1246568229221105,-0.19929222007817324,-0.08676363699030663,-0.020832629515292606,-0.12376120337872996
4h,sl2_tp2,L rsi_30_70_rev,15,4763,170,-0.0012317717008820178,-0.045517330778987265,0.48823529411764705,-0.8242047575482783,79,-0.04109161691674209,91,-0.04935943402203528,,-0.1773107428061365,-0.02647518213860329,-0.1276358676794205,0.0006831134705221284,0.004731746817264741,-0.1359053233649153
4h,sl2_tp2,L rsi_30_70_rev,20,3852,115,0.007070429455067103,-0.04832524354486663,0.48695652173913045,-0.7268628789280698,49,-0.008689897746188136,66,-0.07775148512267337,,-0.1288690534959095,-0.08226044393000721,-0.06401541647276889,0.050901329144750505,-0.026114306734702462,-0.17429055776105368
4h,sl2_tp2,L rsi_30_70_rev,30,2268,49,0.04451977319449075,-0.026388389642595305,0.46938775510204084,-0.24891532916108225,12,0.01112405277542016,37,-0.038554587183573304,,,-0.1606829966948764,,0.06839306926551898,0.10040254016339532,-0.36699870636731724
4h,sl2_tp2,L rsi_30_70_rev+volhigh,1,3041,990,0.08641560897584304,-0.01230030593934269,0.4868686868686869,-0.4233765916525067,480,-0.01991190228515382,510,-0.005136450555049868,0.18635277325717875,-0.024137999923733718,0.017991920518479396,-0.04306389936105106,-0.10971482887060224,-0.035446509094295336,0.02159456048140649
4h,sl2_tp2,L rsi_30_70_rev+volhigh,3,2125,224,0.13898892105491134,0.030240036130240202,0.5133928571428571,0.5900191949944309,125,0.0037284379465606656,99,0.0637142762611487,0.4414119698991115,-0.031102869966057604,-0.0413993681820362,-0.16570501416685665,0.019291099649903384,0.10869711272504591,-0.002635407523099695
4h,sl2_tp2,L rsi_30_70_rev+volhigh,5,1786,125,0.16936635989136836,0.07873143052606793,0.544,1.1787774163983822,72,0.13085710807784665,53,0.007919189323651502,0.7132715882000902,0.08473108077876569,0.21602186207831514,-0.22315397963762149,0.14833951377569118,0.010853050450179272,0.0030783184648807303
4h,sl2_tp2,L rsi_30_70_rev+volhigh,10,1378,62,0.2066546844751109,0.13275164729663022,0.5645161290322581,1.4672849209345742,32,0.12671467395476207,30,0.13919108552795628,0.4584455425045432,0.006635185762172568,0.10841497516145347,0.12478887803007654,0.133717479947731,0.23395215329496727,-0.08191807259506931
4h,sl2_tp2,L rsi_30_70_rev+volhigh,15,1008,32,0.18801074320961908,0.028210399813572436,0.53125,0.21100586015197864,16,-0.16641698118559028,16,0.2228377808127352,,-0.8888237168500999,-0.4892841150647718,-0.0225123283342733,0.06645287579562087,0.36449338546623183,-0.2021290331477548
4h,sl2_tp2,L rsi_30_70_rev+volhigh,20,857,23,0.25060449859665135,0.11451950647338588,0.6086956521739131,0.7292987750125566,11,-0.15087532870087972,12,0.35779810538312945,,,-0.4892841150647718,0.2768816516569669,0.05306971803249292,0.399780251296062,
4h,sl2_tp2,L rsi_30_70_rev+volhigh,30,622,13,0.43505535246740207,0.37397294527442254,0.7692307692307693,2.0110913068689134,4,0.2514115042222343,9,0.42844469685317293,,,-0.22679959150834056,,0.7296225999528092,0.42844469685317293,
4h,sl2_tp2,L rsi_divergence,1,4276,1652,-0.06235334341614613,-0.055282346789614155,0.463680387409201,-2.455934181081844,830,-0.09136775602494569,822,-0.01884574135734511,0.08804110790202781,-0.07532717766087343,-0.06505632590326321,-0.12318311832678266,-0.14734779518083138,-0.05568641066832978,0.011909638826378712
4h,sl2_tp2,L rsi_divergence,3,2776,422,-0.0625448821495082,-0.07657768193533822,0.46208530805687204,-1.9338736142726112,217,-0.0347312147551246,205,-0.12087369841390583,0.25465661214881896,-0.06895560268678362,0.017874360679593252,0.10634184743359965,-0.22020558454034994,-0.08368122802967537,-0.16148180383342275
4h,sl2_tp2,L rsi_divergence,5,2079,217,-0.048826440144526154,-0.05222973183486265,0.4700460829493088,-0.9421635090080073,114,0.019409387149531866,103,-0.1315196305166197,0.24651663837817003,0.1340711883395485,-0.04104824669628087,0.2502127301523024,-0.14273393028723333,-0.09571962837022074,-0.179524178849291
4h,sl2_tp2,L rsi_divergence,10,1142,75,-0.045183506838823786,-0.04383358003391664,0.4666666666666667,-0.4588479131111406,32,-0.027833341562761925,43,-0.0557407342450085,,-0.46406670723018634,0.19394303165633592,0.2533070289790469,-0.199141588107036,-0.019860674033336335,-0.14843088979182825
4h,sl2_tp2,L rsi_divergence,15,577,28,-0.09750625022479907,-0.11548883955118686,0.42857142857142855,-0.7178766179933541,14,-0.1343762856073345,14,-0.09660139349503923,,,0.0022339697317864393,-0.34011465616726055,-0.15124682063691344,-0.022359147498876495,-0.3688229621476358
4h,sl2_tp2,L rsi_divergence,20,345,14,-0.013531039716683685,-0.00851777722406991,0.5,-0.03676883287095274,4,-0.006030556210963073,10,-0.009512665629312644,,,,,-0.006030556210963073,0.04315755170234453,-0.22019353495594135
4h,sl2_tp2,L rsi_divergence,30,91,3,-0.2717879475087468,-0.28426240713618783,0.3333333333333333,-0.49822999300427256,0,,3,-0.28426240713618783,,,,,,-0.28426240713618783,
4h,sl2_tp2,L smc_sweep_swing,1,29886,7467,-0.05789190940620358,-0.049458918179923664,0.45413151198607205,-5.137994253525088,4602,-0.06528828867670357,2865,-0.024032473842687647,0.062347244549238616,-0.006911349846916567,-0.1302229101194712,-0.06586376727649879,-0.11103585574245527,-0.08013233180335273,0.03574805252058777
4h,sl2_tp2,L smc_sweep_swing,3,24522,3497,-0.06093204108413873,-0.05046999017211499,0.4672576494137832,-4.156858713289468,1871,-0.06067739961527761,1626,-0.03872456393093587,-0.06135376085171303,0.059284609655027194,-0.14020904387299513,-0.01805445766761912,-0.10140802758675305,-0.07142225518901642,-0.008651952962760221
4h,sl2_tp2,L smc_sweep_swing,5,19358,1979,-0.058808249564542274,-0.034569527868111946,0.48155634158665994,-2.22341726605399,977,-0.026653932082741152,1002,-0.042287628748658115,0.06798943735351579,0.030000267820038236,-0.06532344634784891,0.00732913194716005,-0.06141151110854394,-0.08521639678474574,-0.0021765790778735415
4h,sl2_tp2,L smc_sweep_swing,10,11023,688,-0.08741786664925565,-0.0652072868978071,0.4636627906976744,-2.5254751127692585,281,-0.024000887646392417,407,-0.09365691389939808,0.07822937458338898,0.07534041082203377,-0.2127848456897288,0.05087809563914208,-0.03652693330264262,-0.13536661595235672,-0.043106568476518815
4h,sl2_tp2,L smc_sweep_swing,15,6412,285,-0.1342323439392183,-0.12699785768844693,0.4280701754385965,-3.1771869951715166,97,-0.0023667627743060894,188,-0.19130219921329614,,-0.07423210195063325,-0.28711683436359925,0.018193964400315628,0.05522246691482959,-0.20860236438492377,-0.16580721896037134
4h,sl2_tp2,L smc_sweep_swing,20,4054,144,-0.15283911750383328,-0.1481331043572037,0.4097222222222222,-2.6002606932965158,47,0.04050663016420326,97,-0.2395358623211844,,-0.1531510268193872,-0.5121796058614649,0.1513577310693147,0.07297855350684794,-0.21153169548983242,-0.2869873672298642
4h,sl2_tp2,L smc_sweep_swing,30,1807,47,-0.25171999639689024,-0.2639872698224825,0.3404255319148936,-2.6135396739070464,11,0.03598917621230877,36,-0.35564673944422426,,,,,0.07799104233454211,-0.3234705003706864,-0.4287745555204467
4h,sl2_tp2,L stoch_rev,1,26672,5224,-0.06635498787126987,-0.07793183888544129,0.4431470137825421,-6.682136199366784,2948,-0.12001091207426196,2276,-0.023428715967759705,-0.09502268999117255,-0.015572955088786328,-0.19063366936002152,-0.08846685214568394,-0.1648685220816458,-0.06818591664761157,0.016916329590770086
4h,sl2_tp2,L stoch_rev,3,22820,2266,-0.06250639557197699,-0.05930114672841659,0.4602824360105914,-3.922104428819885,1156,-0.08634842304125015,1110,-0.03113299229811423,-0.033446766371233415,0.0930862075305961,-0.10221864499861871,-0.08624765966678935,-0.17747495485849715,-0.11478270979954085,0.044209047780225476
4h,sl2_tp2,L stoch_rev,5,19955,1426,-0.06418917691303866,-0.0656449325858877,0.45652173913043476,-3.4938249506443153,705,-0.08343846060114594,721,-0.04824626788303465,-0.08955301499835397,0.028065798614706778,-0.10958049782990427,-0.043378631580323276,-0.13520698619989022,-0.11516535319479727,0.018487446001271567
4h,sl2_tp2,L stoch_rev,10,15398,730,-0.06529166178751851,-0.07535526948716734,0.4547945205479452,-2.8878913645958764,335,-0.0770806594836706,395,-0.07389196404709494,-0.1198877872406381,-0.08048365207315838,-0.08377500569035073,0.05895198438971192,-0.12509433158324498,-0.09920567199519481,-0.03860618933156181
4h,sl2_tp2,L stoch_rev,15,11947,437,-0.0683188320407214,-0.08576368046212596,0.459954233409611,-2.515584179477531,179,-0.07667415596607446,258,-0.09206997846520043,0.3348834358978725,-0.040207054894373144,-0.20398406399824667,0.013899867555629136,-0.04938692271260522,-0.09841962792393238,-0.08266761292053965
4h,sl2_tp2,L stoch_rev,20,9474,289,-0.061459416068519936,-0.07986058229539171,0.4671280276816609,-1.8913907987157639,105,-0.030559294163016053,184,-0.10799446954484519,,-0.293574028565033,-0.19728148200354814,0.24256000382069262,0.035074378697206594,-0.11109033573543341,-0.10369242172156032
4h,sl2_tp2,L stoch_rev,30,5664,129,-0.04218911761948331,-0.07258458600114397,0.46511627906976744,-1.1428085580177123,32,-0.22098784470224514,97,-0.023626809934801308,,,-0.13201670648412775,0.2724558357823723,-0.2896378172791892,0.028506204547798022,-0.1119633066969835
4h,sl2_tp2,L sweep_pdh_pdl,1,34979,7482,-0.03595394589196887,-0.04198293285433495,0.4615076182838813,-4.420918009790544,4575,-0.05382425423056117,2907,-0.02334721035821007,0.05632521535740168,0.0028403725087487374,-0.1253669052416636,-0.04786776174128012,-0.09025108682469989,-0.07312388740820189,0.028706373101528057
4h,sl2_tp2,L sweep_pdh_pdl,3,29824,3670,-0.03115441000912719,-0.02236170761351909,0.4869209809264305,-1.9201440895568873,1983,-0.021539857386868737,1687,-0.02332775918402748,0.05458234052939157,0.08180955604939195,-0.06864414926442,0.005759157217019835,-0.08214329320181513,-0.06467492039543378,0.01369885596820941
4h,sl2_tp2,L sweep_pdh_pdl,5,24933,2236,-0.03202997659086977,-0.01847891414047669,0.4950805008944544,-1.2753136749766125,1142,-0.0011936477929162784,1094,-0.03652258339908179,0.05851339404830341,0.10704325738909529,-0.028139427430363143,0.05849483630816098,-0.07804222869911406,-0.06385052683921624,-0.011122537203401294
4h,sl2_tp2,L sweep_pdh_pdl,10,16136,882,-0.03766717460926577,-0.014977433001526801,0.4943310657596372,-0.6622044413420051,410,0.05148571302014687,472,-0.07271025052035351,0.2583287470686188,0.03325083065823656,0.06541319333692898,0.10250627100323872,0.013429235432185948,-0.1142089072311847,-0.021815671535371856
4h,sl2_tp2,L sweep_pdh_pdl,15,11207,460,-0.052956842103812435,-0.03127671522330792,0.48478260869565215,-1.009224357182189,198,-0.00020276744527437,262,-0.05476008033800503,0.2766094792642147,-0.16906284330113144,-0.06230867762693416,0.06467247037687694,0.01661074879140181,-0.07174193342220633,-0.029368166678770655
4h,sl2_tp2,L sweep_pdh_pdl,20,7839,260,-0.09561508421843201,-0.0973939177658549,0.45384615384615384,-2.318584823981309,98,-0.06433165290534802,162,-0.11739454712591463,,-0.40131636149608,-0.10036814791977962,0.026334222561500375,-0.031672016062880344,-0.14065672046728728,-0.0817743441969378
4h,sl2_tp2,L sweep_pdh_pdl,30,3875,91,-0.10380540622914658,-0.10832508328464971,0.4725274725274725,-1.5581260653495907,27,0.00015501374534978307,64,-0.1540901242191807,,-0.5657359544102268,-0.17008314640650776,,0.11057340092931418,-0.17557879417671546,-0.10681505031260433
4h,sl2_tp2,L vol_climax,1,1345,384,0.030940940723200836,0.01539518193637506,0.5130208333333334,0.3267500321076388,149,-0.08247098436788046,235,0.07744649589098815,-0.25399813107087177,0.05117130727254034,-0.09184504826285167,-0.010823150774834756,-0.13298968326071753,0.1641239030862182,0.030116069593592774
4h,sl2_tp2,L vol_climax,3,982,52,0.03510015942202667,0.05062462625310302,0.5576923076923077,0.48954321888648955,36,0.005270967772907218,16,0.15267035783354355,0.6647063433493936,0.11361290350312991,-0.359487624511255,-0.2851744823799697,0.1294656226939084,0.24917781447475093,0.028589342151991177
4h,sl2_tp2,L vol_climax,5,936,39,0.03271676172878178,0.02568070189406755,0.5641025641025641,0.21865908315777485,26,0.03840044095178459,13,0.00024122377863350792,,0.33748731181862296,-0.8458941246539999,-0.11792021185464385,0.19827231306224835,0.11039948646616508,-0.12827674935681999
4h,sl2_tp2,L vol_climax,10,851,25,0.05091163832520039,0.10643493107272325,0.6,0.7871654768530627,17,0.14672283474137962,8,0.020823135776828552,,0.5337892659163587,,0.014557258575961685,0.10069710517482595,0.14378197111486618,-0.10213569956120906
4h,sl2_tp2,L vol_climax,15,767,18,-0.0006033987098193686,-0.037164584561337276,0.5555555555555556,-0.2447395659404834,12,-0.023139856253648994,6,-0.06521404117671382,,,,-0.04809409499817123,-0.02159964741325054,0.14378197111486618,-0.48320606575987385
4h,sl2_tp2,L vol_climax,20,767,18,-0.0006033987098193686,-0.037164584561337276,0.5555555555555556,-0.2447395659404834,12,-0.023139856253648994,6,-0.06521404117671382,,,,-0.04809409499817123,-0.02159964741325054,0.14378197111486618,-0.48320606575987385
4h,sl2_tp2,L vol_climax,30,582,11,0.029981184715976834,0.009813719064727116,0.5454545454545454,0.05429350602762444,6,-0.02327217885580017,5,0.04951679656935985,,,,,-0.041105741995290365,0.4046653714555157,-0.48320606575987385
4h,sl2_tp2,L vol_climax+volhigh,1,1345,384,0.030940940723200836,0.01539518193637506,0.5130208333333334,0.3267500321076388,149,-0.08247098436788046,235,0.07744649589098815,-0.25399813107087177,0.05117130727254034,-0.09184504826285167,-0.010823150774834756,-0.13298968326071753,0.1641239030862182,0.030116069593592774
4h,sl2_tp2,L vol_climax+volhigh,3,982,52,0.03510015942202667,0.05062462625310302,0.5576923076923077,0.48954321888648955,36,0.005270967772907218,16,0.15267035783354355,0.6647063433493936,0.11361290350312991,-0.359487624511255,-0.2851744823799697,0.1294656226939084,0.24917781447475093,0.028589342151991177
4h,sl2_tp2,L vol_climax+volhigh,5,936,39,0.03271676172878178,0.02568070189406755,0.5641025641025641,0.21865908315777485,26,0.03840044095178459,13,0.00024122377863350792,,0.33748731181862296,-0.8458941246539999,-0.11792021185464385,0.19827231306224835,0.11039948646616508,-0.12827674935681999
4h,sl2_tp2,L vol_climax+volhigh,10,851,25,0.05091163832520039,0.10643493107272325,0.6,0.7871654768530627,17,0.14672283474137962,8,0.020823135776828552,,0.5337892659163587,,0.014557258575961685,0.10069710517482595,0.14378197111486618,-0.10213569956120906
4h,sl2_tp2,L vol_climax+volhigh,15,767,18,-0.0006033987098193686,-0.037164584561337276,0.5555555555555556,-0.2447395659404834,12,-0.023139856253648994,6,-0.06521404117671382,,,,-0.04809409499817123,-0.02159964741325054,0.14378197111486618,-0.48320606575987385
4h,sl2_tp2,L vol_climax+volhigh,20,767,18,-0.0006033987098193686,-0.037164584561337276,0.5555555555555556,-0.2447395659404834,12,-0.023139856253648994,6,-0.06521404117671382,,,,-0.04809409499817123,-0.02159964741325054,0.14378197111486618,-0.48320606575987385
4h,sl2_tp2,L vol_climax+volhigh,30,582,11,0.029981184715976834,0.009813719064727116,0.5454545454545454,0.05429350602762444,6,-0.02327217885580017,5,0.04951679656935985,,,,,-0.041105741995290365,0.4046653714555157,-0.48320606575987385
4h,sl2_tp2,L vol_spike_reversal,1,2581,933,0.03353350634023,0.010004236552649948,0.49732047159699894,0.3253974372651992,391,-0.06913726462071206,542,0.06709709072014908,0.16219291018379625,-0.014517679219802364,-0.23546261937345056,-0.09947281614300359,-0.04438338064960015,-0.02654119318685861,0.13107355798580653
4h,sl2_tp2,L vol_spike_reversal,3,1679,133,0.03966517969555674,-0.05919571362019694,0.46616541353383456,-0.8926646871865449,85,-0.11107710871884229,48,0.032677590200320815,0.03173018962070092,0.016579767366734718,-0.011477546521509853,-0.28909358067761237,-0.12287375442343589,0.06219231611184948,0.005524042361714423
4h,sl2_tp2,L vol_spike_reversal,5,1500,79,0.06201343011245165,-0.0038700220737221814,0.4936708860759494,-0.04598770151223187,57,-0.039680194486166956,22,0.08891087917670296,0.2679144370940884,0.036453010118494285,-0.29563876974559267,-0.206143784557396,0.058140439834525326,0.1719590589950144,-0.03104760278308036
4h,sl2_tp2,L vol_spike_reversal,10,1285,45,0.06838869006894609,-0.017461495227186874,0.4666666666666667,-0.16726307318339922,30,0.003929640715253944,15,-0.06024376711206853,0.08797186648801221,0.05098260155896428,-0.8311548066354608,-0.027463582924371108,0.13337141402133945,0.046518637729278944,-0.18225794407360846
4h,sl2_tp2,L vol_spike_reversal,15,1114,30,0.10375767058980374,0.06505875212550086,0.5333333333333333,0.5080533998010497,21,0.07502573000115377,9,0.04180247041564408,,0.1796866665023901,,-0.14643517683191656,0.19030832110416296,0.43834410446659655,-0.2754308368251179
4h,sl2_tp2,L vol_spike_reversal,20,995,23,0.11209076627505826,0.08228340937480759,0.5652173913043478,0.579012973889533,15,0.04794109249417337,8,0.14667525352599675,,0.28414780859048194,,-0.2886313255581989,0.26894410336869,0.43834410446659655,-0.14499359741460305
4h,sl2_tp2,L vol_spike_reversal,30,805,15,0.14665780567651818,0.14308790041405264,0.6,0.9632315485877939,9,0.3056421728599961,6,-0.1007435082548626,,,,-0.021318255243845487,0.4478756212572992,-0.012243329935381742,-0.14499359741460305
4h,sl2_tp2,L vol_spike_reversal+volhigh,1,2581,933,0.03353350634023,0.010004236552649948,0.49732047159699894,0.3253974372651992,391,-0.06913726462071206,542,0.06709709072014908,0.16219291018379625,-0.014517679219802364,-0.23546261937345056,-0.09947281614300359,-0.04438338064960015,-0.02654119318685861,0.13107355798580653
4h,sl2_tp2,L vol_spike_reversal+volhigh,3,1679,133,0.03966517969555674,-0.05919571362019694,0.46616541353383456,-0.8926646871865449,85,-0.11107710871884229,48,0.032677590200320815,0.03173018962070092,0.016579767366734718,-0.011477546521509853,-0.28909358067761237,-0.12287375442343589,0.06219231611184948,0.005524042361714423
4h,sl2_tp2,L vol_spike_reversal+volhigh,5,1500,79,0.06201343011245165,-0.0038700220737221814,0.4936708860759494,-0.04598770151223187,57,-0.039680194486166956,22,0.08891087917670296,0.2679144370940884,0.036453010118494285,-0.29563876974559267,-0.206143784557396,0.058140439834525326,0.1719590589950144,-0.03104760278308036
4h,sl2_tp2,L vol_spike_reversal+volhigh,10,1285,45,0.06838869006894609,-0.017461495227186874,0.4666666666666667,-0.16726307318339922,30,0.003929640715253944,15,-0.06024376711206853,0.08797186648801221,0.05098260155896428,-0.8311548066354608,-0.027463582924371108,0.13337141402133945,0.046518637729278944,-0.18225794407360846
4h,sl2_tp2,L vol_spike_reversal+volhigh,15,1114,30,0.10375767058980374,0.06505875212550086,0.5333333333333333,0.5080533998010497,21,0.07502573000115377,9,0.04180247041564408,,0.1796866665023901,,-0.14643517683191656,0.19030832110416296,0.43834410446659655,-0.2754308368251179
4h,sl2_tp2,L vol_spike_reversal+volhigh,20,995,23,0.11209076627505826,0.08228340937480759,0.5652173913043478,0.579012973889533,15,0.04794109249417337,8,0.14667525352599675,,0.28414780859048194,,-0.2886313255581989,0.26894410336869,0.43834410446659655,-0.14499359741460305
4h,sl2_tp2,L vol_spike_reversal+volhigh,30,805,15,0.14665780567651818,0.14308790041405264,0.6,0.9632315485877939,9,0.3056421728599961,6,-0.1007435082548626,,,,-0.021318255243845487,0.4478756212572992,-0.012243329935381742,-0.14499359741460305
4h,sl2_tp2,L vwap_2sd_revert,1,52645,7429,-0.05390853574428406,-0.04732396285987512,0.4547045362767533,-5.161435239259271,4703,-0.06621492985216484,2726,-0.01473254034896589,0.0057392264897066754,-0.011086596467626537,-0.15620214075344097,-0.04156560553532966,-0.09548635153203305,-0.06140973892911587,0.03587011071116612
4h,sl2_tp2,L vwap_2sd_revert,3,48366,4256,-0.055135226744136186,-0.05465906514874068,0.45864661654135336,-5.241849498732704,2565,-0.06507465778726483,1691,-0.03886013249479954,-0.04145016878402109,-0.0216739020891712,-0.0996706850237227,-0.04340808370111346,-0.09355039226510502,-0.08742006347356243,0.010686081430963322
4h,sl2_tp2,L vwap_2sd_revert,5,43914,2955,-0.0552530818131588,-0.0533265354064425,0.46294416243654823,-4.405621863338471,1684,-0.05341876816946062,1271,-0.053204332437974754,-0.002001668355051964,0.004898532910872825,-0.0847182505807148,-0.022692174702969754,-0.10315709029455424,-0.09032560268149169,-0.013980724882931776
4h,sl2_tp2,L vwap_2sd_revert,10,35050,1611,-0.05314349318113314,-0.04676662022520798,0.46989447548106766,-2.890717212209555,839,-0.046435119167767984,772,-0.04712689145214081,0.1150022230938085,0.06212110092213384,-0.07328013196939548,-0.0350545545069662,-0.11413653375650919,-0.06461624078729292,-0.02861150028932644
4h,sl2_tp2,L vwap_2sd_revert,15,27958,1008,-0.05464055980794871,-0.042973718126454764,0.4791666666666667,-2.1206580701511255,467,-0.03344365545122935,541,-0.05120022324536469,0.17405803343968576,0.061932340084201176,-0.02171565327322958,-0.04572363927914254,-0.07908091120828206,-0.06320626908239965,-0.039060280986355375
4h,sl2_tp2,L vwap_2sd_revert,20,21569,627,-0.07243870093536439,-0.07151367233254148,0.4513556618819777,-2.788398909458748,256,-0.06219299518281937,371,-0.07794519079703979,0.5303738522630058,-0.053518404848640025,0.03140928975366233,-0.0807933538755135,-0.09923473570888929,-0.08044056798956135,-0.07505809741732006
4h,sl2_tp2,L vwap_2sd_revert,30,13812,303,-0.08450205644422285,-0.08746347410164858,0.44554455445544555,-2.349214305097667,89,-0.07698132878964048,214,-0.0918228709837454,,0.02311184494579685,-0.06697738334510211,-0.019879759451680357,-0.11611306618561426,-0.132152013283505,-0.043178441611870365
4h,sl2_tp2,L vwap_2sd_revert+volhigh,1,15700,4060,-0.03768525842209353,-0.02268251109350549,0.47044334975369456,-1.6678920585896233,2325,-0.041217425135596474,1735,0.0021553420176538903,0.04224766982038787,0.04319876235247265,-0.12659334307107006,-0.044135829521947646,-0.07005582106561849,-0.046104807790744454,0.04872119438091026
4h,sl2_tp2,L vwap_2sd_revert+volhigh,3,12240,1370,-0.045526921986254514,-0.043430891954842114,0.4686131386861314,-2.2332581578000483,668,-0.039194350344596306,702,-0.047462244940090256,0.0022810481802083967,0.08423496725711756,-0.12548380588246835,-0.012168330688986482,-0.08619554783235274,-0.13779890850850338,0.029086191031038745
4h,sl2_tp2,L vwap_2sd_revert+volhigh,5,10248,775,-0.04758936133945757,-0.0508723889433679,0.46580645161290324,-1.980311574584497,381,-0.09685925931545655,394,-0.0064028518576679455,-0.18992901095909642,-0.06566047605572295,-0.12995606196686932,-0.0687310263170659,-0.09175640521366006,-0.07815133964110184,0.07221517199013729
4h,sl2_tp2,L vwap_2sd_revert+volhigh,10,7589,357,-0.04918872293143619,-0.06738166049677437,0.4649859943977591,-1.7688795214644752,179,-0.10777593715527377,178,-0.02676044969974408,-0.20051088652899493,-0.18212122297810637,-0.1474202234558951,-0.07434738009890553,-0.05863137781829325,-0.056489198437389275,0.01700687483067805
4h,sl2_tp2,L vwap_2sd_revert+volhigh,15,5884,212,-0.054113805306597124,-0.0975506951290125,0.44339622641509435,-1.9742165496786157,102,-0.14780127705301196,110,-0.050954700981303926,-0.12831468746664507,-0.34177386496969275,-0.10444125658428673,-0.16141810543308396,-0.07376209577353249,-0.1249266216196301,0.09498989919701524
4h,sl2_tp2,L vwap_2sd_revert+volhigh,20,4370,122,-0.01552927706636817,-0.047798123850013446,0.5,-0.7330954910360479,56,-0.07496536924272816,66,-0.024747127759225187,,-0.13355916982800842,0.04224863848585597,-0.17511358592684922,-0.08204087389804542,-0.11399392907167437,0.16649601791030882
4h,sl2_tp2,L vwap_2sd_revert+volhigh,30,2998,65,0.005718468846522701,-0.02807146074874919,0.49230769230769234,-0.3171381940031232,24,0.16829095469641786,41,-0.1430153136922616,,,0.047199300393911826,0.1116534933307575,0.22375816249476263,-0.20402034477492087,0.004413511424165105
4h,sl2_tp2,L willr_rev,1,33882,6167,-0.06482572500486931,-0.08126750486712325,0.4417058537376358,-7.717077872475511,3641,-0.115349649284974,2526,-0.032141183479397734,-0.058042951863485945,-0.07983636255719415,-0.17072689815414713,-0.07634444892544508,-0.1526837548108872,-0.0994787931344004,0.03197004920604535
4h,sl2_tp2,L willr_rev,3,29542,2875,-0.06370887321701053,-0.06862401064828007,0.45843478260869563,-5.2118200604416565,1557,-0.09268463094948247,1318,-0.04020034918472001,-0.07359103286043459,-0.009258528069268916,-0.16336171104884809,-0.007735133910926792,-0.1594626266085228,-0.08856084707008155,0.0014661814792214344
4h,sl2_tp2,L willr_rev,5,26096,1864,-0.062227321519900645,-0.06602874105676444,0.46030042918454933,-4.115701466806768,981,-0.08178315063316896,883,-0.048525823962253876,-0.0008857818675995488,0.06679281853330468,-0.15792630066877938,-0.06249726230027033,-0.13512621294960805,-0.10449321359209794,0.004359660952290396
4h,sl2_tp2,L willr_rev,10,20009,939,-0.0636857978211013,-0.06710179847290056,0.46645367412140576,-2.9932110419691176,462,-0.06911958465195245,477,-0.0651474646894163,0.04302613123643254,0.0394119198936989,-0.17277542477378127,-0.02667165316102801,-0.08590334942291139,-0.11917297132647364,-0.004638897255912092
4h,sl2_tp2,L willr_rev,15,15677,569,-0.06340829305719316,-0.06611177171458132,0.46572934973637964,-2.2828374807434098,254,-0.018152695383791446,315,-0.10478353485115474,0.44800727027332304,0.12232223459262692,-0.123868743862932,-0.028477124839468067,-0.028740139581363455,-0.12197187259622363,-0.08357239465511229
4h,sl2_tp2,L willr_rev,20,12145,360,-0.06923031024800005,-0.07798073737840805,0.45555555555555555,-2.1168916220030796,146,-0.050276393838872786,214,-0.0968818315689321,,0.09594005030757007,-0.14638316863721496,0.04151323565162193,-0.08358387121381387,-0.12189636011516122,-0.061749066756812576
4h,sl2_tp2,L willr_rev,30,7477,163,-0.06908147752187896,-0.09632193593709695,0.4723926380368098,-1.7932866229600486,53,-0.1032020653367733,110,-0.09300696449907112,,-0.24779268185888398,-0.05364848733463323,0.44888682201724833,-0.14075679368627428,-0.03870987784372548,-0.17760940184577242
4h,sl2_tp2,L zscore_revert,1,13287,3022,-0.05595120101719709,-0.06510831970091664,0.45069490403706153,-4.156272840486725,1665,-0.08438041262844317,1357,-0.041462015556235986,-0.008248753259056147,-0.03493539344112227,-0.18121930947377546,-0.018526262015364378,-0.13066681947137343,-0.08431783083059179,-0.005941360039081256
4h,sl2_tp2,L zscore_revert,3,11056,1263,-0.05321563475241056,-0.06645020648064838,0.4576405384006334,-3.1557101530744296,733,-0.06649707438120336,530,-0.0663853872898808,0.1340206181113247,-0.043287850310545266,-0.1292808711247885,-0.05885591711307029,-0.10267359257029277,-0.0693593871596944,-0.06341138742006724
4h,sl2_tp2,L zscore_revert,5,9394,776,-0.04794735787047539,-0.05336691276083508,0.46649484536082475,-2.0602592737021723,429,-0.051347615519280666,347,-0.05586339263584039,0.17204874550570745,0.008775684170567765,-0.06729254314237428,-0.10961103370664418,-0.0934511600421428,-0.017656136781928282,-0.0970448660113145
4h,sl2_tp2,L zscore_revert,10,6615,351,-0.04434743035669017,-0.04420870573433614,0.46438746438746437,-1.1496052965976875,175,-0.03805898801890135,176,-0.050323481871842345,0.4062738821773709,-0.041049445700034104,-0.05329214529916663,0.01986723705906007,-0.06867465864968081,-0.008382242706498762,-0.11090527177733862
4h,sl2_tp2,L zscore_revert,15,4568,177,-0.035585498619865576,-0.04479226742656393,0.480225988700565,-0.8168633924382238,79,-0.021932673788619905,98,-0.06321989903266166,,-0.19021019732670266,-0.10621742759911586,0.21955025004511092,0.0007420877147981675,-0.018182448947799513,-0.1442873091854135
4h,sl2_tp2,L zscore_revert,20,3431,109,-0.012898378443778722,-0.012458929358274152,0.5045871559633027,-0.18505884740131698,40,0.07531336451640319,69,-0.0633414185609857,,,-0.040348558499737876,0.11212949876439193,0.09709340711816124,-0.03599022317579145,-0.10588772249351003
4h,sl2_tp2,L zscore_revert,30,2074,53,0.031595154435081235,0.039300106832643386,0.5471698113207547,0.4175423277989841,12,0.05819004349522099,41,0.033771344882620645,,,,,0.11799608197762088,0.11076600725481361,-0.09968606989584723
4h,sl2_tp2,S bb_breakout,1,18163,3496,0.026110614481702814,0.020807154810439335,0.4988558352402746,1.4329883873351428,1927,0.056778575710408,1569,-0.023371894312721665,0.10530579019038376,-0.047745120998416817,0.1577530045918749,0.022523968300103978,0.05421306313017269,0.06642364092811553,-0.10352713686787188
4h,sl2_tp2,S bb_breakout,3,15605,1504,0.02719498205606003,0.01906204232756458,0.504654255319149,0.9933167808796367,878,0.03502682677913857,626,-0.0033294604655376005,0.022399549019665718,-0.09055789971910586,0.17844719003619328,-0.06606049165544717,0.0838639388119735,0.09759201881713814,-0.10489787230771765
4h,sl2_tp2,S bb_breakout,5,13869,997,0.029154690952025043,0.021752372866170735,0.5155466399197592,0.9364856039029019,580,0.014334670667737016,417,0.03206956057622246,-0.06831409946801512,-0.05947868541549279,0.1401540205135648,-0.14030880328905174,0.09606315065363166,0.1059215182396846,-0.055315478334470945
4h,sl2_tp2,S bb_breakout,10,10514,497,0.03637405893867326,0.027466529089350995,0.5331991951710262,0.832276140614548,270,-0.012920727881756083,227,0.07550423561886163,-0.29812889630579265,-0.021408781822221654,0.09405026155981457,-0.09651059297154715,0.008240984228539042,0.1101223091064379,0.03153928228963974
4h,sl2_tp2,S bb_breakout,15,8379,313,0.057865138926351624,0.0708493425004686,0.549520766773163,1.7018636612229066,157,0.04780821751199691,156,0.09403816700809718,,0.10519388302664864,0.11668468181632442,-0.028012871937666512,0.03126159878538024,0.11557460931175854,0.06688352236435022
4h,sl2_tp2,S bb_breakout,20,6517,202,0.052571140458581724,0.07113949372710593,0.5495049504950495,1.3753672472114482,93,0.05689847581982386,109,0.08329008698744754,,0.36854577319202947,0.008629121429674407,-0.006376916353005072,0.05083535148135913,0.12065075444941965,0.034005802250377894
4h,sl2_tp2,S bb_breakout,30,3875,92,0.0029121892934585772,0.020878871605751588,0.5217391304347826,0.2702428560485239,28,-0.08375006963027776,64,0.06665403339651443,,,,0.32600934778900104,-0.1152700248163761,0.05766642665496794,0.08163337796575859
4h,sl2_tp2,S bb_revert,1,23760,6790,-0.03342454122989433,-0.017015294240251406,0.47128129602356406,-1.6737896075291006,4275,-0.005627026086495043,2515,-0.03637308603242176,-0.07443532894532881,-0.029441496366435824,0.10359044584176869,0.00780759341472712,-0.02812404988879811,-0.0018639635263526173,-0.06711993578406984
4h,sl2_tp2,S bb_revert,3,18126,2550,-0.039921177527472,-0.03632204797097315,0.47058823529411764,-2.7415158994939492,1362,-0.03631982540801827,1188,-0.03632459606082548,-0.08895901910593128,0.00551320878740659,0.09422554725092873,-0.06290327591450767,-0.08795012609164907,0.0319680929970859,-0.0829493497802494
4h,sl2_tp2,S bb_revert,5,14013,1330,-0.03844403641739944,-0.03242582603829931,0.47368421052631576,-1.855567611119125,669,-0.05577227890351921,661,-0.008796813985603235,-0.18746508321165414,-0.08449495135557412,0.16173787266761047,-0.055467504768024097,-0.10446564585192501,0.06435267974687735,-0.06597566353390341
4h,sl2_tp2,S bb_revert,10,8506,461,-0.045693781569738585,-0.04501160958935743,0.4685466377440347,-1.4497470641058927,203,-0.09105241116871358,258,-0.008785707571491936,-0.16662898816238003,-0.11106001841381796,0.060402236151069,-0.1774659306106719,-0.07021097319662274,0.06641225073179848,-0.08635210550638207
4h,sl2_tp2,S bb_revert,15,5781,226,-0.059611315849079395,-0.07934841926005984,0.4557522123893805,-1.756402292869001,80,-0.20103427442868266,146,-0.012671238345745937,,-0.22712518980417487,-0.4121825899342924,-0.2813229607288221,-0.11115599076773579,0.07575495439565212,-0.11693495814530486
4h,sl2_tp2,S bb_revert,20,4328,138,-0.013838136091359482,-0.0071674991563885964,0.5144927536231884,-0.12278179990048031,44,-0.11839957121090922,94,0.044898577124450854,,,-0.3988309811523384,-0.15701644391452582,-0.07076705430572616,0.08998343781781534,-0.018682636673883684
4h,sl2_tp2,S bb_revert,30,2568,63,-0.1004848731739622,-0.14405704253698604,0.42857142857142855,-1.6222273843549766,16,-0.4189466527737523,47,-0.05047760075425708,,,,-0.621512900381592,-0.3722005956334816,0.056597166042643025,-0.20827199392863616
4h,sl2_tp2,S break_pdh_pdl,1,29900,5680,0.0016892971197317397,0.01156320351438068,0.4964788732394366,1.0502937391159852,3299,0.04163209283751932,2381,-0.030098814913605207,0.04606785693847048,-0.020229672518014823,0.12181374309599538,0.0017603563240306788,0.049838410992707506,0.03230818126051421,-0.08869430887839322
4h,sl2_tp2,S break_pdh_pdl,3,25972,2716,-0.001345953052144626,-0.006431493281685567,0.501840942562592,-0.4675989363539273,1488,0.0023596001906038663,1228,-0.017083893189476028,-0.1163130503163929,-0.08951648812457023,0.08170100229020605,-0.03033978287192484,0.05393829928996121,0.04178999762197214,-0.07296736415018396
4h,sl2_tp2,S break_pdh_pdl,5,22758,1767,0.0018406970397175694,0.002810259483840995,0.5104697226938314,0.16735908153428142,969,-0.012086525001186406,798,0.02089921207280284,-0.12452950722655143,-0.10822967673418252,0.03502917440678697,-0.05705771980661647,0.05767998247021987,0.07434257051637752,-0.0361439580794064
4h,sl2_tp2,S break_pdh_pdl,10,16709,849,-0.0008450940184513721,-0.00741669437749014,0.508833922261484,-0.30513235417917667,433,-0.04371441152809381,416,0.030364342945133384,-0.3208777102374026,-0.1739381144249256,-0.028961999227184124,-0.07705670669257275,0.04280002714033454,0.0857405862923498,-0.04224006499899476
4h,sl2_tp2,S break_pdh_pdl,15,12539,487,0.012761198388184552,0.01546484258603704,0.5277207392197125,0.48785767723409357,225,-0.04526387131747517,262,0.0676173640680609,-0.17375928195313173,-0.12062173098435773,0.06767686743441054,-0.1140633789042324,-0.03539520990566489,0.0899197407389919,0.03427000085533546
4h,sl2_tp2,S break_pdh_pdl,20,9105,284,0.0121298799419171,0.015353551923904514,0.5528169014084507,0.36654455594714463,110,-0.0483524461936572,174,0.05562745877983435,,-0.024696733613107025,-0.2759662504155878,-0.07318180273012423,0.015098777292124747,0.059051562073715674,0.05110764243191099
4h,sl2_tp2,S break_pdh_pdl,30,5527,131,-0.0035365588007360677,-0.0027211804753574597,0.5419847328244275,-0.04204471548894552,31,-0.20431148602265548,100,0.05977181424430489,,,-0.6255998165163686,-0.4307583984517033,-0.08678723482349453,0.02311092550061842,0.1125277273144879
4h,sl2_tp2,S donchian_20,1,18933,3745,0.02069367015621131,0.01696398677267593,0.503871829105474,1.2093187925275026,1925,0.04679764724727119,1820,-0.014590846421607524,0.14107923834451694,-0.032294723496455145,0.18338354080107963,-0.09020517556058387,0.05619381333784397,0.06711870257569728,-0.08447291737852772
4h,sl2_tp2,S donchian_20,3,16185,1583,0.019534142376021826,0.020039808117968592,0.5161086544535691,1.0744937843762252,854,0.03484992143843823,729,0.0026902377809575463,0.028796274273891035,-0.1024161886431098,0.1697345724692698,-0.10121069709051718,0.10456563184498426,0.08758159205199355,-0.08337364900763423
4h,sl2_tp2,S donchian_20,5,14360,1046,0.016023051967260983,0.005535415798938532,0.5124282982791587,0.2413270024996853,573,0.011797910203213328,473,-0.002051073193977892,-0.02349389211135587,-0.1025913122121942,0.12320459404224629,-0.12229462634156418,0.07236340939049297,0.05712555142309753,-0.07680049376291523
4h,sl2_tp2,S donchian_20,10,11091,550,0.01492056905455425,-0.0031673969099303132,0.5145454545454545,-0.0997564258873815,286,0.02344080611956729,264,-0.03199295019188605,-0.15551716431031237,-0.03929078705963823,0.07686043322287213,-0.10328003325223818,0.09484558616519412,0.014072482166249756,-0.09167772776894897
4h,sl2_tp2,S donchian_20,15,8342,315,0.02442154681204492,0.0013698083118687825,0.5015873015873016,0.03263449791541514,144,0.03278113224429698,171,-0.025081832894386546,,-0.027131578066657246,0.09820060723762855,-0.047811910199782905,0.06504101478004051,-0.0062134611609520685,-0.05509969701575958
4h,sl2_tp2,S donchian_20,20,6263,191,0.0626987898681527,0.06326924279622603,0.5392670157068062,1.206884544875679,72,0.11864772758918773,119,0.02976293266939206,,0.29406064374714763,-0.004987443980257332,0.09972657447026999,0.15100114961431876,-0.004773105884563981,0.079100130603615
4h,sl2_tp2,S donchian_20,30,3928,96,0.07018983943256782,0.08580883428186907,0.5729166666666666,1.1449097542522964,25,0.19463026753065651,71,0.04749142820835237,,,-0.17551125466252793,0.43437144253914134,0.19568324349870228,0.06395422585533424,0.017199880537905762
4h,sl2_tp2,S keltner_breakout,1,17550,3679,0.026320197500922637,0.012264838461297023,0.49252514270182113,0.8680248108099896,1980,0.0342357104823303,1699,-0.01333982698993658,0.04397580801550933,-0.019674288520080307,0.15391597285763275,-0.08410146075031882,0.06088984987756307,0.054302143690927125,-0.07453609418663723
4h,sl2_tp2,S keltner_breakout,3,14849,1576,0.029676978214639504,0.016979445302476862,0.5057106598984772,0.906461848790336,867,0.01965824892253395,709,0.013703672751574913,-0.07598408383864631,-0.15324982149183097,0.1901359358552651,-0.07343598016445634,0.07086537870365987,0.07508380176080807,-0.052536466472465564
4h,sl2_tp2,S keltner_breakout,5,12900,999,0.03036349813728906,0.014299420343170638,0.5115115115115115,0.6093820904972732,539,0.01124491630773771,460,0.017878502245558366,-0.17746351119326406,-0.08588601249484827,0.11633203692672185,-0.13283530879484753,0.1095222563619847,0.05115298008828395,-0.022790304006661787
4h,sl2_tp2,S keltner_breakout,10,9550,484,0.03980799418545262,0.01868976845938344,0.5165289256198347,0.5566427906502883,248,0.0171282191848133,236,0.02033071854452494,-0.15450052279743753,-0.04166837819063776,0.06344055001309204,-0.10204812506567645,0.09143357368835356,0.06729507809252865,-0.039277891651018235
4h,sl2_tp2,S keltner_breakout,15,7047,270,0.07780285138160073,0.08098249481063925,0.5518518518518518,1.819276168395961,118,0.12281503544017036,152,0.04850723300613482,0.006062877468298533,0.2613704434668698,0.10446201603697533,-0.04974124905836178,0.16505394338674265,0.09410453523473743,-0.01590800347554189
4h,sl2_tp2,S keltner_breakout,20,5450,174,0.08130797233905351,0.08988493957136849,0.5632183908045977,1.6423864373341113,65,0.08967890632104848,109,0.09000780343623822,,0.6010086598010018,-0.1048428659603627,0.07787389667757562,0.048228455255833,0.14460883043833173,-0.0005499974452827266
4h,sl2_tp2,S keltner_breakout,30,2885,66,0.06684176586650215,0.08517193528150326,0.5757575757575758,0.9554460880536085,16,0.3618812566967635,50,-0.0033750475713800365,,,-0.19422554649429363,0.8247112248150025,0.2968869626360494,0.017237486410097265,-0.03700602406747457
4h,sl2_tp2,S rsi2_extreme,1,35899,8193,-0.021097752492277033,-0.01690988983646864,0.46881484193823997,-1.872921484421342,5231,-0.003952352154432199,2962,-0.039793373838741625,-0.04660112731456074,-0.0077016371343516556,0.06517478634105583,-0.04149479292176776,0.006994297523588957,-0.025005200885320173,-0.054802866387384325
4h,sl2_tp2,S rsi2_extreme,3,29969,3780,-0.022182431664407146,-0.019451926969700876,0.4801587301587302,-1.7917745353348622,2070,-0.014225383496033561,1710,-0.025778795385192895,-0.07317269695809582,-0.04594529144120922,0.09487452271208485,-0.03559058429203135,-0.023784102860133324,0.02538578612381455,-0.06719774232105605
4h,sl2_tp2,S rsi2_extreme,5,24661,2216,-0.024996653817102952,-0.027826236133807088,0.48601083032490977,-2.023188816534879,1114,-0.03818854711363298,1102,-0.01735108692189596,-0.1027242681786081,-0.05356141603533236,0.030876041190061744,-0.014650528142345423,-0.0682272564614918,0.0558265643764073,-0.07702643682743157
4h,sl2_tp2,S rsi2_extreme,10,16019,863,-0.030966897639382412,-0.03933151196085003,0.48667439165701043,-1.796781052940544,381,-0.04471570455105385,482,-0.035075542299298906,-0.3517997501282294,-0.1945435529268883,0.04037199392475372,0.009004705946851897,-0.061065803569236056,0.004770037590934328,-0.07298530454304304
4h,sl2_tp2,S rsi2_extreme,15,11108,446,-0.034157145067028556,-0.0490694196862994,0.484304932735426,-1.5841709046571748,160,-0.03925862526265121,286,-0.05455797600722145,,-0.22887042946414027,-0.1972356380178909,-0.017827592961767794,0.031673261777712555,-0.010116733839607175,-0.10357405192738423
4h,sl2_tp2,S rsi2_extreme,20,7968,258,-0.03145502988364222,-0.054331642875391495,0.4844961240310077,-1.3208770522595794,87,-0.09220045667196139,171,-0.035065053399943674,,-0.5097392841030571,-0.1685026855272382,0.030459302323949285,-0.06533782689819823,0.035600892276096446,-0.12769473894826652
4h,sl2_tp2,S rsi2_extreme,30,4390,105,-0.0051220822242575,-0.026546724682777852,0.5047619047619047,-0.4012186730469708,31,0.0112438481003072,74,-0.04237791057839458,,,,-0.20583204381498996,0.1533420572390466,-0.004662243800313632,-0.10433936314238465
4h,sl2_tp2,S rsi_30_70_rev,1,11689,4629,-0.08289863557114881,-0.04085914139812469,0.45927846187081445,-3.163389463200989,2830,-0.05060595963896216,1799,-0.02552645900703517,-0.173707186795685,-0.10760931964093359,0.16330548829418792,-0.05045921573492148,-0.06341248588600178,0.04334456283895583,-0.07944926104700832
4h,sl2_tp2,S rsi_30_70_rev,3,7292,1147,-0.11558743723376232,-0.08195983022249115,0.43766346992153443,-4.0904777284778735,627,-0.11717300987859869,520,-0.03950086167560761,-0.2025523685705766,-0.06812330367152514,0.0759642881760855,-0.19579307946590122,-0.12314518001668096,0.057827906663036555,-0.1086555128635916
4h,sl2_tp2,S rsi_30_70_rev,5,5196,522,-0.13285514034360274,-0.09194371805582646,0.42911877394636017,-3.2999240431387227,269,-0.15087738680103926,253,-0.029283018876133774,-0.14678240443304963,0.03812198370441257,-0.03841197760379443,-0.22636472209503872,-0.1888896669177213,0.011023684625162358,-0.059792954165309324
4h,sl2_tp2,S rsi_30_70_rev,10,2936,163,-0.1981909099849585,-0.17505514705441672,0.38650306748466257,-3.5234338094577375,70,-0.30884867316023906,93,-0.07435034245863652,0.018909399612253325,-0.3583982335697377,-0.3501840708992357,-0.31155181488347744,-0.35322705570982166,-0.04631587828279221,-0.10299425150786874
4h,sl2_tp2,S rsi_30_70_rev,15,1998,82,-0.2064845873004198,-0.1625344171167148,0.4024390243902439,-2.187738652248061,31,-0.40697199415704255,51,-0.013954713425535234,,,-0.6879917140688562,-0.40510880114262804,-0.3313543041645476,-0.03742382388623955,0.006906718095090823
4h,sl2_tp2,S rsi_30_70_rev,20,1399,47,-0.24563491291143943,-0.20186440387801807,0.40425531914893614,-2.1265701502000534,17,-0.42862841142949076,30,-0.07336479959885019,,,-0.8241200601635128,-0.3253805919165828,-0.4143429320718264,-0.13171006182786618,-0.028747834364896793
4h,sl2_tp2,S rsi_30_70_rev,30,714,18,-0.4393797812168881,-0.4374743275377536,0.2777777777777778,-2.8913808452121983,7,-0.5810396532109563,11,-0.3461145748366246,,,,-0.8372747265173297,-0.478545623888407,-0.5349335156492208,-0.015681428414581332
4h,sl2_tp2,S smc_choch,1,19498,4756,0.0139382153543671,0.01858057967912477,0.5006307821698907,1.5035252829095647,2730,0.055526488597699965,2026,-0.03120339433257822,-0.009337106102526745,0.046239074279670896,0.14292792749127234,0.04706552979700305,0.03855529421047501,0.03935635617971502,-0.09525198142659957
4h,sl2_tp2,S smc_choch,3,15756,1909,0.013157054908981539,0.01465084946484097,0.5086432687270822,0.88344675107045,1061,0.007103511772750786,848,0.02409392174232645,-0.16418304485553942,-0.045639754488561515,0.08431515218367507,0.004539471494772152,0.04302993957215447,0.11035730426187382,-0.06464592151940886
4h,sl2_tp2,S smc_choch,5,13165,1144,0.01857815605016722,0.033403436526601694,0.5262237762237763,1.5882339214848078,637,0.013908851216799932,507,0.05789663345430135,-0.0668177257496885,-0.16610296892487664,0.15098416325931877,0.025894500671484147,0.041384164881593875,0.1323358638038828,-0.02826281614180994
4h,sl2_tp2,S smc_choch,10,9053,512,-0.006328159354852422,-0.01233410755049165,0.51171875,-0.39639193860857236,255,-0.057243007845302216,257,0.03222530713891179,0.13425694407038896,-0.1570797765175658,0.05098572428949764,-0.11212105609789812,-0.057548926194374704,0.059964077310368256,-0.0042599220956164785
4h,sl2_tp2,S smc_choch,15,6142,261,0.008504182722996613,0.009033148721418362,0.5440613026819924,0.21066082520128424,105,-0.11933669371239762,156,0.09543592728264066,,-0.2827839542047684,-0.2268188310690098,-0.13392457104788327,-0.046548450874455666,0.14183481440430315,0.042681028226503846
4h,sl2_tp2,S smc_choch,20,4168,144,0.013098778086918037,0.021612123284029,0.5763888888888888,0.37350302645755695,43,-0.2081721562054499,101,0.11944107395776755,,-0.2367143415917643,-0.5019972850197093,-0.13009912454924658,-0.14745942802108464,0.15363433200012963,0.0768894639494948
4h,sl2_tp2,S smc_choch,30,2010,52,0.0047974759915568495,0.030045739638658444,0.5769230769230769,0.2894225317017327,5,-0.6447039005216283,47,0.10182761625145488,,,,,-0.5813345729465584,0.19256412484612095,-0.044358980928840434
4h,sl2_tp2,S supertrend_flip,1,10838,3060,0.021725176913123426,0.0010062467955683813,0.4915032679738562,0.0642205353936801,1586,0.026918823173596156,1474,-0.02687526347278443,0.024013688215655513,-0.0307298311508766,0.14813748335081656,-0.09114378586558297,0.07921307596243599,0.059982376973568424,-0.09576964494604727
4h,sl2_tp2,S supertrend_flip,3,8252,992,0.02806313322657554,0.010973066507580289,0.5050403225806451,0.4694604483148404,539,0.0380181677560004,453,-0.021206424823321347,-0.06535697191627592,-0.06154734909754535,0.15706209385510558,-0.10190963210781749,0.12098861788772054,0.0718683024571561,-0.10908814156883655
4h,sl2_tp2,S supertrend_flip,5,6813,570,0.03819640320342101,0.03609685432429711,0.531578947368421,1.2000440760601891,304,0.05900223704976183,266,0.009919274066623162,0.0048858273144164336,-0.04764580920735905,0.10440217939141888,-0.08151237230690614,0.17941061540740524,0.13289706556238184,-0.11873441549817054
4h,sl2_tp2,S supertrend_flip,10,4753,255,0.039541538936178386,0.02976621152344362,0.5333333333333333,0.6731697236036708,134,0.10267359391941254,121,-0.050974195427464085,-0.18245691863253727,0.148114556526716,0.20715985242844634,-0.20591538704301054,0.23662766672946892,0.06588763639111034,-0.19120839360975345
4h,sl2_tp2,S supertrend_flip,15,3281,127,0.03401520508574219,-0.003084675385299096,0.5275590551181102,-0.048534063103938915,52,-0.0042701644813187434,75,-0.002262736278725481,,-0.08674065920344393,-0.022486066553897552,-0.18446725932497213,0.1506074845888266,0.07804839985043768,-0.11018082545228847
4h,sl2_tp2,S supertrend_flip,20,2365,72,0.08838810278699859,0.06629151467796479,0.5972222222222222,0.8011653091722191,21,0.11673358548447171,51,0.04552125022822665,,-0.2840050128654801,0.21519227998364007,0.29317215448396505,0.08254342804855642,0.12265039610570963,-0.07402892588187197
4h,sl2_tp2,S supertrend_flip,30,1466,35,0.11140576585923981,0.08622181276860469,0.6,0.7356522646991598,9,0.19471923313420927,26,0.04866501341128,,,,,0.00036490841751412754,0.07421419532866502,-0.008820645902836294
4h,sl2_tp2,S vol_spike_reversal,1,3978,2741,-0.03906423816078886,-0.03357905236907072,0.4735497993433054,-1.8808380847258868,1191,-0.042816813118298616,1550,-0.026480876206276885,-0.21239058008850964,-0.16500887446042997,0.1972122970121682,-0.02805847829986359,-0.08201268618947541,0.009837406031113041,-0.05398723962416405
4h,sl2_tp2,S vol_spike_reversal,3,998,233,-0.0689672738193975,-0.0734342944941075,0.4892703862660944,-1.6333205741881884,66,-0.046859130673030394,167,-0.08393705384854516,0.08610782040746316,-0.28692983683757634,0.32543215992981966,-0.06402380284058318,-0.10538451069771039,-0.00802926961097361,-0.1119358267230593
4h,sl2_tp2,S vol_spike_reversal,5,399,50,-0.0767761482448219,-0.12239055693896081,0.46,-1.366415729853744,14,-0.3007351985130044,36,-0.05303430743794387,,,-0.08314041881346956,0.06973026177393865,-0.4439424658978749,0.31329526933907953,-0.2600901551814788
4h,sl2_tp2,S vol_spike_reversal,10,145,6,0.04774368419784908,-0.01984860079361948,0.5,-0.07842346621527786,4,0.29719868735607796,2,-0.6539431770930144,,,0.3904796363764063,,,-0.6539431770930144,
4h,sl2_tp2,S vol_spike_reversal,15,119,4,-0.027139801152087757,-0.22501271937863238,0.5,-0.7584120461588515,2,0.20391773833574964,2,-0.6539431770930144,,,,,,-0.6539431770930144,
4h,sl2_tp2,S vol_spike_reversal,20,104,3,0.11513667928750831,0.03784639600625259,0.6666666666666666,0.19450854687876948,2,0.20391773833574964,1,-0.2942962886527415,,,,,,,
4h,sl2_tp2,S vol_spike_reversal,30,83,2,0.21872815310371604,0.20391773833574964,1.0,,2,0.20391773833574964,0,,,,,,,,
1h,sl1.5_tp3,L bb_revert,1,94740,16411,-0.11427132738490182,-0.10752394746747436,0.3648772165011273,-11.668607595798292,9164,-0.14617066075861004,7247,-0.05865427993608655,-0.1024694549145355,-0.09060260183547414,-0.1445244555265956,-0.1382003972136722,-0.2077120378716973,-0.07963064665114328,-0.040801596948968046
1h,sl1.5_tp3,L bb_revert,3,82549,6971,-0.11652210449824214,-0.12225336711541733,0.35547267250035863,-10.261157323971819,3995,-0.13419345937585103,2976,-0.10622491665156225,-0.0644012011641179,-0.056854742112759996,-0.15344238752770203,-0.10505428737825087,-0.21637242280112778,-0.1117530390491961,-0.10147715381786672
1h,sl1.5_tp3,L bb_revert,5,74690,4658,-0.11623981541490407,-0.12415218756210848,0.36346071275225417,-8.571500099241236,2770,-0.1346255386236657,1888,-0.10878609516776865,-0.06625189903409916,-0.07168126761115245,-0.13650905914305372,-0.11124943953124844,-0.2083789478825262,-0.11745846064845458,-0.09973830260999675
1h,sl1.5_tp3,L bb_revert,10,61360,2619,-0.11061842652933132,-0.10999284083719282,0.36769759450171824,-5.681363595061168,1512,-0.1222668411189249,1107,-0.09322835264750996,0.06720838948359244,-0.07467066592673247,-0.11255273546726975,-0.06793164250098639,-0.21960800570083158,-0.10877350577169724,-0.07561650286519372
1h,sl1.5_tp3,L bb_revert,15,50990,1736,-0.11832299416371271,-0.1286975094963456,0.36002304147465436,-5.4955145664695415,923,-0.1473688879226224,813,-0.1074998683063659,-0.23639591139437713,-0.15641646485898134,-0.1832931064023339,-0.0244621874830991,-0.187795426920308,-0.11803806933437541,-0.09462944246068221
1h,sl1.5_tp3,L bb_revert,20,41393,1165,-0.10375015460436621,-0.10370300848266246,0.3682403433476395,-3.5686278540397467,568,-0.14975083732046326,597,-0.05989200885138801,-0.684749785071221,-0.057617551188372196,-0.31887402523659025,-0.04913094992233853,-0.13650142708779991,-0.05960432943998192,-0.060257350765493094
1h,sl1.5_tp3,L bb_revert,30,27842,597,-0.11792843602123096,-0.13109251084664406,0.35343383584589616,-3.2949788782710847,226,-0.22380638635145145,371,-0.07461451660382337,,-0.3624675051194026,-0.6577418011040783,0.019902048370809083,-0.20907997162202183,-0.0968820293879531,-0.04143741701941532
1h,sl1.5_tp3,L bb_revert+volhigh,1,24237,6788,-0.12275910048431517,-0.08709475728816445,0.36461402474955806,-5.721249618046883,3513,-0.12747812641567538,3275,-0.043776657824058825,-0.12361751151114461,-0.08868077125422154,-0.13651849190131876,-0.07899902139832844,-0.17912649744444972,-0.06994486088689751,-0.02233326920312154
1h,sl1.5_tp3,L bb_revert+volhigh,3,18310,1958,-0.1374025469557624,-0.13361248733878178,0.3411644535240041,-5.651582884868875,1122,-0.17175981257761525,836,-0.08241476136034749,-0.12054898764189997,-0.15407158264954898,-0.18965464823894404,-0.18734205154737443,-0.17946045466223273,-0.10450299412723761,-0.05666423093262585
1h,sl1.5_tp3,L bb_revert+volhigh,5,15711,1187,-0.13888603126338486,-0.14193221543374837,0.34962089300758215,-4.771443909823856,699,-0.16492285203077683,488,-0.10900095522611956,-0.15073765957308638,-0.1411420603978219,-0.18330959930840884,-0.18397495675144437,-0.15985644280452752,-0.11928419307191106,-0.09444151946425633
1h,sl1.5_tp3,L bb_revert+volhigh,10,11703,561,-0.13836366712848436,-0.14031277659025546,0.33868092691622104,-3.2589059859269485,319,-0.18144745381080135,242,-0.08608979298135408,-0.28948927696465815,-0.09590029867200436,-0.3197432767130356,-0.18174385671091686,-0.13060257137839137,-0.09758797510115089,-0.06766797431630318
1h,sl1.5_tp3,L bb_revert+volhigh,15,9109,338,-0.13322519117934195,-0.13372688337902155,0.3520710059171598,-2.423364425512676,173,-0.22176674520770318,165,-0.04141842218894932,-0.5867283974342908,-0.2151756149932268,-0.47244288933655,-0.2703143699721363,-0.11148405979005804,0.02474927945392347,-0.15721190006397678
1h,sl1.5_tp3,L bb_revert+volhigh,20,6954,209,-0.13049339703857166,-0.12032839318235533,0.3684210526315789,-1.7574503020940109,93,-0.14823266879083394,116,-0.09795686187555779,,0.01306006626648363,-0.5644800661462129,-0.18744735199908127,-0.06671893501315415,-0.055746670848015926,-0.16455516327456826
1h,sl1.5_tp3,L bb_revert+volhigh,30,4108,90,-0.1355450012918292,-0.13861850902970146,0.3333333333333333,-1.3414613914467861,34,-0.17743767375369965,56,-0.11504973044727403,,,-0.9893284005887489,-0.6140015134807827,-0.07628343331054976,-0.07736724856557121,-0.18843140569059
1h,sl1.5_tp3,L cci_rev,1,137062,25102,-0.1021355960324787,-0.10969045205433166,0.3701697075930205,-15.100543255671113,14996,-0.1311480014306984,10106,-0.07785021749585198,-0.08049122969324092,-0.07596210956417475,-0.1501967434734218,-0.13184424653858287,-0.1750571950205221,-0.09273765874981145,-0.06386556484988548
1h,sl1.5_tp3,L cci_rev,3,119804,12020,-0.1004872030424162,-0.10920980772847222,0.3675540765391015,-12.218989825165226,6676,-0.12197770317413165,5344,-0.09325949522936622,-0.010532236931184186,-0.05394696320962665,-0.13084643835884757,-0.12004552612664728,-0.19003574120628042,-0.1072421437707743,-0.0814666095157606
1h,sl1.5_tp3,L cci_rev,5,105856,7931,-0.10109234700710217,-0.1156293480689916,0.37561467658555037,-10.70655172374745,4370,-0.12013884633348595,3561,-0.11009536676715494,-0.027403418713688926,-0.07359241830145503,-0.10803382521473007,-0.11621265830685962,-0.1746862449343224,-0.11106583820324975,-0.1092058550041466
1h,sl1.5_tp3,L cci_rev,10,78706,3812,-0.09109508673350698,-0.09886997555645236,0.3738195173137461,-6.31172232957903,1933,-0.0908485745772185,1879,-0.10712190109815489,0.07210045483165053,-0.04714505744687605,-0.1127922432834585,-0.04909717533587566,-0.1365686305410144,-0.08633263454027407,-0.1294485637480644
1h,sl1.5_tp3,L cci_rev,15,60224,2229,-0.08726137999577437,-0.09137885385445482,0.3746074472857784,-4.430461268214659,1019,-0.08678189042071777,1210,-0.09525018091146147,-0.25464149231784583,-0.11592612321253287,-0.05427420180925824,-0.06477768107211225,-0.09928067707891294,-0.06365754419386871,-0.13354253583607573
1h,sl1.5_tp3,L cci_rev,20,46478,1411,-0.09224949543202267,-0.10132569031055631,0.3756201275690999,-3.8822325439284118,550,-0.08117430221044034,861,-0.11419823787741325,,0.004840605372145339,-0.10071450097287264,-0.15939433791509455,-0.06664477683015729,-0.0769426065540067,-0.16387241297528865
1h,sl1.5_tp3,L cci_rev,30,27996,634,-0.0729317443349419,-0.06850916577280589,0.3801261829652997,-1.734729698741261,182,-0.07639269708600109,452,-0.06533482351837772,,0.547037956503268,-0.21232855256199082,0.08417843265307508,-0.11624061875995413,-0.019352152555504872,-0.1401903343881707
1h,sl1.5_tp3,L engulfing,1,107946,25452,-0.1370786308668739,-0.13494919612398062,0.36283985541411284,-18.450404194252418,15651,-0.15799288082381907,9801,-0.09815124599264996,-0.049648531183275786,-0.08368544767130122,-0.19910101681323977,-0.18246908360790873,-0.19660725712267385,-0.11652728001418708,-0.08049937254367595
1h,sl1.5_tp3,L engulfing,3,89338,11419,-0.13671147472795617,-0.1373011445458572,0.35616078465715034,-14.884389536164255,6259,-0.15401044244788328,5160,-0.1170330252495818,-0.03650956797186659,-0.03148728090683611,-0.18708803187642814,-0.15049409698982633,-0.21389183950038576,-0.12423494388053301,-0.11114515869712048
1h,sl1.5_tp3,L engulfing,5,73543,6766,-0.1386654325703075,-0.14145557153848634,0.3681643511676027,-12.062841886906204,3441,-0.1461795196924007,3325,-0.13656681797529258,-0.01510309569591134,-0.027936042781267278,-0.17231397162972828,-0.1162057712467484,-0.21481551674717123,-0.14183538528247885,-0.13205972328672308
1h,sl1.5_tp3,L engulfing,10,47115,2690,-0.13143354767916726,-0.13802096428883748,0.36059479553903345,-7.366783232294267,1177,-0.15556002706073746,1513,-0.12437689496793444,-0.4587613809177375,0.014864716081428992,-0.05641327507189645,-0.1593963365837255,-0.21418502762919178,-0.11075311847269537,-0.13868370632811097
1h,sl1.5_tp3,L engulfing,15,31727,1360,-0.13036767455124937,-0.14425558943865238,0.3492647058823529,-5.477541700749085,476,-0.17856260444021238,884,-0.12578258136088932,-0.008211962147339916,-0.06490125562528416,-0.05982330578570909,-0.1470718542433142,-0.23003134435935632,-0.11482127938929983,-0.1391064697223452
1h,sl1.5_tp3,L engulfing,20,21269,738,-0.06970963768460027,-0.05507273883873305,0.3915989159891599,-1.4698774469214366,206,-0.07398972072466004,532,-0.04774774209343049,,0.16900592521501565,0.014750205242201081,0.06536323787145075,-0.14355938811494182,-0.029063750558705657,-0.07246935534680003
1h,sl1.5_tp3,L engulfing,30,9493,240,-0.1422092864975509,-0.15775562479246563,0.35833333333333334,-2.554765852217359,36,-0.13814952352977977,204,-0.16121552501529254,,,,0.3690638764602619,-0.18425983261978354,-0.16061647565082351,-0.16233768790929795
1h,sl1.5_tp3,L mfi_rev,1,45484,14551,-0.1336830472320998,-0.14353479325148066,0.34829221359356743,-14.40508900807425,7812,-0.1721506863503927,6739,-0.11036260792892523,-0.053434942143776996,-0.13948859048204432,-0.16450012000939107,-0.14175731866621824,-0.2595020842800592,-0.10490207795211447,-0.11505899528960485
1h,sl1.5_tp3,L mfi_rev,3,33040,4812,-0.13202821804940232,-0.15166815986750862,0.3399833748960931,-10.44224505095605,2361,-0.18861469522782287,2451,-0.1160782904322976,-0.13973428230957602,-0.23504114612816102,-0.023789563752633896,-0.1824231957444124,-0.27061993690568054,-0.09961496314401462,-0.13158930164130586
1h,sl1.5_tp3,L mfi_rev,5,25541,2587,-0.12774340098163448,-0.15401116797654657,0.3614224971008891,-7.864716109778173,1207,-0.1813484200725916,1380,-0.13010097719399122,-0.05556830165698861,-0.21968800817251047,0.016129963313957916,-0.1398941860872916,-0.29012579158437707,-0.12197627795403973,-0.13935935539765687
1h,sl1.5_tp3,L mfi_rev,10,14609,894,-0.11651868461529402,-0.1548086045853962,0.3534675615212528,-4.68215705169099,339,-0.16136809017675852,555,-0.1508019998728343,-0.023695454482689143,-0.12048497487360549,0.20689012978180843,-0.08730757870902779,-0.2856964195527856,-0.07462107063394777,-0.26087840864091705
1h,sl1.5_tp3,L mfi_rev,15,8754,389,-0.07430337164825687,-0.11717544352519675,0.38046272493573263,-2.3259814017867124,116,-0.04455736151449883,273,-0.14803147837223327,,0.3802335915953446,-0.011097505378853728,0.24575743005254072,-0.13112314734374586,-0.10663720793163106,-0.2207850446011704
1h,sl1.5_tp3,L mfi_rev,20,5600,199,-0.030695289151348004,-0.07538035295754668,0.4020100502512563,-1.0339603965079145,45,-0.10336691979990752,154,-0.0672024600490646,,,0.42741317539090107,-0.2675067982498329,-0.11974717449128394,-0.0024167919395771797,-0.1715183663270529
1h,sl1.5_tp3,L mfi_rev,30,2428,63,0.15044965733942844,0.10533640774519287,0.47619047619047616,0.7256049563164426,13,0.5940916275520441,50,-0.021739949404588434,,,,,0.618670593873608,0.031091891056783613,-0.18904077753226667
1h,sl1.5_tp3,L pinbar,1,66271,15220,-0.14073354982908903,-0.131954380866534,0.35670170827858083,-13.644725734469388,8384,-0.1696285374820477,6836,-0.08574897872135158,-0.06701318010780606,-0.1306740905258627,-0.20247822505579252,-0.1858058005575363,-0.19842071710734854,-0.10402047428149805,-0.07084545604798909
1h,sl1.5_tp3,L pinbar,3,54137,5664,-0.14409080137698616,-0.1431866499079127,0.3508121468926554,-10.885085779859324,3113,-0.1633063956548215,2551,-0.11863440823400946,0.0168406945325711,-0.14674017311607107,-0.15979392708036314,-0.21606375353057822,-0.19558580655475863,-0.14336232683411734,-0.09881365427135237
1h,sl1.5_tp3,L pinbar,5,46652,3458,-0.1436709018220822,-0.1437326359864112,0.3649508386350492,-8.695084735618705,1924,-0.15469173670295228,1534,-0.12998732322329185,0.03502710711964202,-0.09022565806985457,-0.12225232920070073,-0.23501486937002705,-0.20555443048944338,-0.12151713010590215,-0.13786087380662643
1h,sl1.5_tp3,L pinbar,10,34791,1645,-0.14024627741977874,-0.13500751578609313,0.3556231003039514,-5.608982440302877,905,-0.141952955599267,740,-0.12651343060917108,0.20938354098986453,-0.09564312581384955,-0.11936324029198829,-0.1345466718757624,-0.2304813095787447,-0.11885360542824877,-0.13557416777008502
1h,sl1.5_tp3,L pinbar,15,26975,981,-0.1409004151568192,-0.13636722514409605,0.34658511722731905,-4.4055085335468345,510,-0.14256431387308813,471,-0.12965700167958238,0.3806994007346988,0.04906107157392398,-0.10692903746511233,-0.15949238057059606,-0.2305589709183827,-0.13699518650296127,-0.11936107909575991
1h,sl1.5_tp3,L pinbar,20,20931,619,-0.1565855525271912,-0.16374281482700503,0.3344103392568659,-4.226499797233046,308,-0.20043595512991685,311,-0.12740362764598623,,-0.013976638132168472,-0.1872777710492883,-0.16722140229596377,-0.2640782324483517,-0.14216280426650146,-0.1039119381916661
1h,sl1.5_tp3,L pinbar,30,13421,301,-0.14246497223841517,-0.1519489622791884,0.3289036544850498,-2.737820379434425,126,-0.24638545565707506,175,-0.08395468704711002,,-0.2353641497522346,-0.5435761150188243,-0.1875348240082566,-0.23798211228298244,-0.04857223544165764,-0.1453211265503165
1h,sl1.5_tp3,L rsi2_extreme,1,137468,27646,-0.10650425749955054,-0.11033138357240992,0.3697099037835492,-16.057393760739096,16829,-0.12776917821952874,10817,-0.08320180549009848,-0.057383772758334735,-0.06876763164566949,-0.1652712524588868,-0.13645814570906106,-0.16640647388626484,-0.10384011011543036,-0.06315402643906534
1h,sl1.5_tp3,L rsi2_extreme,3,118497,13439,-0.10632309734942874,-0.10863938636892455,0.36513133417665006,-12.85770450677606,7355,-0.11325573607840045,6084,-0.10305864144565116,-0.027253683621611697,-0.06251694952013605,-0.15904965908741428,-0.12288325357288454,-0.13286456746181655,-0.11975538394821694,-0.08841228571137329
1h,sl1.5_tp3,L rsi2_extreme,5,101263,8381,-0.10487651676437108,-0.10617998042503031,0.3824125999284095,-10.092547008497899,4423,-0.10083897321123177,3958,-0.1121484682741033,0.016084805846043528,-0.05273640034896609,-0.139098870337271,-0.11571041651840061,-0.11438277586280123,-0.11108351771945534,-0.11314871825610237
1h,sl1.5_tp3,L rsi2_extreme,10,71893,3863,-0.10133100910779776,-0.10010770431193694,0.37639140564328244,-6.436194582385216,1859,-0.07752472936950167,2004,-0.1210566815664216,0.077091339788005,0.008317707026688912,-0.13921851143455963,-0.010191977841599198,-0.12001717610292138,-0.11993664739102658,-0.12232446493091127
1h,sl1.5_tp3,L rsi2_extreme,15,50982,2074,-0.09622543453872687,-0.08424236170411921,0.38524590163934425,-3.9209657073011344,847,-0.041888932252445214,1227,-0.11347899963856735,-0.3024834101745366,0.1613639622380741,-0.11017380830784364,0.07816767637710172,-0.10965815088182398,-0.12608832984310617,-0.0970608473647401
1h,sl1.5_tp3,L rsi2_extreme,20,36470,1209,-0.09535609733775145,-0.07437625758761085,0.38461538461538464,-2.604075324737395,409,-0.06403968992519922,800,-0.07966082780501879,,0.2488939658049396,-0.037510525516163164,0.20120921422316682,-0.18322884921882343,-0.1085986077980636,-0.03844641387553072
1h,sl1.5_tp3,L rsi2_extreme,30,19108,474,-0.14003911610146802,-0.11841422035671706,0.3670886075949367,-2.60271009326177,105,-0.17629010039572918,369,-0.1019454740041526,,-0.32460564864494884,0.02248477526662059,0.741654565032927,-0.27984417623577906,-0.1513667185198907,-0.023839171482776374
1h,sl1.5_tp3,L rsi2_extreme+volhigh,1,61792,13177,-0.11582821476490388,-0.10012065740303923,0.3668513318661304,-9.446135340383501,7059,-0.14483921819385107,6118,-0.04852400480049906,-0.08300847821929773,-0.08941748888796516,-0.1624285710277394,-0.14919841266799982,-0.19113656033222265,-0.05923611703888896,-0.03925541500398975
1h,sl1.5_tp3,L rsi2_extreme+volhigh,3,51234,4743,-0.11997649188667708,-0.10763347657315858,0.3641155386885937,-7.231513578074845,2715,-0.10403644006740236,2028,-0.11244903580053932,-0.028076169983049893,-0.05944371211501696,-0.15517921416842886,-0.0430661338993399,-0.17022308922557727,-0.11362838322904453,-0.1113483864845178
1h,sl1.5_tp3,L rsi2_extreme+volhigh,5,45585,3071,-0.12581106129148,-0.12357279571345717,0.3718658417453598,-6.785923582775042,1831,-0.12195785361788826,1240,-0.12595744004973675,-0.06689701312264298,-0.08150234900254691,-0.18440088047394135,-0.06527351097036155,-0.1629084931653825,-0.13474447874615972,-0.11592595027713638
1h,sl1.5_tp3,L rsi2_extreme+volhigh,10,36014,1616,-0.12376875803723016,-0.11910266936303605,0.36695544554455445,-4.701221787095899,943,-0.10560832720689264,673,-0.1380107892044079,-0.2836358360485008,-0.020990029379647362,-0.2157266988120483,0.04681995390926153,-0.15789097116439804,-0.16321235855785685,-0.10629740495090674
1h,sl1.5_tp3,L rsi2_extreme+volhigh,15,29279,1044,-0.1272966866609597,-0.12431759187329869,0.35727969348659006,-3.928540300819263,571,-0.10887368627581963,473,-0.14296129186518144,-0.322201095871404,0.005844799450470191,-0.22859507328501713,0.1143549648506935,-0.22102675933032995,-0.1771158220423634,-0.0955244443968732
1h,sl1.5_tp3,L rsi2_extreme+volhigh,20,23417,696,-0.14521814989359694,-0.16014637635705656,0.33764367816091956,-4.230064474379092,336,-0.18906001936440356,360,-0.13316030955019936,-0.24180397071795925,-0.08838530976512503,-0.23574164910682952,-0.014178092934394572,-0.29159414964335867,-0.20826636287072983,-0.02433317106534914
1h,sl1.5_tp3,L rsi2_extreme+volhigh,30,14884,337,-0.12416268212441699,-0.12825062312801824,0.34718100890207715,-2.259056206560336,117,-0.20804975467661535,220,-0.08581199407717341,,-0.949711006469721,-0.026948509212958955,0.20070446130757577,-0.3076128802276879,-0.10548471166572343,-0.051384738297210866
1h,sl1.5_tp3,L rsi_30_70_rev,1,46155,10162,-0.12661183412308538,-0.13869601717417432,0.35121039165518597,-11.671072180333894,5326,-0.17334263568678535,4836,-0.10053888520598446,-0.07945526056270888,-0.1447944553604274,-0.18419260931288223,-0.12893770630340365,-0.2584182827487468,-0.10623031755463891,-0.09604764391864451
1h,sl1.5_tp3,L rsi_30_70_rev,3,38031,3742,-0.12260638872537116,-0.12941712094633223,0.35729556386958844,-7.710379501726821,2103,-0.14469520045151985,1639,-0.10981382552265345,-0.15309281728130414,-0.012989927865308006,-0.16249875787092816,-0.13409493482322765,-0.20563122125631947,-0.09852805341191713,-0.12049643879136705
1h,sl1.5_tp3,L rsi_30_70_rev,5,33654,2456,-0.12029306244568294,-0.12115845858562417,0.3737785016286645,-5.922128431023088,1375,-0.15915146929777751,1081,-0.07283247363723301,-0.2243672034912045,-0.06086290938391345,-0.12182670510293378,-0.18532312094469966,-0.20501425633851178,-0.06360942861601215,-0.08285674843828965
1h,sl1.5_tp3,L rsi_30_70_rev,10,25564,1223,-0.1209797350221664,-0.13328451005934028,0.3630417007358953,-4.6728662939673455,640,-0.15021150648130394,583,-0.11470255858411434,0.18630388744181775,-0.10633463822926771,-0.17485499365456136,-0.08188646588645453,-0.23257060264560236,-0.09106592715150977,-0.1464079196222265
1h,sl1.5_tp3,L rsi_30_70_rev,15,19659,724,-0.12226305136488601,-0.14289818465351498,0.35773480662983426,-3.897079419103396,339,-0.14700072591723684,385,-0.13928581715117289,0.0056602324577087245,-0.1936831508138156,-0.3087213780940486,-0.0012460687561410336,-0.12577539128216772,-0.10696489735989693,-0.1852262440243072
1h,sl1.5_tp3,L rsi_30_70_rev,20,15219,460,-0.12574641058676714,-0.16206559472229756,0.3521739130434783,-3.5351112006017305,194,-0.1956922504984824,266,-0.13754089088553118,,-0.4407853173808448,-0.18999128367762402,0.028080974575977687,-0.21262262781883676,-0.08960575298734502,-0.2158507696300927
1h,sl1.5_tp3,L rsi_30_70_rev,30,9462,219,-0.08193303276606696,-0.12375390185280123,0.3698630136986301,-1.8008666028447193,68,-0.10461199091637712,151,-0.13237410015529685,,0.11630763515747893,0.33626306956198626,-0.1068540856175719,-0.13236784985399053,-0.1309466078777805,-0.13501361417787422
1h,sl1.5_tp3,L rsi_30_70_rev+volhigh,1,11699,3991,-0.09596699285119394,-0.08547356189783269,0.3603106990729141,-4.244646965972287,1907,-0.1695587617662227,2084,-0.008529955300414368,-0.1134134298728857,-0.21785920511296958,-0.09646057999105104,-0.14524729787223237,-0.234744285557111,-0.040421532534626756,0.015854544481544806
1h,sl1.5_tp3,L rsi_30_70_rev+volhigh,3,8090,908,-0.10485508022147946,-0.10485047448343694,0.3634361233480176,-2.982855860091349,507,-0.08308410088724477,401,-0.13237055282076718,0.00753954080472017,0.037825091294657845,-0.1334243106177299,-0.1741836385919108,-0.09248765075584345,-0.1834622404767984,-0.06638928761926403
1h,sl1.5_tp3,L rsi_30_70_rev+volhigh,5,6806,534,-0.10860128469485006,-0.11985132724515608,0.37265917602996257,-2.6785320576112968,303,-0.11170935895146462,231,-0.13053105189012795,-0.44056461546035586,0.023828345433767436,-0.08999475707735344,-0.19334143254499173,-0.0949943115867043,-0.13308079334293182,-0.12646292507778925
1h,sl1.5_tp3,L rsi_30_70_rev+volhigh,10,4830,229,-0.11483327781681178,-0.14004282721405556,0.37117903930131,-2.113201842813216,131,-0.12660395784296555,98,-0.15800703014887996,-0.797126814958587,0.06813984747376886,-0.16333346091066855,-0.07618506907696114,-0.11781010696589966,-0.09369062599480864,-0.2595592472342558
1h,sl1.5_tp3,L rsi_30_70_rev+volhigh,15,3783,139,-0.10147697440855973,-0.11996126457237101,0.37410071942446044,-1.3814058830780505,72,-0.1994797064041559,67,-0.03450861066358722,-0.8297050704815037,-0.30392512332023985,-0.39885697329199304,-0.2285643804209666,-0.04042714829762105,0.0011035185070174536,-0.10263616212039608
1h,sl1.5_tp3,L rsi_30_70_rev+volhigh,20,2935,89,-0.0577273456148854,-0.052362876241661284,0.39325842696629215,-0.4732888741414388,40,0.018565446950832683,49,-0.11026354823553391,,0.49719821092995886,-0.3572323343453204,-0.1649632997983784,0.061190660193213765,-0.05345300639592575,-0.23903410973864564
1h,sl1.5_tp3,L rsi_30_70_rev+volhigh,30,1858,44,-0.04292091197122813,-0.028799124239073014,0.36363636363636365,-0.1858089066166856,15,0.11718183580027546,29,-0.10430651736287394,,,,,0.197553957948267,-0.1209179623356912,-0.060701474309228814
1h,sl1.5_tp3,L rsi_divergence,1,19086,6991,-0.1014114351932149,-0.14640380476404657,0.3408668287798598,-9.795845488929105,3607,-0.17323666492342127,3384,-0.11780270352442938,-0.1305611234628993,-0.007044389029696173,-0.17600768489069732,-0.19760990327794006,-0.2443092249791561,-0.17362454121780246,-0.07006034233930768
1h,sl1.5_tp3,L rsi_divergence,3,12834,1895,-0.07096349023850966,-0.09713099480553644,0.35989445910290235,-3.8641656557948028,985,-0.12917815699038337,910,-0.06244258299007026,-0.019918615767634252,0.07050787245364215,-0.17823168969746964,-0.1865656514364937,-0.17869359350060826,-0.14415843225202457,0.03633045810811719
1h,sl1.5_tp3,L rsi_divergence,5,9843,1011,-0.05090181076529023,-0.05690580672737619,0.3857566765578635,-1.626282536850675,503,-0.08891043401249575,508,-0.025216185616322766,0.1305489512124767,0.12990924433011855,-0.21585606954422773,-0.12232602031061902,-0.1188341396010481,-0.10319893475999294,0.09195001383598958
1h,sl1.5_tp3,L rsi_divergence,10,5665,362,-0.018045391286287592,0.02105036367716795,0.4116022099447514,0.34652680524956214,150,-0.036664028194312456,212,0.06188601830321546,1.6552757982863595,0.17200453808963054,-0.46356357000303255,-0.07712419895703261,-0.016720481756358666,-0.10522881268016204,0.367149109566185
1h,sl1.5_tp3,L rsi_divergence,15,3186,148,-0.061245311193976845,-0.006179536587548956,0.4189189189189189,-0.06660037027899965,56,-0.01414871045069499,92,-0.0013287351056340147,,-0.19228755426398517,-0.01137318613790191,0.2373024064028304,-0.017362451773241513,-0.17732860628962585,0.4223746584854575
1h,sl1.5_tp3,L rsi_divergence,20,1875,70,-0.16233114649077934,-0.11170494882243599,0.37142857142857144,-0.8717239149570344,25,-0.13093035832850158,45,-0.10102416576351057,,-0.9056269571661486,,,-0.01941206463513412,-0.31687359489930766,0.5661467970198625
1h,sl1.5_tp3,L rsi_divergence,30,664,19,-0.5221661590558069,-0.5215675980506811,0.21052631578947367,-2.875384432264285,4,-0.026376966434772706,15,-0.6536184331482565,,,,,-0.026376966434772706,-0.6610625462123133,
1h,sl1.5_tp3,L smc_sweep_swing,1,122740,30973,-0.11249787327001745,-0.11184099540288427,0.3690633777806477,-16.942881644720348,19115,-0.1318969523705975,11858,-0.07951095513995303,-0.07296485390668091,-0.04860076616790989,-0.17868147145868563,-0.14892144142373823,-0.16787593953094998,-0.10043911022928897,-0.057204604471563274
1h,sl1.5_tp3,L smc_sweep_swing,3,100105,14175,-0.11328451387882792,-0.11668895692195505,0.3616931216931217,-14.058541545066513,7380,-0.12742508399014651,6795,-0.10502852752338948,-0.037808892050952427,-0.025518288065977213,-0.13572227954622115,-0.13862773853973057,-0.1869372874452415,-0.13048027067597986,-0.08141797430098653
1h,sl1.5_tp3,L smc_sweep_swing,5,79320,8042,-0.10837827909631907,-0.10662305863013782,0.38659537428500373,-9.889634921069083,3874,-0.09546950013052129,4168,-0.116989873799887,0.050095873835814826,-0.009079497494724514,-0.08484244179439451,-0.09640325848630836,-0.1536874966340229,-0.13164304406203511,-0.10292916834382478
1h,sl1.5_tp3,L smc_sweep_swing,10,45275,2770,-0.10365212103860227,-0.09380364908391539,0.384115523465704,-5.127596598272067,1162,-0.07233883845030933,1608,-0.10931491149451877,-0.07106895229447383,-0.036447099600369404,-0.14245977022592068,0.044602561626460785,-0.10810457901532078,-0.1128501222665024,-0.10550565337586976
1h,sl1.5_tp3,L smc_sweep_swing,15,27342,1224,-0.12273053208950752,-0.11734724990483766,0.3668300653594771,-4.2848860952210694,445,-0.10565608523936296,779,-0.12402577144031422,,0.06439893799829217,-0.1318135886517138,-0.04957148694270139,-0.1413188564350379,-0.10231203456443741,-0.15105843521662196
1h,sl1.5_tp3,L smc_sweep_swing,20,16985,600,-0.13947500326348009,-0.14010405831735914,0.35,-3.6418928207997494,192,-0.17964594038599532,408,-0.1214961138144715,,-0.20448634959862413,-0.33123774079747453,-0.09308025945604177,-0.17464616961619336,-0.08057379102071073,-0.18238054528811562
1h,sl1.5_tp3,L smc_sweep_swing,30,7333,188,-0.10496595499345406,-0.09602404941622748,0.34574468085106386,-1.3197157375516224,44,0.0819902002451287,144,-0.15041729236830845,,,,0.3586274846832099,0.0815403903599495,-0.15351154867949737,-0.14555488959358312
1h,sl1.5_tp3,L stoch_rev,1,112680,22160,-0.12134593548287466,-0.13295853797206414,0.3577166064981949,-17.093719846627728,12629,-0.1602516108435632,9531,-0.09679399938281208,-0.09813002607097301,-0.09962484097652474,-0.19894299122457149,-0.17386645224269034,-0.18375715433898215,-0.11344342400330482,-0.08162355914308501
1h,sl1.5_tp3,L stoch_rev,3,96325,9607,-0.11787548210522635,-0.12508632331753766,0.3572395128552097,-12.449701396641133,4989,-0.1351104723849635,4618,-0.11425685608120431,-0.028823364780463545,-0.05563347793946698,-0.12405069871497623,-0.14980852929862865,-0.2006493292647321,-0.140413967443142,-0.09302536788667737
1h,sl1.5_tp3,L stoch_rev,5,84215,6022,-0.11813555501820037,-0.1288240276875559,0.36931252075722354,-10.290672950466533,3045,-0.13348448790623108,2977,-0.12405711422908562,-0.02761874254022507,-0.08631585361415603,-0.11626301059966879,-0.10683693051687461,-0.2037873330894698,-0.12142595206988917,-0.12648601004658677
1h,sl1.5_tp3,L stoch_rev,10,63615,2879,-0.11036046287591243,-0.11499328148000755,0.36262591177492187,-6.302478908669737,1367,-0.1327518980930792,1512,-0.09893770680403602,0.08787257897952906,-0.12968721254865062,-0.0632609530723859,-0.12747159136602554,-0.19895617146631756,-0.10991685387785197,-0.08543238429730667
1h,sl1.5_tp3,L stoch_rev,15,50179,1734,-0.11018588930687226,-0.1174235093972685,0.3633217993079585,-5.011060471477296,734,-0.12198601449851827,1000,-0.11407463065295122,0.23042530623860438,-0.04246115678235985,-0.04593767715764609,-0.22431070268075184,-0.17008658601277013,-0.1400010966114987,-0.07812408955052616
1h,sl1.5_tp3,L stoch_rev,20,40432,1151,-0.10946387682734886,-0.11952393274608186,0.36055603822762816,-4.142793115601238,435,-0.14192002808191587,716,-0.10591736644567998,,0.1517964368236098,-0.1347009635841997,-0.20180301751137814,-0.21020960849811718,-0.10540373749102736,-0.1066896057830947
1h,sl1.5_tp3,L stoch_rev,30,26985,586,-0.11302128116002609,-0.1367774455145439,0.34982935153583616,-3.417611174967315,171,-0.14840767900845234,415,-0.13198522882187322,,-0.15856766006288578,-0.03783664522753703,0.12635221942145777,-0.19456582117192336,-0.09383636646753493,-0.20227320124185252
1h,sl1.5_tp3,L sweep_pdh_pdl,1,75115,21112,-0.08096904417523754,-0.10685282551377594,0.3671845395983327,-12.953776545047345,12183,-0.1273499057127762,8929,-0.07888598397895455,-0.031799110098978615,-0.0684099572969066,-0.14733609618400173,-0.13109270270726586,-0.18108079204106164,-0.09751979800242352,-0.06088806629490383
1h,sl1.5_tp3,L sweep_pdh_pdl,3,58143,8139,-0.07062917229117739,-0.08714192765878849,0.3692099766556088,-7.65210900457927,4228,-0.07966174245787248,3911,-0.09522840759473146,-0.05344418296463223,-0.056550281510845984,-0.04841402520121108,-0.01752261285885194,-0.1528697579466981,-0.11451914435279728,-0.0773535919090557
1h,sl1.5_tp3,L sweep_pdh_pdl,5,45610,4441,-0.06466949363258487,-0.0811124095556924,0.3924791713578023,-5.3670855993988225,2213,-0.05684576868611026,2228,-0.10521567537453676,0.12374507776510905,-0.0027304659030254136,-0.06577936565970212,0.05634691828869103,-0.15910694899161174,-0.10841709197019822,-0.10191503529277463
1h,sl1.5_tp3,L sweep_pdh_pdl,10,27174,1561,-0.04393876406290528,-0.050460545978190094,0.39333760409993596,-1.965036452763511,699,0.0006770141273110736,862,-0.09192824262986676,0.449447374604735,0.03886278320149059,-0.0924268257095058,0.1867226400371754,-0.06498402204311446,-0.10905542928148212,-0.07070832566150179
1h,sl1.5_tp3,L sweep_pdh_pdl,15,17535,732,-0.029536868965840166,-0.023585995709015685,0.4166666666666667,-0.6294581240924956,308,0.040366963052419706,424,-0.07004239028100176,0.4943321146634491,-0.13180552499018833,0.016576655252666186,0.2875095295780237,-0.008132842880469438,-0.09983347528079749,-0.02846952025303828
1h,sl1.5_tp3,L sweep_pdh_pdl,20,11873,394,-0.0010866127784630937,0.03227894039492914,0.4416243654822335,0.6155995325280722,140,0.13360528078115458,254,-0.023570223597478582,,0.08659707546247378,0.18742941498885868,0.6112705685299087,0.012128391788372838,-0.05886094734961974,0.03549530352452603
1h,sl1.5_tp3,L sweep_pdh_pdl,30,6131,147,-0.10664111048942862,-0.09110348472828693,0.38095238095238093,-1.150272744888909,44,0.07482279754132953,103,-0.16198461501822023,,,-0.12467779859108181,0.6960955226747833,-0.023815511414358555,-0.1496504040207674,-0.1870158079248157
1h,sl1.5_tp3,L vol_climax,1,7528,2166,-0.09592292727335867,-0.09586940050484288,0.34672206832871655,-3.4490305466040176,851,-0.2014189334466873,1315,-0.027563200859588452,-0.20984517562782268,-0.26700691874198645,-0.3522456280641466,-0.07514115031399403,-0.2098263454208082,-0.08610867923588875,0.010366639141097355
1h,sl1.5_tp3,L vol_climax,3,5534,375,-0.09861832718334855,-0.13547686245905166,0.328,-2.474873327010044,240,-0.13943885111340842,135,-0.12843332707352859,-0.2440257570039428,0.03325208121915495,-0.31505186573553057,-0.0013726079049392382,-0.2597496685768312,-0.2866976269091789,0.005982927581407307
1h,sl1.5_tp3,L vol_climax,5,5134,255,-0.08342452579633751,-0.0553265872090493,0.3686274509803922,-0.8264433859776545,170,-0.04745636423338854,85,-0.0710670331603709,-0.13965789617733135,-0.00036568793697631637,-0.37950626368732915,0.10293078206333607,-0.07310324320956703,-0.13667161791076016,-0.0069881364274325675
1h,sl1.5_tp3,L vol_climax,10,4533,163,-0.09563137700581738,-0.10232040994541451,0.34355828220858897,-1.2852747231656043,106,-0.12836805428866374,57,-0.053880930991301874,-0.8907652564441921,0.2483839347680883,-0.5194285192758935,-0.0041630015667743145,-0.2062411458332332,-0.07589997171963314,-0.032621167529464805
1h,sl1.5_tp3,L vol_climax,15,4018,117,-0.09377839983160867,-0.10144877252340749,0.3504273504273504,-1.1186271823741125,77,-0.16299584515147916,40,0.0170293422856305,-1.04732739153738,-0.04825977189977407,-0.5245069630879098,-0.08283771366373882,-0.07157980629405465,0.1268369919293408,-0.07281328015013247
1h,sl1.5_tp3,L vol_climax,20,3404,81,-0.0707225208963333,-0.046495249790126335,0.37037037037037035,-0.4410146528005426,49,-0.03230741509325391,32,-0.06822037166971223,,-0.10744473474154011,0.21793167918091774,-0.12380004455918701,0.014128837249088826,0.07994099993555448,-0.21638174327497903
1h,sl1.5_tp3,L vol_climax,30,2785,55,-0.08680963956974685,-0.07886770491832897,0.34545454545454546,-0.6044706245108149,34,0.00889877879473382,21,-0.22096582140614493,,0.15458702777253203,,-0.0360010233445347,0.027633263905520664,-0.2877769791043744,-0.16022840531684543
1h,sl1.5_tp3,L vol_climax+volhigh,1,7528,2166,-0.09592292727335867,-0.09586940050484288,0.34672206832871655,-3.4490305466040176,851,-0.2014189334466873,1315,-0.027563200859588452,-0.20984517562782268,-0.26700691874198645,-0.3522456280641466,-0.07514115031399403,-0.2098263454208082,-0.08610867923588875,0.010366639141097355
1h,sl1.5_tp3,L vol_climax+volhigh,3,5534,375,-0.09861832718334855,-0.13547686245905166,0.328,-2.474873327010044,240,-0.13943885111340842,135,-0.12843332707352859,-0.2440257570039428,0.03325208121915495,-0.31505186573553057,-0.0013726079049392382,-0.2597496685768312,-0.2866976269091789,0.005982927581407307
1h,sl1.5_tp3,L vol_climax+volhigh,5,5134,255,-0.08342452579633751,-0.0553265872090493,0.3686274509803922,-0.8264433859776545,170,-0.04745636423338854,85,-0.0710670331603709,-0.13965789617733135,-0.00036568793697631637,-0.37950626368732915,0.10293078206333607,-0.07310324320956703,-0.13667161791076016,-0.0069881364274325675
1h,sl1.5_tp3,L vol_climax+volhigh,10,4533,163,-0.09563137700581738,-0.10232040994541451,0.34355828220858897,-1.2852747231656043,106,-0.12836805428866374,57,-0.053880930991301874,-0.8907652564441921,0.2483839347680883,-0.5194285192758935,-0.0041630015667743145,-0.2062411458332332,-0.07589997171963314,-0.032621167529464805
1h,sl1.5_tp3,L vol_climax+volhigh,15,4018,117,-0.09377839983160867,-0.10144877252340749,0.3504273504273504,-1.1186271823741125,77,-0.16299584515147916,40,0.0170293422856305,-1.04732739153738,-0.04825977189977407,-0.5245069630879098,-0.08283771366373882,-0.07157980629405465,0.1268369919293408,-0.07281328015013247
1h,sl1.5_tp3,L vol_climax+volhigh,20,3404,81,-0.0707225208963333,-0.046495249790126335,0.37037037037037035,-0.4410146528005426,49,-0.03230741509325391,32,-0.06822037166971223,,-0.10744473474154011,0.21793167918091774,-0.12380004455918701,0.014128837249088826,0.07994099993555448,-0.21638174327497903
1h,sl1.5_tp3,L vol_climax+volhigh,30,2785,55,-0.08680963956974685,-0.07886770491832897,0.34545454545454546,-0.6044706245108149,34,0.00889877879473382,21,-0.22096582140614493,,0.15458702777253203,,-0.0360010233445347,0.027633263905520664,-0.2877769791043744,-0.16022840531684543
1h,sl1.5_tp3,L vol_spike_reversal,1,14172,4651,-0.06196382491486909,-0.06360439994928388,0.3622876800688024,-3.3117478889461687,1935,-0.15526236656478895,2716,0.001696839152705206,-0.10624148703667462,-0.17120390738546384,-0.24297347800986205,-0.09377263942796557,-0.17771889506807656,-0.06909423929967205,0.05221085160042677
1h,sl1.5_tp3,L vol_spike_reversal,3,9747,767,-0.0629591179769104,-0.10185173241928669,0.36114732724902215,-2.6961416001077954,460,-0.10225827267421424,307,-0.10124258415457434,-0.13052567430229606,0.11113631715034622,-0.3657724349919523,-0.10499845354879798,-0.07420969851904446,-0.14694513158115335,-0.06441170769903713
1h,sl1.5_tp3,L vol_spike_reversal,5,8730,465,-0.05248446123123163,-0.06602730066413713,0.3763440860215054,-1.3873466054981263,298,-0.030911451963029326,167,-0.1286891145140181,-0.12806643066554307,0.02418869113510512,-0.22393095465120627,-0.03599231817333289,0.041889024542632894,-0.2499093619325911,-0.014516555898850458
1h,sl1.5_tp3,L vol_spike_reversal,10,7281,243,-0.0544590083396434,-0.08836119738090703,0.36213991769547327,-1.3679554596320518,164,-0.11180746758547709,79,-0.03968792758914132,0.08781037317275041,-0.030969278120405393,-0.40878898904615046,-0.046441348053722346,-0.11504901570192655,-0.2097725076420106,0.1438243824679018
1h,sl1.5_tp3,L vol_spike_reversal,15,6503,178,-0.0350427171879201,-0.04631975536993197,0.38764044943820225,-0.6118686771456674,119,-0.0401377075557187,59,-0.058788631469785864,,0.07760449757257917,-0.1134749001480625,0.03383330265044458,-0.09460740855416963,-0.16996372843007046,0.07297444640906992
1h,sl1.5_tp3,L vol_spike_reversal,20,5905,142,-0.025930629535586208,-0.02228092967928798,0.39436619718309857,-0.2634298315286756,96,-0.029772834433957212,46,-0.006645650191282656,,0.18324317691906214,0.1430128660921417,-0.1117850230553874,-0.04995296470961241,-0.1684576395109031,0.18598767042731307
1h,sl1.5_tp3,L vol_spike_reversal,30,4614,89,-0.03637147142491757,-0.051263270461167826,0.3707865168539326,-0.4913162953761348,50,-0.07051627314152976,39,-0.02657993369147296,,-0.13131812146873748,-0.2482306068341987,-0.04090301063767435,-0.054981062782618204,-0.06228542967666022,0.01962717875994583
1h,sl1.5_tp3,L vol_spike_reversal+volhigh,1,14172,4651,-0.06196382491486909,-0.06360439994928388,0.3622876800688024,-3.3117478889461687,1935,-0.15526236656478895,2716,0.001696839152705206,-0.10624148703667462,-0.17120390738546384,-0.24297347800986205,-0.09377263942796557,-0.17771889506807656,-0.06909423929967205,0.05221085160042677
1h,sl1.5_tp3,L vol_spike_reversal+volhigh,3,9747,767,-0.0629591179769104,-0.10185173241928669,0.36114732724902215,-2.6961416001077954,460,-0.10225827267421424,307,-0.10124258415457434,-0.13052567430229606,0.11113631715034622,-0.3657724349919523,-0.10499845354879798,-0.07420969851904446,-0.14694513158115335,-0.06441170769903713
1h,sl1.5_tp3,L vol_spike_reversal+volhigh,5,8730,465,-0.05248446123123163,-0.06602730066413713,0.3763440860215054,-1.3873466054981263,298,-0.030911451963029326,167,-0.1286891145140181,-0.12806643066554307,0.02418869113510512,-0.22393095465120627,-0.03599231817333289,0.041889024542632894,-0.2499093619325911,-0.014516555898850458
1h,sl1.5_tp3,L vol_spike_reversal+volhigh,10,7281,243,-0.0544590083396434,-0.08836119738090703,0.36213991769547327,-1.3679554596320518,164,-0.11180746758547709,79,-0.03968792758914132,0.08781037317275041,-0.030969278120405393,-0.40878898904615046,-0.046441348053722346,-0.11504901570192655,-0.2097725076420106,0.1438243824679018
1h,sl1.5_tp3,L vol_spike_reversal+volhigh,15,6503,178,-0.0350427171879201,-0.04631975536993197,0.38764044943820225,-0.6118686771456674,119,-0.0401377075557187,59,-0.058788631469785864,,0.07760449757257917,-0.1134749001480625,0.03383330265044458,-0.09460740855416963,-0.16996372843007046,0.07297444640906992
1h,sl1.5_tp3,L vol_spike_reversal+volhigh,20,5905,142,-0.025930629535586208,-0.02228092967928798,0.39436619718309857,-0.2634298315286756,96,-0.029772834433957212,46,-0.006645650191282656,,0.18324317691906214,0.1430128660921417,-0.1117850230553874,-0.04995296470961241,-0.1684576395109031,0.18598767042731307
1h,sl1.5_tp3,L vol_spike_reversal+volhigh,30,4614,89,-0.03637147142491757,-0.051263270461167826,0.3707865168539326,-0.4913162953761348,50,-0.07051627314152976,39,-0.02657993369147296,,-0.13131812146873748,-0.2482306068341987,-0.04090301063767435,-0.054981062782618204,-0.06228542967666022,0.01962717875994583
1h,sl1.5_tp3,L vwap_2sd_revert,1,145453,21156,-0.0897300949985336,-0.11246455497073762,0.36627906976744184,-14.390954202080863,12538,-0.14150164637711057,8618,-0.0702195965055364,-0.09719399972372272,-0.08295238465821281,-0.20174714983570383,-0.14876517336681333,-0.15300946909793725,-0.085556649006674,-0.05550327964450851
1h,sl1.5_tp3,L vwap_2sd_revert,3,131243,10280,-0.08651421743944798,-0.1100616163972125,0.36507782101167313,-11.764127796601818,5941,-0.13039243888238808,4339,-0.08222446120375133,-0.0961679664779406,-0.022714675988894126,-0.1344451846764687,-0.16808434800969574,-0.17850213938915396,-0.09865604099977217,-0.0662779189584759
1h,sl1.5_tp3,L vwap_2sd_revert,5,120438,7098,-0.08239682001394748,-0.10095654669702767,0.3803888419273035,-9.181891627472115,4084,-0.10903297309122366,3014,-0.09001290854377733,-0.07432593491498678,-0.01405938648350491,-0.14094026445086202,-0.1253735006000856,-0.14510282770332159,-0.10118396967564317,-0.07815416239011405
1h,sl1.5_tp3,L vwap_2sd_revert,10,100585,4098,-0.07448491842614366,-0.084210946702899,0.3814055636896047,-5.865400707154877,2250,-0.08350613286383203,1848,-0.08506908043552922,-0.07453983693773028,-0.020284893997795025,-0.07989200714273947,-0.08063442624259334,-0.12076551047885518,-0.09755838692494546,-0.07090684143713806
1h,sl1.5_tp3,L vwap_2sd_revert,15,84545,2740,-0.06899417943523874,-0.07446047323736375,0.3886861313868613,-4.270202806906527,1396,-0.059006012941450095,1344,-0.09051287396139315,0.09442462249159327,0.05046472445079889,-0.07732260200010738,-0.03822248471250173,-0.11518362352957867,-0.1122603244877018,-0.0653444761612831
1h,sl1.5_tp3,L vwap_2sd_revert,20,71651,1971,-0.06676894736563202,-0.071869210910417,0.3881278538812785,-3.4731074995450513,937,-0.0525209289916655,1034,-0.08940242189481754,0.24423671865275481,0.17790857642673025,-0.12514781395947083,-0.017200358929414346,-0.11961009784364311,-0.09992539251198994,-0.07622005129596318
1h,sl1.5_tp3,L vwap_2sd_revert,30,49554,1049,-0.06239542130772207,-0.0663257273620465,0.38894184938036225,-2.339377071589063,395,-0.0559451005818647,654,-0.0725953719769881,,0.2864591101016599,-0.18110867452591523,0.06759300394617074,-0.12435463772926969,-0.08077393234102644,-0.06251871569228559
1h,sl1.5_tp3,L vwap_2sd_revert+volhigh,1,45392,10486,-0.10129039576930783,-0.09201411773791776,0.3704939919893191,-7.667694231827676,5399,-0.14364229199213224,5087,-0.037219442526888885,-0.1407251884834106,-0.05927235458721777,-0.13192819075463758,-0.1686968633672719,-0.181564702344854,-0.050091780827167955,-0.025875218351753892
1h,sl1.5_tp3,L vwap_2sd_revert+volhigh,3,36666,3462,-0.10635026684050752,-0.1087159085017741,0.3677065280184864,-6.310049230456091,1888,-0.15002766517751778,1574,-0.0591627975717842,-0.1984411185034051,-0.03252266636724407,-0.17414372270767425,-0.15431609699255913,-0.18199089308416894,-0.0752284022911703,-0.0429742417958722
1h,sl1.5_tp3,L vwap_2sd_revert+volhigh,5,32179,2139,-0.10701074919309181,-0.10974593125134742,0.3777466105656849,-5.061395201012841,1216,-0.12810012644102456,923,-0.08556532307079767,-0.2471601543708888,-0.06044203514255165,-0.17919829227860073,-0.0734781938958223,-0.13626974016606125,-0.12610320732752367,-0.042021258633235824
1h,sl1.5_tp3,L vwap_2sd_revert+volhigh,10,25490,1111,-0.1091747553777758,-0.11714008605368319,0.37353735373537356,-3.968846097944014,643,-0.11377667043330468,468,-0.12176118913894686,-0.21490941673700692,-0.14302622464910106,-0.11961164528961563,-0.06567336162990961,-0.10997772165497628,-0.15749251065528808,-0.07346106105906854
1h,sl1.5_tp3,L vwap_2sd_revert+volhigh,15,20540,693,-0.11077409438769605,-0.12417067083644019,0.36507936507936506,-3.3730534261129637,383,-0.128317443560625,310,-0.11904740001914092,-0.32660211348002177,-0.1621200978453599,-0.1280312546854765,-0.020756466347905574,-0.15733739532592297,-0.11495606014276383,-0.12570449541121212
1h,sl1.5_tp3,L vwap_2sd_revert+volhigh,20,16631,462,-0.1111582285120849,-0.1338961856360479,0.36147186147186144,-2.981556642966117,239,-0.18549616442352226,223,-0.07859396621808212,,-0.034429945431167,-0.3334347855052755,-0.08939753617285784,-0.19912105236542846,-0.088364941751798,-0.06078358043510634
1h,sl1.5_tp3,L vwap_2sd_revert+volhigh,30,11660,254,-0.08425264733917877,-0.09400605634993255,0.3700787401574803,-1.518421454232132,118,-0.1275692472405463,136,-0.06488505248895879,,-0.23968744878596057,-0.4041045064666124,0.04444692531964661,-0.11234384700124599,-0.012769427983715881,-0.1776002403723912
1h,sl1.5_tp3,L willr_rev,1,150394,25791,-0.11555800219753165,-0.12876110626185644,0.35966034663254626,-18.140545902936598,15342,-0.1562887373305235,10449,-0.08834298817826089,-0.12825005731797928,-0.08447474117587654,-0.18461289963051417,-0.15893272507729497,-0.19250300301799297,-0.10682325088397228,-0.07056029031834253
1h,sl1.5_tp3,L willr_rev,3,132601,12386,-0.11280953384668009,-0.1221108537190657,0.3561278863232682,-13.963000936407504,6759,-0.13642537095117485,5627,-0.10491664330999764,-0.03722065062182683,-0.0627314674660178,-0.15271657581049117,-0.11681468698052491,-0.21258125890667787,-0.12278697683518658,-0.09022338656762241
1h,sl1.5_tp3,L willr_rev,5,118038,8103,-0.11259893221789337,-0.12406346149491375,0.36961619153399977,-11.631416320850368,4323,-0.13100013541739203,3780,-0.11613032885817474,-0.01565136151316826,-0.03478241515973817,-0.14128936846108162,-0.12746926796715755,-0.2063379088745219,-0.12888800910272918,-0.1043590002907171
1h,sl1.5_tp3,L willr_rev,10,91750,4101,-0.10651953387183113,-0.11477519782980643,0.3672275054864667,-7.650933925438305,2064,-0.11418663770894831,2037,-0.11537155918937989,-0.04196734188438323,-0.053425003455484704,-0.06913204816023555,-0.11040210077450349,-0.17751935250809772,-0.09265568150075201,-0.14090619542331198
1h,sl1.5_tp3,L willr_rev,15,73853,2563,-0.09471121592475659,-0.09168809699077747,0.3741708934841982,-4.791947164006551,1182,-0.08492886897205855,1381,-0.0974733305303327,-0.06166830934583521,-0.01696619145532697,-0.021486977783956925,-0.05552284903454927,-0.14828986169440128,-0.07847740417961013,-0.12078929819630027
1h,sl1.5_tp3,L willr_rev,20,60164,1741,-0.10248645511897583,-0.10633378384787595,0.36473291211947156,-4.609783930567001,739,-0.09287767374048615,1002,-0.11625800078336603,-0.40265661682737836,0.14474559175157947,-0.14979881504783893,-0.058039544436055364,-0.14223639537941543,-0.09728942173966089,-0.14243554098382374
1h,sl1.5_tp3,L willr_rev,30,38828,847,-0.08303588990791819,-0.07766798431673859,0.3778040141676505,-2.314466180090753,290,-0.0988848855890509,557,-0.06662148275664782,,0.017673595445179113,-0.2390949082857634,-0.07159574644922381,-0.10382024623184852,-0.07525764362558449,-0.05235125503511913
1h,sl1.5_tp3,L zscore_revert,1,64872,14036,-0.1140681537355146,-0.11869626949582059,0.3629239099458535,-11.787854502163942,7907,-0.13956623734956333,6129,-0.09177200194490788,-0.08773774796992183,-0.1143233500488873,-0.13975561827106112,-0.11348920173141676,-0.19858351618718248,-0.11298084998297604,-0.07409690453717296
1h,sl1.5_tp3,L zscore_revert,3,54300,5750,-0.1112466785191071,-0.1155945376587626,0.36295652173913046,-8.510231694219938,3347,-0.11497352699611985,2403,-0.11645950756632205,-0.04586336217497722,-0.014918726888480062,-0.1595410046528297,-0.11922789558528099,-0.1542756059198416,-0.09261479757336254,-0.13935120712726282
1h,sl1.5_tp3,L zscore_revert,5,47430,3710,-0.1071118817019448,-0.10452180891183252,0.3743935309973046,-6.253153770426532,2147,-0.09451202841140581,1563,-0.11827164815330155,-0.06589940149884915,0.034094771073218254,-0.1402033769758334,-0.10024238715172731,-0.13000488629662052,-0.09366835252533248,-0.1438051857280908
1h,sl1.5_tp3,L zscore_revert,10,34560,1745,-0.111759342704849,-0.11691480338060468,0.36446991404011464,-4.867879573727977,921,-0.10375242549292399,824,-0.1316266359468109,-0.3439962897261718,-0.09033629709385312,-0.08994405630237269,-0.05688612863337367,-0.12239983395678103,-0.09373511610370092,-0.17589988544770782
1h,sl1.5_tp3,L zscore_revert,15,25540,968,-0.11868987495015877,-0.13436127427421718,0.3522727272727273,-4.219174868366366,442,-0.10822393118107895,526,-0.15632459299506718,0.15250736357243005,0.03943137580044778,-0.1139711924649435,0.021930148350827978,-0.1936427723421763,-0.150619449703151,-0.16413704146688035
1h,sl1.5_tp3,L zscore_revert,20,19260,594,-0.09775715855644478,-0.10065328103609691,0.3569023569023569,-2.4320895788559906,224,-0.083538386561875,370,-0.11101473066373398,,0.11840320827663482,-0.02968402307504485,0.10350308069863016,-0.1737380686855366,-0.08189886903434836,-0.1546885231078124
1h,sl1.5_tp3,L zscore_revert,30,11632,268,-0.11363585277996484,-0.14159659169305963,0.35074626865671643,-2.3447632279102857,68,-0.22404966288072092,200,-0.1135625474892548,,-0.1733638360526108,0.6227069059484238,-0.377345667782669,-0.2614150838314592,-0.10356847847604111,-0.12919429645864028
1h,sl1.5_tp3,S bb_breakout,1,75025,15363,-0.028021171429079825,-0.035458510145003716,0.39217600729024277,-3.5980816938906437,8591,-0.005338626317768579,6772,-0.07366877623475222,-0.06616710138859679,0.053523491104874074,0.05649848416562678,-0.08365722783936344,0.011577691750971217,-0.047746969727840066,-0.09594644080549228
1h,sl1.5_tp3,S bb_breakout,3,63284,6120,-0.026712690794855835,-0.03247114317975664,0.394281045751634,-2.4216879857090965,3547,-0.008969691984611717,2573,-0.06486898514990008,-0.09981329621522354,0.026205867367108,0.02848840258339261,-0.06265243961172319,0.0199300904820746,-0.04949341624616406,-0.07950960652637104
1h,sl1.5_tp3,S bb_breakout,5,56283,4055,-0.027786562680193878,-0.03874429071568545,0.4059186189889026,-2.375530090549483,2384,-0.019958465146992725,1671,-0.0655458515509718,-0.10528327160683314,0.050552698207159685,0.014963144944860597,-0.14011471489798494,0.027195974037443917,-0.03735304113627601,-0.09728966480415982
1h,sl1.5_tp3,S bb_breakout,10,43603,2111,-0.014655857432371218,-0.00974489158216265,0.4206537186167693,-0.42910082476068573,1177,0.005793681257200141,934,-0.029326155213779348,-0.039998909128599484,-0.05791628776373307,0.07659832833617089,-0.0747075330154919,0.04570354285806008,-0.010960595984080949,-0.05321042928589943
1h,sl1.5_tp3,S bb_breakout,15,33328,1235,-0.008879343638071765,0.006157504113965152,0.42591093117408907,0.20736612435171956,605,0.029912698406441642,630,-0.01665502373833369,0.0009878308972678606,-0.03824924481231453,0.14830046258649004,-0.08441462838187132,0.05638001352973753,0.006246287017070705,-0.04799365950888706
1h,sl1.5_tp3,S bb_breakout,20,25931,793,-0.011720749804442506,0.004850773105350371,0.4123581336696091,0.12973581241628113,327,0.03973888073804657,466,-0.01963079598454591,,0.2580366631492641,0.3002919904208702,-0.16124262875604672,0.009279548433796735,0.0055235068957512025,-0.056827052371368245
1h,sl1.5_tp3,S bb_breakout,30,15541,355,-0.061237584939184374,-0.06560365986513952,0.36901408450704226,-1.1865820862546197,91,-0.03839336464278274,264,-0.07498296617284583,,,-0.06717049268960845,-0.29937071070013144,0.01526238549282206,-0.012298643718922257,-0.17454041948201857
1h,sl1.5_tp3,S bb_revert,1,95330,26473,-0.05505724293678066,-0.047110151035686755,0.39330638764023723,-6.473983760383171,16326,-0.03810043557043249,10147,-0.061606318837573164,-0.10794627609740734,-0.08798960491536074,0.03041808827445922,-0.07141950217714674,0.020567960255575484,-0.03001936569194911,-0.09093020065368367
1h,sl1.5_tp3,S bb_revert,3,73158,9673,-0.06143582603891274,-0.06900758287763986,0.3817843481856715,-7.200304829968838,5107,-0.05718930432899493,4566,-0.0822261436634326,-0.12387394016012354,-0.14826058140988224,-0.010893370359115617,-0.0359691083760484,-0.02580653776654921,-0.028919428115291905,-0.12073325806354179
1h,sl1.5_tp3,S bb_revert,5,57648,5084,-0.06130183178111937,-0.07453357189474845,0.4075531077891424,-5.75592835543335,2544,-0.0676316012309466,2540,-0.08144641180369012,-0.20407134564104684,-0.05718041439505595,-0.06977347263569464,-0.04988088114872713,-0.056209121054067314,-0.021434807528475697,-0.12977132128756927
1h,sl1.5_tp3,S bb_revert,10,37629,1948,-0.059821628154392834,-0.09226391562020252,0.3942505133470226,-4.323385302023372,898,-0.12487866415062908,1050,-0.06437054021037107,-0.22827117465333296,-0.15668202165383704,-0.23044908660744962,-0.01671073209645274,-0.1346683089077119,-0.010612722899062985,-0.12651766782077445
1h,sl1.5_tp3,S bb_revert,15,27503,1082,-0.04327274499944561,-0.08050231187074582,0.3955637707948244,-2.7228801761385952,445,-0.12622495411369225,637,-0.04856106258014746,0.10838501710061321,-0.4664537444304548,-0.3169792910475528,0.018558403324877744,-0.11572128553814891,0.011028945435982315,-0.1295593327354053
1h,sl1.5_tp3,S bb_revert,20,20090,639,-0.0036828191638360905,-0.03169785018236625,0.41158059467918623,-0.812238772526316,225,-0.05139168915163515,414,-0.02099467682950269,,-0.5645945918167914,-0.1509025004709955,0.09779447443913722,-0.07077367408412044,0.04945966022478146,-0.1317086350576635
1h,sl1.5_tp3,S bb_revert,30,10906,253,0.04314992482155184,0.02923499803122366,0.4268774703557312,0.4608521283345263,55,0.05501696653997228,198,0.02207334011212683,,,,-0.2922453906560445,0.14578142862829555,0.13146399506238593,-0.13927787593950533
1h,sl1.5_tp3,S break_pdh_pdl,1,61676,15826,-0.022020545127628022,-0.025131431898182087,0.39150764564640467,-2.551861017191934,8694,-0.006884611822458738,7132,-0.047374540947304186,-0.03966193036980074,-0.0035865940928655727,0.031003878410874715,-0.08971539837714669,0.03920936246554902,-0.013766816408009634,-0.0780441806917985
1h,sl1.5_tp3,S break_pdh_pdl,3,48818,5811,-0.02284212841256396,-0.030415889349140277,0.3871966959215281,-2.1753589136333398,3061,-0.01711944332523363,2750,-0.04521604254156872,-0.11075886244896578,-0.09205241813815676,-0.004734731505723162,-0.09081537004667158,0.07659623604900408,0.019571575401218552,-0.10687693371351886
1h,sl1.5_tp3,S break_pdh_pdl,5,40606,3383,-0.01781021395691533,-0.020354806703235466,0.40348802837718,-1.1153430448956585,1745,-0.0161611090911728,1638,-0.024822451595207,0.055692433164249946,-0.01130414378512124,0.010145521346048215,-0.19897199930081508,0.05411653392550003,0.03852714061955452,-0.09502064837372654
1h,sl1.5_tp3,S break_pdh_pdl,10,28373,1490,-0.016343629979574562,-0.016517722961147886,0.40268456375838924,-0.6042775639270717,727,-0.03115942848000901,763,-0.0025668449634912243,0.12220526360923588,-0.0034366306787928977,0.02342745240165791,-0.22649722883239642,0.012556350208461983,0.05061486828265401,-0.07160696065351711
1h,sl1.5_tp3,S break_pdh_pdl,15,20852,848,-0.04154314312843324,-0.06681699252802092,0.38325471698113206,-1.86367380801473,366,-0.07469995923074156,482,-0.060831171338818116,-0.25097124893754513,0.14010905846164518,-0.026329635195178017,-0.22702210885128996,-0.09381197549608909,-0.055337324626167916,-0.06776940967545149
1h,sl1.5_tp3,S break_pdh_pdl,20,14775,484,-0.0052815116959617995,-0.016549689326554325,0.4049586776859504,-0.3485510341164476,179,-0.013272914174580248,305,-0.018472780317385036,,0.11854072345300685,0.2744608335130529,-0.11296170028650929,-0.0866861809038679,0.02934554835096308,-0.0864051678700383
1h,sl1.5_tp3,S break_pdh_pdl,30,7537,179,0.07105139529665613,0.09707813062809044,0.44692737430167595,1.1952988889019562,43,0.09226624056096257,136,0.09859953704637353,,,0.5938864248365079,-0.24665618898117847,0.1440280304938728,0.17655061316605059,-0.02732143207002792
1h,sl1.5_tp3,S donchian_20,1,75468,15723,-0.042230144330626385,-0.04135996829166877,0.39025631240857345,-4.271671639265677,8409,-0.021971614071831496,7314,-0.06365100884876633,-0.07401263500775275,0.02805226535896639,0.007716642244773027,-0.11036846516033258,0.017809160148789117,-0.029394318397233596,-0.09410336642474149
1h,sl1.5_tp3,S donchian_20,3,63307,6159,-0.04221392200029898,-0.047054966386347714,0.3904854684201981,-3.5750055058215913,3317,-0.03671330047015761,2842,-0.0591250951140052,-0.10463741887584829,-0.009199731311094292,-0.03413174807870198,-0.11830379625793601,0.02012487969681103,-0.009681984643132977,-0.10632388282622712
1h,sl1.5_tp3,S donchian_20,5,56223,4051,-0.0394216604043963,-0.04194040740278706,0.4095285114786473,-2.5962198635544778,2244,-0.03631041837404265,1807,-0.048931937773845434,-0.06179450241244107,-0.01367971873222589,-0.01663595644365667,-0.10336641263627903,-0.012966743862110507,-0.011245767960024371,-0.09155108500433412
1h,sl1.5_tp3,S donchian_20,10,43440,2095,-0.032514309743584636,-0.026540135623873376,0.41766109785202865,-1.1767324705345361,1102,-0.028489402452069445,993,-0.024376900936388897,-0.1472614031767861,0.007963822055220124,-0.006959976104720983,-0.1045625232880231,0.0006159689303791792,0.00043388214692226035,-0.05878993420338538
1h,sl1.5_tp3,S donchian_20,15,33690,1268,-0.03353749570538553,-0.02086674105180309,0.4140378548895899,-0.7146716969204762,601,0.008352114664812194,667,-0.047194375663026165,-0.3586656728693001,0.1267631160562832,0.09347205086356948,-0.07497526718142998,-0.010869863254545552,-0.028810807204273193,-0.07508190215517216
1h,sl1.5_tp3,S donchian_20,20,25594,783,-0.03639798871443139,-0.02055668686383054,0.4086845466155811,-0.5443241560776673,313,0.022167082967274553,470,-0.04900889953858775,-0.9897060088576191,0.3586751592224975,0.22676150003471737,-0.21361350775317933,-0.0019481479705944263,-0.030221201924704122,-0.0774416183874063
1h,sl1.5_tp3,S donchian_20,30,15539,361,-0.08002116910703529,-0.08056582342888667,0.3601108033240997,-1.4685251181921113,96,-0.15397269942372505,265,-0.05397314382320936,,,-0.045238003772401024,-0.6993655753842052,-0.004537190203236646,-0.0065508792680760404,-0.13221988033917934
1h,sl1.5_tp3,S keltner_breakout,1,71734,15237,-0.033034595798050605,-0.03395889961560265,0.392071930169981,-3.417782648955408,8389,-0.002443326173451727,6848,-0.07256639751370489,-0.00032403157112246173,-0.045860061809297116,0.06150984781820628,-0.05030971279524482,0.015469811826581466,-0.029189124796131,-0.11140544463281687
1h,sl1.5_tp3,S keltner_breakout,3,60095,6140,-0.030751187554757725,-0.013717661066478844,0.4017915309446254,-1.0050375163575471,3437,0.01646027106799428,2703,-0.05209041457968052,0.02021095659170206,-0.01103150525667406,0.07385587836190924,-0.06934771642814289,0.052806000955035105,-0.03957920701337351,-0.06508282243699935
1h,sl1.5_tp3,S keltner_breakout,5,52430,3870,-0.03538919612784312,-0.02485636897460508,0.40878552971576226,-1.460505449291906,2180,-0.0032181171099140136,1690,-0.05276843351012374,-0.030766382840851873,-0.040813495871620094,0.07110834187622289,-0.09863464084579145,0.040265652458756684,-0.021950135841843094,-0.08915390753138412
1h,sl1.5_tp3,S keltner_breakout,10,39748,1921,-0.04146466362126872,-0.03562597509266476,0.39666840187402397,-1.4738309053936751,1019,-0.0056572486427741405,902,-0.06948199754547911,-0.06602775442322437,0.0546313271005357,0.0471531758220938,-0.17664794543259368,0.04473235657334554,-0.05141595818796841,-0.09341484349847012
1h,sl1.5_tp3,S keltner_breakout,15,30595,1138,-0.055063104661109676,-0.062312859671607296,0.38576449912126537,-1.9938630789151492,547,-0.014924556604778328,591,-0.10617309956594817,-0.4651583358865401,0.16599814685643824,0.03225257095070412,-0.18067920370294577,0.010685175808464648,-0.07835946142377785,-0.1457277406943625
1h,sl1.5_tp3,S keltner_breakout,20,23445,711,-0.040275837557039076,-0.03656634863665323,0.3924050632911392,-0.9118641592594916,299,0.022386911959295683,412,-0.07935038970021809,,0.2151333333242622,0.15724120361051824,-0.060818582353656905,-0.013342063192082233,-0.007878334055274243,-0.19191887734100463
1h,sl1.5_tp3,S keltner_breakout,30,14105,319,-0.04925249197030674,-0.05066718941516074,0.3761755485893417,-0.8544716409257183,87,-0.09331003144432086,232,-0.03467612365422568,,,-0.19528042328186612,-0.4466199192567894,0.036405584225712745,0.008467364512084378,-0.10791971984354273
1h,sl1.5_tp3,S rsi2_extreme,1,136557,31893,-0.03855556192526447,-0.03162413580182698,0.4029410842504625,-4.868674618183885,20272,-0.022891060463727717,11621,-0.04685835861001459,-0.05250751807500495,-0.03771989258468843,0.017843420784304335,-0.053013380501066236,0.001308469295229112,-0.03602317796191944,-0.05809427950644421
1h,sl1.5_tp3,S rsi2_extreme,3,113071,14516,-0.04048937508237388,-0.03667689940576352,0.3984568751722238,-4.620028164141658,7836,-0.017383472027054144,6680,-0.059309129486536966,-0.10855843404820958,-0.022438445912733643,-0.00828180080372725,-0.04835692682364266,0.02747349997304605,-0.044613652662554744,-0.07158227496590673
1h,sl1.5_tp3,S rsi2_extreme,5,92155,8364,-0.04354151493512794,-0.046003401945704826,0.41726446676231466,-4.511966814138309,4172,-0.028697623245928408,4192,-0.06322661490740979,-0.2333337430268999,-0.032306275248028773,-0.02262070783937479,-0.04053695093810641,0.01386164964556426,-0.049105898759567,-0.07541436191145898
1h,sl1.5_tp3,S rsi2_extreme,10,59044,3248,-0.044578054280150235,-0.05341226565970983,0.4020935960591133,-3.1994708210464164,1414,-0.03981367541072083,1834,-0.06389667493564789,-0.33818801787489783,-0.09345628666368033,-0.0848388906177308,-0.021461237629612665,-0.0018775640225019033,-0.051986685338799424,-0.07672385512432615
1h,sl1.5_tp3,S rsi2_extreme,15,40208,1632,-0.04132308755433996,-0.05115410515277905,0.39828431372549017,-2.1156135297399157,611,-0.046787448448997564,1021,-0.0537672562262467,-0.22084599765281826,-0.18854071189873614,-0.06252416225761978,-0.01950514578421061,-0.02482553345863315,-0.04731902233960249,-0.061538561860690476
1h,sl1.5_tp3,S rsi2_extreme,20,28560,935,-0.04243089244126939,-0.06055149625867971,0.3893048128342246,-1.8694657801513002,302,-0.05945145933272425,633,-0.06107631640344838,,0.041926070608408174,-0.35802258023064054,-0.1486529499089552,0.01923178658135112,-0.04560542517529301,-0.08298357077614166
1h,sl1.5_tp3,S rsi2_extreme,30,15011,360,0.03224953362417225,0.038952135832355586,0.4388888888888889,0.7374022317509148,85,0.018503621270741587,275,0.045272585787763546,,1.238618006230603,0.5868759971899682,-0.017681405062493504,-0.0453694825740018,0.07718889833664566,-0.005612855917529615
1h,sl1.5_tp3,S rsi_30_70_rev,1,46115,18102,-0.09755813131403694,-0.08454303218699341,0.372666003756491,-9.388686485071412,10660,-0.08307829381381789,7442,-0.08664113902091591,-0.1778541158822993,-0.08888034924726061,-0.038606488278947707,-0.08003520206193879,-0.06526326419611937,-0.04705833055685504,-0.11911685809832787
1h,sl1.5_tp3,S rsi_30_70_rev,3,29171,4686,-0.10943029606773047,-0.11472259968013808,0.352112676056338,-8.409346544243137,2390,-0.12422449110673249,2296,-0.10483169353485908,-0.26447435562538546,-0.2360795981103299,-0.09291118685819016,-0.026213757696016374,-0.12050957552739279,-0.07291665806123937,-0.13011956317242662
1h,sl1.5_tp3,S rsi_30_70_rev,5,20450,2093,-0.1133549712352489,-0.13520529674604134,0.3717152412804587,-6.7020757351341285,1000,-0.16447678022028134,1093,-0.10842443354911543,-0.37687403705609235,-0.14441023070491138,-0.10093383753444797,-0.15786898435189733,-0.16355803271722003,-0.0780324632994565,-0.1366187481017091
1h,sl1.5_tp3,S rsi_30_70_rev,10,11469,670,-0.08140380108554203,-0.09518140247666136,0.3880597014925373,-2.584483832525523,277,-0.12901459410944974,393,-0.07133459819604464,-0.3971187399947789,-0.19068856115843816,-0.11127545937884768,-0.0854930543797477,-0.12108975192690358,-0.0476214240216866,-0.1008744380246735
1h,sl1.5_tp3,S rsi_30_70_rev,15,7547,330,-0.07399745637642377,-0.08732919223154162,0.3878787878787879,-1.6395097259124656,114,-0.09792115335183803,216,-0.08173899052916297,-0.3237649620411852,-0.05271396721134558,-0.31366798577207333,0.20132355693867113,-0.15750552853592806,0.0052679970735490245,-0.2296508694537734
1h,sl1.5_tp3,S rsi_30_70_rev,20,4809,166,-0.03962771465812271,-0.051189848921322556,0.40963855421686746,-0.6700923864572722,43,-0.17104281594733087,123,-0.009290031180522896,,,,0.018877256026528434,-0.23632784068834503,0.07259600549951938,-0.1730621045406074
1h,sl1.5_tp3,S rsi_30_70_rev,30,2209,55,0.002805277855529899,-0.004328689285228455,0.4727272727272727,-0.03402844334536247,7,-0.14907589460348156,48,0.016780278157016788,,,,-0.6114822120754031,0.03588663238528704,0.04480549325031278,-0.03927015202957514
1h,sl1.5_tp3,S smc_choch,1,79560,20141,-0.05114589536826204,-0.03193278609814815,0.3942703937242441,-3.7561263000397886,11718,-0.005409351327493955,8423,-0.0688319441941384,-0.07376059315718919,0.058203300739525655,0.05115315724515673,-0.09219264795970984,0.015997612182267397,-0.04700481334871553,-0.08897968163889747
1h,sl1.5_tp3,S smc_choch,3,63603,7891,-0.055140265189601335,-0.0391028332983334,0.3913318970979597,-3.395163753366435,4345,-0.02617271476592157,3546,-0.054946421855391905,-0.15274668162876073,0.028875540663986256,-0.016169688974600162,-0.11370011392862768,0.03963222492301016,-0.03320916391700081,-0.07510064035696538
1h,sl1.5_tp3,S smc_choch,5,52587,4627,-0.06115696924840207,-0.04714588374761371,0.4030689431597147,-3.1721129555051375,2512,-0.037048468126577756,2115,-0.05913865350649894,-0.2540213523816575,0.06039004949916192,-0.025675382612828316,-0.11892582299028519,0.007687560689185477,-0.04811203905048198,-0.07088673590055607
1h,sl1.5_tp3,S smc_choch,10,35153,1954,-0.0756538946965137,-0.06760496324442317,0.39355168884339814,-2.9683657145699853,945,-0.08115012117004367,1009,-0.05491896300684995,-0.20645899903816958,-0.14199765238178133,0.03201390369236771,-0.206707934013311,-0.03816770625703972,-0.04031089070843885,-0.07373389512815949
1h,sl1.5_tp3,S smc_choch,15,24661,1053,-0.09398900408277644,-0.09848245561201678,0.3694207027540361,-3.2083024174081225,439,-0.1288728995832656,614,-0.07675378313094475,-0.2004487899082646,-0.31338602488198,-0.09223613502661913,-0.36335059054249746,3.532087191112001e-05,-0.04884487904206053,-0.11657636959769262
1h,sl1.5_tp3,S smc_choch,20,16456,561,-0.0925367990864234,-0.10342614088973025,0.36363636363636365,-2.4673161735231046,190,-0.15866090244215966,371,-0.07513879669845908,,-0.45690516777915957,-0.11955341689162889,-0.4081204804249317,-0.05072626876198658,-0.010915501238800534,-0.17082719664506443
1h,sl1.5_tp3,S smc_choch,30,8076,204,-0.0538420271375093,-0.05328553456392391,0.4019607843137255,-0.7643425000678151,48,-0.03501014748569092,156,-0.0589087305879956,,,0.3943900087571006,-0.5039845862888779,0.10205591370782793,0.05999759191768721,-0.2654302380978658
1h,sl1.5_tp3,S supertrend_flip,1,44474,12380,-0.07189287846358285,-0.029622707943666126,0.39143780290791597,-2.6645084850290113,6645,-0.003446602238624431,5735,-0.05995230208664818,-0.06381596989874964,0.013060922871620596,0.04062751099935359,-0.054217511857905305,0.02071642454280445,-0.029301227752702476,-0.08584156590168242
1h,sl1.5_tp3,S supertrend_flip,3,33958,4017,-0.08724325732752486,-0.05756871432471668,0.3803833706746328,-3.529200340322856,2161,-0.051878120274032234,1856,-0.06419445448825604,-0.15958668103161533,0.018556888333460482,-0.0815550083874647,-0.08648262023982736,-0.020045128181540816,-0.05578932946951666,-0.07224493288173216
1h,sl1.5_tp3,S supertrend_flip,5,28199,2308,-0.09726509772871371,-0.07106810956420405,0.3925476603119584,-3.3675015712013208,1247,-0.05837333304512475,1061,-0.08598836057201917,-0.11072162298430188,-0.024006721681777397,-0.15398992747787552,-0.08071136972983188,-0.00047818603526957173,-0.043448629751855226,-0.13300151546652578
1h,sl1.5_tp3,S supertrend_flip,10,19855,1021,-0.10998053538165899,-0.08413723135407265,0.38981390793339865,-2.6756176610188787,499,-0.06409840090800249,522,-0.10329312482646541,-0.12659000773443968,-0.012921468246506727,-0.020132489366637328,-0.15395867545216788,-0.0424911215474818,-0.06270569354170605,-0.15728890394636852
1h,sl1.5_tp3,S supertrend_flip,15,14529,564,-0.1407479168037616,-0.13458214974480737,0.374113475177305,-3.2104024665169013,239,-0.10541330750422742,325,-0.1560324675771108,-0.3123223529045068,0.006303981200141263,0.19303482615238035,-0.3598620633661356,-0.111851187614721,-0.1272261878968531,-0.19980014833161094
1h,sl1.5_tp3,S supertrend_flip,20,10619,331,-0.15572595789772836,-0.15674493006496054,0.3595166163141994,-2.8638104632109886,130,-0.16414224075617553,201,-0.1519605997671598,,0.05856952039347265,0.0345685311284881,-0.4312546689635377,-0.1350461944652963,-0.0837415461141457,-0.25953679975845123
1h,sl1.5_tp3,S supertrend_flip,30,6198,147,-0.1489243612776503,-0.15643766415113944,0.35374149659863946,-1.8760728761931593,38,-0.30504264156827865,109,-0.10463042431764137,,,-0.14689825481179172,-0.7161207750271723,-0.16135375104215388,-0.030409335920593635,-0.22303073199864606
1h,sl1.5_tp3,S vol_spike_reversal,1,14334,9336,-0.07987120154047792,-0.07715339215562651,0.3630034275921165,-5.703592430886202,4403,-0.05825144655797068,4933,-0.09402451854250646,-0.11418745058086922,-0.10536133935653574,0.03157535405801353,-0.0906097500660565,-0.03886335467469136,-0.08216522552257122,-0.1035709673693844
1h,sl1.5_tp3,S vol_spike_reversal,3,4295,777,-0.1014768865820182,-0.11148809493516282,0.32947232947232946,-3.1157374022521944,250,-0.17909100769024935,527,-0.07941840197734186,-0.4666964436058394,-0.5992209858585804,-0.021975918526092167,-0.08103989881616117,-0.17623122240246172,-0.034264933690692674,-0.10980740285597562
1h,sl1.5_tp3,S vol_spike_reversal,5,2413,196,-0.09246861095147459,-0.11564814575766101,0.37755102040816324,-1.5503513597868637,80,-0.2158466293250097,116,-0.04654574329742057,-0.009705944166700786,-1.0265532331790137,0.12827561002839427,-0.21482407688148014,-0.31147075137038843,-0.17464449221821102,0.06502413479488073
1h,sl1.5_tp3,S vol_spike_reversal,10,1611,66,-0.07459753746300206,-0.1200160646761759,0.36363636363636365,-0.8641591616682116,30,-0.08715975194047473,36,-0.14739632528926022,0.7976545340989954,,1.0297022155283353,-0.26274869270601325,-0.23073203950254914,-0.1396602920023731,-0.15822677189090234
1h,sl1.5_tp3,S vol_spike_reversal,15,1355,44,-0.027525701514359475,-0.015004101160640488,0.4090909090909091,-0.08458506319157043,15,-0.02669580227611732,29,-0.008956669549186924,,,1.0297022155283353,-0.045453712200495,-0.419242353518894,0.036855956597187975,-0.06534144019087912
1h,sl1.5_tp3,S vol_spike_reversal,20,1119,30,-0.045514017024205614,-0.03909161650150437,0.4,-0.18378765512720818,12,0.016514534309241508,18,-0.07616238370866829,,,1.0297022155283353,-0.14215717037678857,-0.25207174927126025,0.4140753301310072,-0.6889595260082626
1h,sl1.5_tp3,S vol_spike_reversal,30,878,20,0.011387242621003376,0.08298098873729212,0.45,0.3027583679038532,6,-0.19643655676007055,14,0.20273136537901904,,,,-0.33664520388117264,-1.06324566545323,0.786531820076874,-0.5756692408847877
4h,sl1.5_tp3,L bb_revert,1,22624,3751,-0.07438575846899785,-0.07051040446079845,0.37296720874433487,-3.6933967039393605,2082,-0.09375193906076114,1669,-0.041517669267795314,-0.18638830344341087,0.10943870220480403,-0.22123602891313515,-0.031076075367273068,-0.12600817614111565,-0.11726492573035567,0.024942240789344285
4h,sl1.5_tp3,L bb_revert,3,20028,1718,-0.07775738154368446,-0.06747290361336046,0.3777648428405122,-2.7824631615845563,996,-0.07923038159124982,722,-0.051253446458266544,-0.03803818288249354,0.14112020394609806,-0.1815291135282385,-0.07000895965260158,-0.13635369609280107,-0.17164981586194247,0.054720441193927376
4h,sl1.5_tp3,L bb_revert,5,18210,1183,-0.07823109307364051,-0.059545252588145525,0.38377007607776836,-2.0657390459124785,693,-0.07802565949123716,490,-0.03340867711091591,0.05225504560079578,0.07153822212104788,-0.15155712467372373,-0.11669093650541718,-0.10954072358434506,-0.11425418361156157,0.04612759041805936
4h,sl1.5_tp3,L bb_revert,10,14749,650,-0.09279942212938234,-0.08524543682363402,0.3676923076923077,-2.2519794455983475,378,-0.10365932288135879,272,-0.05965555105223713,-0.03125402034189874,-0.10598935142545834,-0.145343688187005,-0.02651604492758829,-0.13049863827218297,-0.09709425579322822,-0.01876096587361603
4h,sl1.5_tp3,L bb_revert,15,11706,393,-0.09096551261012414,-0.07385208560179111,0.366412213740458,-1.5140287812968796,209,-0.0839476333320104,184,-0.062384860190835494,0.3309987703403843,-0.2619621913704136,-0.16621025695367864,0.05407578462628951,-0.07082033594399198,-0.11169719212425222,-0.002378287597159713
4h,sl1.5_tp3,L bb_revert,20,9684,274,-0.10446129683623215,-0.0933453772055103,0.3613138686131387,-1.6177824202477564,142,-0.1098442124097441,132,-0.07559663024338001,,-0.34052464162579005,-0.22170725261228938,0.10749571765799244,-0.11850888564717221,-0.018444175537077286,-0.1556100668322038
4h,sl1.5_tp3,L bb_revert,30,6495,138,-0.14636873748172702,-0.1702939378242584,0.3333333333333333,-2.059389153777522,57,-0.28099930175609916,81,-0.0923901632055556,,-0.2647947989507792,-0.49558503814606075,-0.06558997114628425,-0.29881746962769573,0.04466302303526981,-0.3381407040511735
4h,sl1.5_tp3,L bb_revert+volhigh,1,5081,1516,0.1100069223960218,-0.055729390687249206,0.3641160949868074,-1.7337133450500977,758,-0.025019149757672526,758,-0.08643963161682591,-0.10038980962366575,0.06186960203639561,-0.022355630636292825,0.0503193049590478,-0.09500273124132719,-0.1326076986327247,-0.04598543428111261
4h,sl1.5_tp3,L bb_revert+volhigh,3,3695,379,0.19293956444174717,0.0760009882267141,0.42480211081794195,1.3730219747506995,214,0.14598998271902966,165,-0.014772616751198196,0.36818554144674803,0.05402995068172354,0.1835898690568687,0.21282657950171915,0.06458554043325086,-0.04103101884678766,0.009348473545913042
4h,sl1.5_tp3,L bb_revert+volhigh,5,3194,230,0.22055673609022933,0.10863750433584421,0.45217391304347826,1.5467959237271707,138,0.17317141264822103,92,0.011836641867278874,0.15173646902706048,0.007905827884350668,0.1369710263436997,0.1705137594449718,0.28703719625852464,-0.09735613294909855,0.16022682302799687
4h,sl1.5_tp3,L bb_revert+volhigh,10,2417,109,0.2632212551975261,0.16040739382989536,0.46788990825688076,1.6014858924309785,68,0.12006769751026489,41,0.22731225601855073,-0.009464571011420194,-0.1976988766935379,0.010295551907876788,0.14064356245047566,0.34082272731945773,0.11306113938431984,0.47339158415381744
4h,sl1.5_tp3,L bb_revert+volhigh,15,1850,61,0.30750861357913134,0.2053781179086638,0.5081967213114754,1.5115888965648046,36,0.21935798837603981,25,0.18524710443564238,,-0.03781944526598535,0.16513460558886606,-0.25085919370591875,0.432713026667958,0.18321678180910078,0.19336839494180866
4h,sl1.5_tp3,L bb_revert+volhigh,20,1521,41,0.36238886238563256,0.2917473461103979,0.5609756097560976,1.756566685424639,22,0.3558993372104477,19,0.21746609325770863,,0.01763205957146304,-0.4197514542748689,0.09023391280927781,0.6325482697943936,0.3075158841012804,-0.26279945790800746
4h,sl1.5_tp3,L bb_revert+volhigh,30,1065,22,0.46215926904976107,0.42858391714581995,0.6818181818181818,1.9836816967820423,11,0.49665393897775995,11,0.36051389531387995,,,,,0.5478210042618272,0.42939374833625094,0.050554556713210186
4h,sl1.5_tp3,L cci_rev,1,32543,5878,-0.05077972051254281,-0.058859772122320624,0.3824430078257911,-3.930366596264629,3442,-0.08744371861390858,2436,-0.01847145363954323,0.03055908312501975,0.008027928542609903,-0.2391456246100495,-0.05395676387421536,-0.11505546402591811,-0.0760049400240866,0.03540330547094331
4h,sl1.5_tp3,L cci_rev,3,28419,2776,-0.04714003383908975,-0.033364224342308596,0.3922910662824208,-1.7882732778131445,1555,-0.05061107390107754,1221,-0.01139956335632522,0.01992976948864192,0.07326831813653677,-0.21894402977183103,-0.01276233719263133,-0.05934949163122991,-0.07920982842929064,0.046811988395809495
4h,sl1.5_tp3,L cci_rev,5,25193,1833,-0.044200873201993875,-0.018075727721258997,0.41134751773049644,-0.7974956068432304,1009,-0.013555121645099758,824,-0.02361127569558508,-0.045543208337280004,0.1216767615012962,-0.18215220331514334,0.013100913046192873,0.0065018884336250716,-0.08190437683889545,0.029027529262923794
4h,sl1.5_tp3,L cci_rev,10,19151,910,-0.06613627567865478,-0.05121679536334801,0.3967032967032967,-1.6367301427040706,462,-0.08740151358209707,448,-0.013901304700263045,-0.1226305962860234,-0.03935477278026166,-0.23051926996007624,0.05343504484938712,-0.10659361250114296,-0.039246508586861226,0.013812609829942448
4h,sl1.5_tp3,L cci_rev,15,14874,542,-0.07014298256310837,-0.05432633355234005,0.39114391143911437,-1.3404817900611952,241,-0.07689693926086029,301,-0.036254851905318866,-0.3858274298197427,-0.23844289741272526,-0.10660025642738664,-0.18668036538342014,0.04848385656712268,-0.032739136618109996,-0.04075603284121513
4h,sl1.5_tp3,L cci_rev,20,11716,353,-0.09869472006546365,-0.10184557706457659,0.3626062322946176,-2.050385719099776,142,-0.1295613323067809,211,-0.08319326784944378,,-0.23151717538542088,-0.12974151749168927,-0.4173816053058218,-0.026307856860513314,-0.11555608043635679,-0.042911894735945706
4h,sl1.5_tp3,L cci_rev,30,7179,162,-0.05332971301805015,-0.03410364179646852,0.4012345679012346,-0.4717579254888974,43,0.04162895943470224,119,-0.061469203585883155,,-0.7169267637231281,0.0694907492505649,-0.19756597975610535,0.13326876337654273,0.033279187378313646,-0.19682404782045002
4h,sl1.5_tp3,L engulfing,1,16691,4588,-0.07337271619988088,-0.09500957874897026,0.35745422842197033,-5.362551523396238,2670,-0.11860621966775696,1918,-0.062161282996540376,-0.06781503395373326,-0.01883435980936577,-0.2392078049787229,-0.08913443999000571,-0.13335037045987333,-0.1202537596982494,-0.010694890166412696
4h,sl1.5_tp3,L engulfing,3,13116,1831,-0.06028524474443002,-0.07963180771595177,0.361004915346805,-3.3480720511148103,966,-0.1290602523686914,865,-0.024431949294510768,0.3626868637944826,0.20220570515502156,-0.26943896390306527,-0.11951564202764763,-0.2640502677245204,-0.12307700847162098,0.051775401750101015
4h,sl1.5_tp3,L engulfing,5,10435,1039,-0.03793911115357848,-0.03268531732898555,0.38402309913378246,-1.0489726806209871,514,-0.06694117685927348,525,0.000852800382572525,0.22524753438026437,0.2749800882138423,-0.2115798747018208,0.007021998784723858,-0.16340424078598467,-0.1296082367602773,0.10821136219804266
4h,sl1.5_tp3,L engulfing,10,6069,366,-0.05796696636366213,-0.07414065802004614,0.3524590163934426,-1.4438821578463712,139,-0.1429112030838112,227,-0.032030059941353016,,0.3843921299670687,-0.30874309109167775,-0.08489810854826911,-0.1884673577678081,-0.06251322612895355,-0.004849236757409233
4h,sl1.5_tp3,L engulfing,15,3833,176,-0.02351252056550678,-0.029217861457435403,0.36363636363636365,-0.36769984528340743,47,0.03099777080668116,129,-0.05115689026684223,,,0.5300610430855363,0.21444778599414488,-0.08508566073847207,-0.059835541858593036,-0.04086018498849384
4h,sl1.5_tp3,L engulfing,20,2449,93,-0.02119086322982732,-0.027711103136699333,0.3870967741935484,-0.26017339053265454,21,-0.23246041560328937,72,0.032007446332722754,,,,,-0.22121750938487333,0.022475259282189373,0.04153963338325612
4h,sl1.5_tp3,L engulfing,30,821,23,0.06678192153583012,0.07110263321645037,0.43478260869565216,0.2914530141916239,4,0.14652322849541266,19,0.055224613157721474,,,,,0.14652322849541266,0.35427530951704195,-0.3559700943363442
4h,sl1.5_tp3,L mfi_rev,1,10846,3502,-0.06119998142769244,-0.0896222588806891,0.36350656767561396,-4.4205526876095185,1825,-0.12845907770195847,1677,-0.04735798079552713,0.12809518465044734,0.06948324331503278,-0.23523603704113005,-0.13416672121790754,-0.2223480686855057,-0.09237433940978775,-0.010584054040215639
4h,sl1.5_tp3,L mfi_rev,3,7798,1096,-0.04743636965417952,-0.07542849260601078,0.3722627737226277,-2.5080365621015535,528,-0.143759712240049,568,-0.011909330692679488,-0.10836716183876524,0.2552461869621347,-0.29268007322045375,-0.22160265140116922,-0.13733267522914017,-0.008158076125104097,-0.015405397874705557
4h,sl1.5_tp3,L mfi_rev,5,6161,610,-0.041615273308535275,-0.08741221725680297,0.3885245901639344,-2.1916186556339157,273,-0.17568648501011347,337,-0.01590220213320132,0.13583102709176814,0.2603300249429049,-0.5671352368911213,-0.23707317738661687,-0.13209321108165548,0.00040989209689984733,-0.03505575793886846
4h,sl1.5_tp3,L mfi_rev,10,3581,215,-0.003996034927810288,-0.08654743217212618,0.3767441860465116,-1.2743070138665886,78,-0.06898036664864209,137,-0.09654911911250395,,0.32657377429367757,-0.2486512389295201,-0.24065558743792953,-0.0626939345940519,-0.05082778991360466,-0.16901311255981602
4h,sl1.5_tp3,L mfi_rev,15,2304,104,0.08684620061974714,0.019224614992989213,0.4230769230769231,0.19487240308544446,33,0.005814342219616387,71,0.02545755867638783,,1.106607007637716,-0.47013773995774394,0.30871488197972957,-0.12836495816136925,0.09553909932566727,-0.1207995696351519
4h,sl1.5_tp3,L mfi_rev,20,1389,50,0.13004738613468558,0.03644845620658274,0.42,0.2445569538666775,13,-0.26684737758647176,37,0.14301185726900728,,,,,-0.20704288239671897,0.2647424307986429,-0.18566069126100876
4h,sl1.5_tp3,L mfi_rev,30,565,14,0.5033414535101863,0.5652438429421839,0.6428571428571429,1.904056744316745,4,-0.08685780707508496,10,0.8260845029490914,,,,,-0.08685780707508496,0.9982321351626677,0.4244066944507468
4h,sl1.5_tp3,L pinbar,1,16698,3574,-0.07901577615988291,-0.03540705870962727,0.3824846110800224,-1.7549282219937254,1970,-0.0751653519376062,1604,0.013423264020496501,-0.00992592496787776,0.09902726295562173,-0.1842157652423855,-0.04185492015384092,-0.14180093054757886,-0.08002983671872818,0.09206978852319646
4h,sl1.5_tp3,L pinbar,3,13913,1395,-0.09150973871021133,-0.07100528566818151,0.3720430107526882,-2.644949314299243,769,-0.07735693510780886,626,-0.0632027003341984,0.09760484470366323,0.12410484321391461,-0.19911011173531698,-0.06839916828676781,-0.14667266434924806,-0.1258067104448549,-0.0021786021506247214
4h,sl1.5_tp3,L pinbar,5,12269,905,-0.09701711252492817,-0.0864489309118298,0.37900552486187844,-2.6473637803990266,508,-0.07832999283644776,397,-0.09683789953221794,0.05906297178670898,0.11899029508985655,-0.2628604109055043,-0.03677925841220469,-0.10615814550509076,-0.14761164441511979,-0.03685792618153713
4h,sl1.5_tp3,L pinbar,10,9301,454,-0.09710183524373862,-0.08873335602606841,0.3634361233480176,-1.9511212944953362,246,-0.04996490082242005,208,-0.13458450977653713,-0.040038315342107486,0.14576351501447002,-0.23273358166025812,-0.03868192888075324,-0.05410779772518809,-0.16869452049062428,-0.08000849263399766
4h,sl1.5_tp3,L pinbar,15,7064,263,-0.08650676645162793,-0.05710673240832831,0.376425855513308,-0.940313570762291,141,-0.024490604326650494,122,-0.09480242142075918,,0.09733926754638801,-0.3790751756980529,0.0015683925974122742,0.03212274964800784,-0.14643077023609788,-0.00950341033454736
4h,sl1.5_tp3,L pinbar,20,5353,160,-0.143134623793636,-0.15074418779244197,0.31875,-1.978726564011196,85,-0.03686492431581355,75,-0.2798073530659541,,0.3099697487560393,-0.6433693570297111,-0.24302119368910127,0.03256786332381158,-0.3108352790869121,-0.22133164633414878
4h,sl1.5_tp3,L pinbar,30,3294,74,-0.18744606796366356,-0.23767830200058288,0.2972972972972973,-2.1434126765353025,30,-0.18786743884525653,44,-0.27164025415194176,,0.019821779919048915,-0.3938365849624097,-0.9410246491001023,-0.05446270184712443,-0.3172940395020303,-0.18337626914177066
4h,sl1.5_tp3,L rsi2_extreme,1,33701,6686,-0.07365097773624535,-0.06717316440874636,0.3785521986239904,-4.787694817780764,4053,-0.09058666598657242,2633,-0.031132556017204816,0.030137647209289235,0.013470690657053745,-0.18117113466099016,-0.09231236461658737,-0.14427131931926587,-0.09726951767643717,0.03445409809418218
4h,sl1.5_tp3,L rsi2_extreme,3,29186,3285,-0.07164036469033774,-0.04845381850886271,0.38843226788432267,-2.7975806813325805,1844,-0.0541194651518018,1441,-0.0412036780441995,0.20196658290605884,0.12678480949868992,-0.21408862293483338,-0.07510464011121201,-0.11692639135649428,-0.10631701902990853,0.019458214697178244
4h,sl1.5_tp3,L rsi2_extreme,5,25194,2113,-0.07898258743196741,-0.06063120059136796,0.39138665404637957,-2.885799596791578,1155,-0.05742282051924665,958,-0.0644993414925163,0.21152492692456648,0.06895353925587912,-0.19234561817452295,-0.04502325202401429,-0.10087483369002609,-0.11937731939358419,-0.008463600344590419
4h,sl1.5_tp3,L rsi2_extreme,10,17773,975,-0.08893669141267577,-0.0640181527556794,0.39179487179487177,-2.102472939318135,482,-0.05411291365726471,493,-0.0737023824624459,0.32208461212033407,0.1110529833385348,-0.2210226924709716,-0.05270505716368337,-0.048469952079552715,-0.096981433962075,-0.04551698378576493
4h,sl1.5_tp3,L rsi2_extreme,15,12402,513,-0.0977549521573115,-0.06429508623101912,0.3898635477582846,-1.5295499364043745,208,0.005151325605667325,305,-0.11165526217210367,,0.26629749459185326,-0.18703375750527318,0.025083019197365292,-0.026873448937274176,-0.13633367999873264,-0.08016265434856967
4h,sl1.5_tp3,L rsi2_extreme,20,8767,295,-0.14436949083429526,-0.1176925294277039,0.36271186440677966,-2.143130510882467,100,-0.055692459702295506,195,-0.14948743697919542,,0.24782899829919725,-0.17748041858827515,-0.00433836671933061,-0.08406377406867277,-0.13005627159238048,-0.17863418505941794
4h,sl1.5_tp3,L rsi2_extreme,30,4241,104,-0.2164362905114516,-0.20810901447365493,0.2980769230769231,-2.2963128142630724,20,-0.08995802629573021,84,-0.23624020213506564,,,,0.13180603132457303,-0.0716608141013952,-0.19517049839088235,-0.3101656688745955
4h,sl1.5_tp3,L rsi2_extreme+volhigh,1,13173,2754,-0.09162682761325727,-0.027606944433468637,0.3794480755265069,-1.1722464557779884,1452,-0.054256597304088716,1302,0.0021129449429832625,0.07985344687280337,0.10824206484776867,-0.17719204881700976,-0.03127990113974167,-0.13348963812904235,-0.053226261476729625,0.04985191700462399
4h,sl1.5_tp3,L rsi2_extreme+volhigh,3,11028,1025,-0.10782669415804126,-0.057948816036551797,0.37658536585365854,-1.7735235762528874,615,-0.06561367554427029,410,-0.04645152677497405,-0.03301272487060423,0.04420101850578613,-0.3082386266780015,0.03720618681232389,-0.03483838580359433,-0.03212421616820969,-0.06179187954585302
4h,sl1.5_tp3,L rsi2_extreme+volhigh,5,9783,659,-0.11543081171577113,-0.0670928155405115,0.3884673748103187,-1.6860637851899873,404,-0.09230745344996212,255,-0.02714491861730346,-0.33715694146728825,0.1555542395892259,-0.30629883525086016,-0.060256726344992725,-0.0287859013898428,-0.01930956917928423,-0.03653382871975751
4h,sl1.5_tp3,L rsi2_extreme+volhigh,10,7856,364,-0.14239858706688438,-0.11276682822358976,0.3516483516483517,-2.1264871518860664,220,-0.14545822693470492,144,-0.06282163574827496,-0.6072733138460978,-0.04036371436919751,-0.41088398564438916,-0.0992439313729273,-0.006565500748459151,-0.16472842143232294,0.064561846356785
4h,sl1.5_tp3,L rsi2_extreme+volhigh,15,6329,234,-0.16416709467449547,-0.15052176549126783,0.3333333333333333,-2.3165990730427573,136,-0.1219097260753382,98,-0.19022826917051713,0.06829401081948239,-0.12002789497559388,-0.34646645791384245,-0.01318093305733712,-0.10304181288073294,-0.2680885378007309,-0.09063955348070883
4h,sl1.5_tp3,L rsi2_extreme+volhigh,20,4875,147,-0.1687052236857466,-0.15278518992066206,0.32653061224489793,-1.9011830378029215,79,-0.15949909574149096,68,-0.14498521109940493,,-0.40149614364541825,-0.3148511270666375,-0.04959654929709257,-0.13868613099867616,-0.2831655127662827,0.06484413587622423
4h,sl1.5_tp3,L rsi2_extreme+volhigh,30,3231,77,-0.184652411497333,-0.19048204624749296,0.3116883116883117,-1.7074373292985296,29,-0.23353042841297872,48,-0.16447364868917866,,,-0.30391551907097514,-0.17165274624339097,-0.22917100495283235,-0.3075415231427949,0.035821375545884146
4h,sl1.5_tp3,L rsi_30_70_rev,1,11958,2514,-0.07464472050005388,-0.07432085032090341,0.3623707239459029,-3.114849727969597,1296,-0.12169474894839627,1218,-0.023913155229580943,-0.02099885968390293,-0.062323947851310825,-0.10583564437410002,-0.0999633983718863,-0.22086061083680822,-0.07276784157409874,0.01739126140714774
4h,sl1.5_tp3,L rsi_30_70_rev,3,10046,982,-0.07725070888863496,-0.08462625005395047,0.3625254582484725,-2.633713674793205,561,-0.1257739277795331,421,-0.02979525907045433,0.02422287378501781,0.07600424988100174,-0.18337882652558168,-0.21226770277141951,-0.14529187162803395,-0.06142301857441978,0.006167269502582529
4h,sl1.5_tp3,L rsi_30_70_rev,5,8818,623,-0.08296754445782058,-0.11111066900943324,0.3595505617977528,-2.8117088505871135,362,-0.12769389699312633,261,-0.08811017655695465,0.16833142039954904,0.07739616378025217,-0.1219519994517921,-0.24517447972358267,-0.22704247704315844,-0.09904753357871268,-0.07485558287804449
4h,sl1.5_tp3,L rsi_30_70_rev,10,6743,307,-0.08577920940797647,-0.1493033754930542,0.3517915309446254,-2.725181530910206,164,-0.17598944088805735,143,-0.11869837741766598,0.9640113774782885,-0.06129653486993077,-0.2273877676422166,-0.191016072664168,-0.26778184497539836,-0.06639030342495687,-0.19105787977424693
4h,sl1.5_tp3,L rsi_30_70_rev,15,5453,197,-0.06214405643923066,-0.12821185251377648,0.3604060913705584,-1.8949948340865237,96,-0.15039352280618115,101,-0.10712828471109484,0.8178892123266053,-0.04842020197845456,-0.27412531289843106,-0.01732063326577801,-0.21090822242111745,-0.0998967586459283,-0.11963687033732887
4h,sl1.5_tp3,L rsi_30_70_rev,20,4386,132,-0.05121915467480339,-0.14183994307763284,0.36363636363636365,-1.737620601808731,57,-0.16941879279619426,75,-0.12088001729152616,,-0.06107249715546155,-0.17694259746723934,0.028234837508553084,-0.2153192153884637,-0.035717002574343855,-0.28137954502775436
4h,sl1.5_tp3,L rsi_30_70_rev,30,2560,56,0.057992508889345463,-0.03172605534655499,0.4107142857142857,-0.23509667997392997,14,-0.23807086804825078,42,0.037055548887343574,,,-0.2697920874723535,,-0.15093524729933222,0.2493685616359248,-0.4937269829841095
4h,sl1.5_tp3,L rsi_30_70_rev+volhigh,1,3082,1001,0.08742479650129187,-0.014134732494252835,0.38161838161838163,-0.348820409556155,486,-0.010007804179368607,515,-0.018029270671017353,0.3095333732236562,0.01565090428096746,0.03165313978405445,-0.11416196360647422,-0.09622820493806448,-0.01881099351595283,-0.017341696927844156
4h,sl1.5_tp3,L rsi_30_70_rev+volhigh,3,2158,228,0.13829427928676344,-0.01131451358712316,0.4166666666666667,-0.1601482389355406,128,-0.0510628202058452,100,0.03956331888484099,0.34798935276563336,0.0640579213052327,-0.13911155900486272,-0.40717228942379946,-0.01802544217507143,0.09556275243778711,-0.04443583144457815
4h,sl1.5_tp3,L rsi_30_70_rev+volhigh,5,1802,124,0.1875342950738539,0.06384675561934794,0.45161290322580644,0.687145552492807,72,0.13122314713206892,52,-0.029443632629034926,0.8977563759141531,0.13566826666537668,0.21699740773318965,-0.1687595807224002,0.07002526790890294,-0.004929885053779393,-0.06866562874944375
4h,sl1.5_tp3,L rsi_30_70_rev+volhigh,10,1394,62,0.2390792235477346,0.15325219801354287,0.46774193548387094,1.165766153126302,32,0.15901643298778345,30,0.14710368070768629,0.36073829456788103,0.24837181450583562,0.034646851508434606,0.2931614009199328,0.1288745983228402,0.24012191733338759,-0.06993887141895024
4h,sl1.5_tp3,L rsi_30_70_rev+volhigh,15,1035,33,0.21784830500254823,0.05202942793001936,0.48484848484848486,0.28873761027910977,17,-0.13574700453051222,16,0.2515418874193342,,-0.22866038338288716,-0.5472597686588565,-0.04435012979739968,0.07405293399614384,0.3689147081576738,-0.1005765747956846
4h,sl1.5_tp3,L rsi_30_70_rev+volhigh,20,868,23,0.2664696122770111,0.10156742050098366,0.5652173913043478,0.488042058434594,11,-0.20633179685747835,12,0.3838083697462406,,,-0.5472597686588565,0.22471946594810527,-0.012613219475089565,0.46217170829560633,
4h,sl1.5_tp3,L rsi_30_70_rev+volhigh,30,627,13,0.5180729910828749,0.47179915288555213,0.6923076923076923,1.6667298352369841,4,0.2583452201589097,9,0.5666675674307267,,,-0.31138754486986187,,0.8280779851876814,0.5666675674307267,
4h,sl1.5_tp3,L rsi_divergence,1,4348,1668,-0.06041269123300942,-0.10368928745693926,0.354916067146283,-3.3972164120640906,836,-0.14316927623219453,832,-0.06401949104334141,0.21760639099794477,-0.18162444167833364,-0.20354299535417267,-0.16311419901123006,-0.1756455873665912,-0.06969186204701444,-0.059409917221184425
4h,sl1.5_tp3,L rsi_divergence,3,2842,434,-0.03761694036703753,-0.09413448636983619,0.3663594470046083,-1.810014061317853,221,-0.03968010916892727,213,-0.1506340983951924,0.47814302499017874,-0.252941099462476,0.013684629924800691,0.05137321762162525,-0.17282977777731665,-0.14705195581054797,-0.15425003477780516
4h,sl1.5_tp3,L rsi_divergence,5,2136,226,-0.013606499787775382,-0.058529993163048744,0.38495575221238937,-0.7766573562400755,117,0.05412493767984397,109,-0.17945317581092443,0.28843018716078866,-0.06908599674614825,0.034425756609049,0.25563954569374525,-0.02972524586669676,-0.07776345195318889,-0.30868386654679664
4h,sl1.5_tp3,L rsi_divergence,10,1179,78,0.06282827340450851,0.045075345212897744,0.3974358974358974,0.3274160146976809,34,0.03506991705455914,44,0.05280681242615937,,-0.8577818618769534,0.442453535391152,0.15300308852700653,-0.1294268990500372,0.12754307061407413,-0.12541041863732966
4h,sl1.5_tp3,L rsi_divergence,15,651,33,0.07978760026020099,0.06428158879778867,0.3939393939393939,0.29605061174454317,15,-0.031924097176107745,18,0.14445299377603568,,,0.31049758575801206,-0.7615787776459606,-0.021966027264638106,0.26964665936619403,-0.18105053675837596
4h,sl1.5_tp3,L rsi_divergence,20,342,14,0.13732331913720283,0.12434508415806797,0.42857142857142855,0.37282117603952986,4,0.3498776633429079,10,0.03413205248413207,,,,,0.3498776633429079,0.07233319006197851,-0.1186724978272537
4h,sl1.5_tp3,L rsi_divergence,30,63,2,0.15980139893781461,0.1773888445530492,0.5,,0,,2,0.1773888445530492,,,,,,0.1773888445530492,
4h,sl1.5_tp3,L smc_sweep_swing,1,30367,7479,-0.07385332812279781,-0.06834457015940179,0.37772429469180374,-5.115934072168812,4622,-0.08169075084273437,2857,-0.046753374108172145,0.08432198155198754,0.03901890637582547,-0.19994482020529566,-0.07718644371788973,-0.14785052860552841,-0.12810452494820904,0.03958684442407482
4h,sl1.5_tp3,L smc_sweep_swing,3,24991,3495,-0.07312059329397042,-0.0541723315730338,0.3811158798283262,-3.2156745710388392,1855,-0.06057523523517546,1640,-0.04693002285762357,0.007555627487619226,0.14263510465295676,-0.1578153606909644,-0.0684622694724648,-0.11076204778065715,-0.1370118019263781,0.03497203704074348
4h,sl1.5_tp3,L smc_sweep_swing,5,19995,2035,-0.07875204794905466,-0.058899716449324825,0.39705159705159704,-2.7497442891996404,981,-0.05264876428648764,1054,-0.06471772790259168,0.2622784681428816,0.030069095931672243,-0.08276193843638283,-0.08154930080665301,-0.08398331963768313,-0.1319789328677947,-0.0011794678616619111
4h,sl1.5_tp3,L smc_sweep_swing,10,11259,682,-0.12195947152365225,-0.11784206964051396,0.3651026392961877,-3.406994318903546,286,-0.011039132453066924,396,-0.19497752427589238,0.3976660663469634,-0.07277387948513481,-0.12789982509569184,-0.037097919013608496,0.026234423461261265,-0.2601129314194395,-0.12068795180406296
4h,sl1.5_tp3,L smc_sweep_swing,15,6886,303,-0.13775424810146372,-0.1312505126759173,0.35973597359735976,-2.4822836884524726,109,0.032811733007081394,194,-0.22342981566275674,,-0.1840708767951124,-3.6205816141906176e-05,0.1639685327225345,0.041975353334197836,-0.24717875006265047,-0.18811088758086364
4h,sl1.5_tp3,L smc_sweep_swing,20,4429,155,-0.11298476881990152,-0.08323671596899984,0.36774193548387096,-1.0761854667557742,51,0.11061383437535849,104,-0.17829804354171402,,-0.19670070587877433,-0.706730912640647,0.25660197356112086,0.1788543832991494,-0.10850553775912175,-0.2995166062167427
4h,sl1.5_tp3,L smc_sweep_swing,30,1879,47,-0.2966939819469352,-0.3116895341497245,0.2127659574468085,-2.4931366819046814,11,-0.17421092621083825,36,-0.35369688657549525,,,,,-0.034917959465359596,-0.33924214255421686,-0.3912792210308189
4h,sl1.5_tp3,L stoch_rev,1,28549,5347,-0.07093183266307634,-0.10065377511258686,0.3616981484944829,-6.392045805850953,3018,-0.15365226323708112,2329,-0.03197647276835173,-0.12114364761064252,-0.00602313167769769,-0.2529631896311288,-0.13211446028419174,-0.19599929730402402,-0.08405999668238727,0.015368304297767466
4h,sl1.5_tp3,L stoch_rev,3,24688,2370,-0.06492038349904354,-0.06383907710205027,0.379746835443038,-3.124361940833866,1225,-0.08574004946043216,1145,-0.04040790580159801,0.024675048477547392,0.1925896604991396,-0.1739322934447702,-0.09520040901157101,-0.1823853415756116,-0.1419193623695153,0.045549375969622226
4h,sl1.5_tp3,L stoch_rev,5,21747,1503,-0.06382341823803858,-0.059938370844206126,0.3925482368596141,-2.3837100768714046,757,-0.08195478806200283,746,-0.03759731476662958,-0.005420498172387664,0.15157051731250176,-0.17010968277802177,-0.040201201952791206,-0.1620495363675902,-0.11815135148528165,0.04209747889369022
4h,sl1.5_tp3,L stoch_rev,10,17041,783,-0.07266140641728008,-0.08920986328634394,0.3767560664112388,-2.5764078720151153,365,-0.06748823649141876,418,-0.10817731252114704,-0.0524058640459755,-0.03985802085440275,-0.09704850633732684,0.0507701389043061,-0.11421295662786161,-0.14345825247710262,-0.06152806969049469
4h,sl1.5_tp3,L stoch_rev,15,13480,477,-0.07097461928827047,-0.09824286038366054,0.3668763102725367,-2.2069796762632645,194,-0.057499391544458364,283,-0.12617301216742455,0.5842373344917066,-0.007579787753042544,-0.1515808593234504,0.11155481552998045,-0.07184864682020148,-0.14792413459011153,-0.09662773754327478
4h,sl1.5_tp3,L stoch_rev,20,10721,312,-0.04460546891784866,-0.06030237339308592,0.38782051282051283,-1.0530020723880609,115,0.017929642397236215,197,-0.10597080900672574,,0.13639329781007697,-0.3435484774106008,0.21241940717529748,0.09680666709447233,-0.09169055272713898,-0.12518115376378894
4h,sl1.5_tp3,L stoch_rev,30,7105,162,-0.02991315425691089,-0.06184467642352454,0.37037037037037035,-0.773181488428747,47,-0.04193224765438693,115,-0.06998279948569386,,0.14417207824756365,-0.2527954716883142,0.7983242625135005,-0.11169578597019891,0.04067774987697774,-0.26971159589636945
4h,sl1.5_tp3,L sweep_pdh_pdl,1,35440,7490,-0.05507013411209326,-0.0653349422015991,0.3802403204272363,-4.96946628936714,4578,-0.08282505562366697,2912,-0.03783846581209819,0.07454621809787597,0.018947664970226215,-0.18787057121314343,-0.0962844449241853,-0.12499714175448774,-0.09417205884386898,0.021677816091524034
4h,sl1.5_tp3,L sweep_pdh_pdl,3,30240,3650,-0.04934347519174135,-0.0293067008654934,0.3917808219178082,-1.8025833327857776,1960,-0.02826684414058588,1690,-0.030512688546451273,0.17530319782605658,0.12123566649145523,-0.09073111636265006,0.009791956068248444,-0.141343422616183,-0.10407698391860228,0.035143239126118005
4h,sl1.5_tp3,L sweep_pdh_pdl,5,25323,2212,-0.05530700264204857,-0.03229347538950913,0.40099457504520797,-1.5935251223935694,1141,-0.024802224337963634,1071,-0.040274350692789604,0.16019209988636182,0.08822608756927333,-0.04081947604662821,0.07419766703416904,-0.14834285546770623,-0.12003933838551914,0.033608686468641506
4h,sl1.5_tp3,L sweep_pdh_pdl,10,16670,892,-0.06695572039980434,-0.03351108958051381,0.3901345291479821,-1.053383197684756,418,0.02435307953062105,474,-0.08453898554771715,0.3815842976057309,0.07471938069933426,-0.0784250202928044,0.05186473776859899,0.011188414757453073,-0.16180569612176868,0.003915665018957302
4h,sl1.5_tp3,L sweep_pdh_pdl,15,11931,487,-0.10466358596314865,-0.08607083092353124,0.3655030800821355,-2.0387869838244357,209,-0.023409744381390752,278,-0.13317934562607572,0.07936934024495616,-0.1637999540349737,-0.1690066694474099,0.10162905949552856,-0.0040375473321468455,-0.19839233521796223,-0.03795683869986976
4h,sl1.5_tp3,L sweep_pdh_pdl,20,8381,276,-0.13585575304554345,-0.13343981160047402,0.3333333333333333,-2.3973286257183166,102,-0.010853712005025211,174,-0.2053006286047027,,-0.3654589196741149,-0.11054575991111344,0.2950717612856344,-0.0032586742984195274,-0.22685369275728065,-0.17003197817321136
4h,sl1.5_tp3,L sweep_pdh_pdl,30,4100,94,-0.17848335548208363,-0.18884560634015982,0.2978723404255319,-1.9928193351408086,27,-0.10025299714500588,67,-0.22454710556805768,,-0.6963657343317599,-0.8548118192000296,,0.10168273291279173,-0.2623229265252257,-0.1522803176499972
4h,sl1.5_tp3,L vol_climax,1,1350,385,-0.058617767076779265,0.00668165405948512,0.38441558441558443,0.10087098526765767,149,-0.06618880080289115,236,0.052688848019205724,-0.308378415758706,-0.07847690091263872,0.05687094908204526,0.030008251813810366,-0.15570440686025472,0.2542511599646818,-0.05870085068750474
4h,sl1.5_tp3,L vol_climax,3,987,52,-0.09711664875101933,-0.02035692812338765,0.40384615384615385,-0.14484240978926663,36,-0.05865431951223711,16,0.06581220250152364,0.33224981206083937,0.3316942607285666,-0.8246501158756725,-0.26986230977323494,0.07603323235936184,0.22537387630731023,-0.13933852096305924
4h,sl1.5_tp3,L vol_climax,5,941,39,-0.0884059198118611,0.04675530415071701,0.4358974358974359,0.28157609524005245,26,0.06861195473514332,13,0.0030420029818644537,,0.5993169675896686,-1.0177801772572836,-0.09640394905797289,0.20799675246411659,0.23522949642196153,-0.26784340603158213
4h,sl1.5_tp3,L vol_climax,10,856,25,-0.10358584206734599,0.009580554179181654,0.44,0.051712373513046965,17,0.07157242150619371,8,-0.12215216389071898,,0.651655706941147,,-0.10716251729143285,-0.011907606433693874,0.056005131463587654,-0.3003094592450256
4h,sl1.5_tp3,L vol_climax,15,772,18,-0.19078843293445574,-0.2298927324123959,0.3333333333333333,-1.2968668080930605,12,-0.22433999629361767,6,-0.24099820464995236,,,,-0.2007928175864824,-0.25118580113553424,0.056005131463587654,-0.8350048768770324
4h,sl1.5_tp3,L vol_climax,20,772,18,-0.19078843293445574,-0.2298927324123959,0.3333333333333333,-1.2968668080930605,12,-0.22433999629361767,6,-0.24099820464995236,,,,-0.2007928175864824,-0.25118580113553424,0.056005131463587654,-0.8350048768770324
4h,sl1.5_tp3,L vol_climax,30,586,11,-0.1757692060928246,-0.2098660635245545,0.2727272727272727,-0.83803419427986,6,-0.27119524902620096,5,-0.1362710409225788,,,,,-0.2993126833856926,0.32955151638039026,-0.8350048768770324
4h,sl1.5_tp3,L vol_climax+volhigh,1,1350,385,-0.058617767076779265,0.00668165405948512,0.38441558441558443,0.10087098526765767,149,-0.06618880080289115,236,0.052688848019205724,-0.308378415758706,-0.07847690091263872,0.05687094908204526,0.030008251813810366,-0.15570440686025472,0.2542511599646818,-0.05870085068750474
4h,sl1.5_tp3,L vol_climax+volhigh,3,987,52,-0.09711664875101933,-0.02035692812338765,0.40384615384615385,-0.14484240978926663,36,-0.05865431951223711,16,0.06581220250152364,0.33224981206083937,0.3316942607285666,-0.8246501158756725,-0.26986230977323494,0.07603323235936184,0.22537387630731023,-0.13933852096305924
4h,sl1.5_tp3,L vol_climax+volhigh,5,941,39,-0.0884059198118611,0.04675530415071701,0.4358974358974359,0.28157609524005245,26,0.06861195473514332,13,0.0030420029818644537,,0.5993169675896686,-1.0177801772572836,-0.09640394905797289,0.20799675246411659,0.23522949642196153,-0.26784340603158213
4h,sl1.5_tp3,L vol_climax+volhigh,10,856,25,-0.10358584206734599,0.009580554179181654,0.44,0.051712373513046965,17,0.07157242150619371,8,-0.12215216389071898,,0.651655706941147,,-0.10716251729143285,-0.011907606433693874,0.056005131463587654,-0.3003094592450256
4h,sl1.5_tp3,L vol_climax+volhigh,15,772,18,-0.19078843293445574,-0.2298927324123959,0.3333333333333333,-1.2968668080930605,12,-0.22433999629361767,6,-0.24099820464995236,,,,-0.2007928175864824,-0.25118580113553424,0.056005131463587654,-0.8350048768770324
4h,sl1.5_tp3,L vol_climax+volhigh,20,772,18,-0.19078843293445574,-0.2298927324123959,0.3333333333333333,-1.2968668080930605,12,-0.22433999629361767,6,-0.24099820464995236,,,,-0.2007928175864824,-0.25118580113553424,0.056005131463587654,-0.8350048768770324
4h,sl1.5_tp3,L vol_climax+volhigh,30,586,11,-0.1757692060928246,-0.2098660635245545,0.2727272727272727,-0.83803419427986,6,-0.27119524902620096,5,-0.1362710409225788,,,,,-0.2993126833856926,0.32955151638039026,-0.8350048768770324
4h,sl1.5_tp3,L vol_spike_reversal,1,2574,927,0.01570015947313968,0.03622967420984521,0.3851132686084142,0.8286090156140723,391,-0.03278469114236465,536,0.08657410863655057,0.2926698073810504,0.24768691728695388,-0.19096927197016927,-0.04348010696748787,-0.17261212546645013,0.022144082036163006,0.13040268472521546
4h,sl1.5_tp3,L vol_spike_reversal,3,1683,134,-0.006161837223352676,-0.09529862329064195,0.3656716417910448,-1.1225006076228987,86,-0.12341851925089041,48,-0.04491714302853011,0.1342670320717401,-0.026339909106827226,0.004732048615154749,-0.35694172824570103,-0.14742917988864404,0.04932493273098348,-0.13161985272728263
4h,sl1.5_tp3,L vol_spike_reversal,5,1496,78,0.027537181975584052,0.030070963004610405,0.41025641025641024,0.26751909447937383,57,-0.009543952057527264,21,0.13759716103041267,0.5516861660167697,0.19267946834419583,-0.2534437463845839,-0.28923681698291154,-0.0022669229817323944,0.2854434069883914,-0.059531166913559
4h,sl1.5_tp3,L vol_spike_reversal,10,1289,45,0.01236122688952541,0.0016199596031850443,0.35555555555555557,0.011786087149145223,30,0.002530864525544156,15,-0.00020185024153313396,0.21938106082182499,0.11752029220237958,-1.0187402203869629,0.026408291171876208,0.05824871637317577,0.21870629175776182,-0.25038258395501306
4h,sl1.5_tp3,L vol_spike_reversal,15,1117,30,0.032468443715832705,0.07334915466896573,0.36666666666666664,0.4163411556889933,21,0.08209431124545374,9,0.05294378932382693,,0.274153208043078,,-0.12065453019980694,0.1154553749118386,0.6019460188638872,-0.3862579943082213
4h,sl1.5_tp3,L vol_spike_reversal,20,1000,23,0.003538965957644052,0.024841194225663676,0.34782608695652173,0.13058598692314813,15,-0.04479128644117956,8,0.15540209547599468,,-0.04257226465534603,,-0.30777789184495025,0.17999179768038567,0.6019460188638872,-0.29114182791189785
4h,sl1.5_tp3,L vol_spike_reversal,30,808,15,-0.004851222396466757,0.013740893306987386,0.3333333333333333,0.0665735441860342,9,0.19543407891352638,6,-0.25879888510282106,,,,-0.17789118668571538,0.36441525396812385,-0.19411299948466765,-0.29114182791189785
4h,sl1.5_tp3,L vol_spike_reversal+volhigh,1,2574,927,0.01570015947313968,0.03622967420984521,0.3851132686084142,0.8286090156140723,391,-0.03278469114236465,536,0.08657410863655057,0.2926698073810504,0.24768691728695388,-0.19096927197016927,-0.04348010696748787,-0.17261212546645013,0.022144082036163006,0.13040268472521546
4h,sl1.5_tp3,L vol_spike_reversal+volhigh,3,1683,134,-0.006161837223352676,-0.09529862329064195,0.3656716417910448,-1.1225006076228987,86,-0.12341851925089041,48,-0.04491714302853011,0.1342670320717401,-0.026339909106827226,0.004732048615154749,-0.35694172824570103,-0.14742917988864404,0.04932493273098348,-0.13161985272728263
4h,sl1.5_tp3,L vol_spike_reversal+volhigh,5,1496,78,0.027537181975584052,0.030070963004610405,0.41025641025641024,0.26751909447937383,57,-0.009543952057527264,21,0.13759716103041267,0.5516861660167697,0.19267946834419583,-0.2534437463845839,-0.28923681698291154,-0.0022669229817323944,0.2854434069883914,-0.059531166913559
4h,sl1.5_tp3,L vol_spike_reversal+volhigh,10,1289,45,0.01236122688952541,0.0016199596031850443,0.35555555555555557,0.011786087149145223,30,0.002530864525544156,15,-0.00020185024153313396,0.21938106082182499,0.11752029220237958,-1.0187402203869629,0.026408291171876208,0.05824871637317577,0.21870629175776182,-0.25038258395501306
4h,sl1.5_tp3,L vol_spike_reversal+volhigh,15,1117,30,0.032468443715832705,0.07334915466896573,0.36666666666666664,0.4163411556889933,21,0.08209431124545374,9,0.05294378932382693,,0.274153208043078,,-0.12065453019980694,0.1154553749118386,0.6019460188638872,-0.3862579943082213
4h,sl1.5_tp3,L vol_spike_reversal+volhigh,20,1000,23,0.003538965957644052,0.024841194225663676,0.34782608695652173,0.13058598692314813,15,-0.04479128644117956,8,0.15540209547599468,,-0.04257226465534603,,-0.30777789184495025,0.17999179768038567,0.6019460188638872,-0.29114182791189785
4h,sl1.5_tp3,L vol_spike_reversal+volhigh,30,808,15,-0.004851222396466757,0.013740893306987386,0.3333333333333333,0.0665735441860342,9,0.19543407891352638,6,-0.25879888510282106,,,,-0.17789118668571538,0.36441525396812385,-0.19411299948466765,-0.29114182791189785
4h,sl1.5_tp3,L vwap_2sd_revert,1,51587,7363,-0.06698406950378423,-0.059230199368533624,0.3802797772647019,-4.593188556382083,4658,-0.08003548573611569,2705,-0.023403573157739797,0.030790636238321612,0.04160305463203705,-0.18964963413948235,-0.1046211340153535,-0.11827113775588648,-0.09584076847877045,0.0535057355939337
4h,sl1.5_tp3,L vwap_2sd_revert,3,47243,4154,-0.06688634693046325,-0.051996221142632276,0.38252286952335096,-3.548886067047804,2451,-0.07475918224380335,1703,-0.019235200790917496,0.012839898226543791,0.026651369010364148,-0.10785383648963466,-0.10153664940091277,-0.1182995470744068,-0.08155455518573737,0.04242892674694749
4h,sl1.5_tp3,L vwap_2sd_revert,5,42930,2895,-0.06860321564874178,-0.053482230245357386,0.38998272884283247,-3.1611969085648144,1612,-0.06674118388873529,1283,-0.036823279915563806,-0.0020264973171615916,0.05090888188676488,-0.12870410050119033,-0.05010689372339446,-0.12080372866852646,-0.08034652359820613,0.008571186027319511
4h,sl1.5_tp3,L vwap_2sd_revert,10,34328,1589,-0.07842252740842973,-0.06961659365970002,0.3782252989301447,-3.1164808567280233,824,-0.07983169259491857,765,-0.05861366356477184,-0.014920751828347342,0.0868247164049719,-0.10498855728036775,-0.0850757327504806,-0.1442336344662234,-0.07989650777400586,-0.038149390286662165
4h,sl1.5_tp3,L vwap_2sd_revert,15,27133,976,-0.08832405087942749,-0.08210135029930486,0.3698770491803279,-2.9478904190077686,453,-0.07464750891659547,523,-0.08855754560784664,0.2413233116314643,0.018821994682359372,-0.048775757423038524,-0.026944867220500466,-0.17224701325408742,-0.11968370261585747,-0.05683049753790511
4h,sl1.5_tp3,L vwap_2sd_revert,20,20997,611,-0.099702443904285,-0.10309498408790782,0.353518821603928,-2.908775487351289,250,-0.10266141233985875,361,-0.10339524153115509,0.15607585319334805,0.009866419351022821,-0.01066860237587873,0.00043693067526685456,-0.22057070811736174,-0.1382508578315728,-0.06379596147387578
4h,sl1.5_tp3,L vwap_2sd_revert,30,13393,291,-0.11529769060372445,-0.12761103355962525,0.3402061855670103,-2.4782265365930125,94,-0.16211242765202213,197,-0.11114843942416683,,-0.32355575138124343,-0.29707627153431704,-0.16359123918072635,-0.12036440263676426,-0.14976067518467587,-0.06332192012989989
4h,sl1.5_tp3,L vwap_2sd_revert+volhigh,1,15736,4041,-0.030962651013707262,-0.014728834112038887,0.38752783964365256,-0.7645652835770538,2318,-0.022070744523365254,1723,-0.004851557075791328,0.08552618122666623,0.12042179877498413,-0.15525026292592378,-0.04510333794535932,-0.04680266439405199,-0.06429176868149242,0.05182556079313681
4h,sl1.5_tp3,L vwap_2sd_revert+volhigh,3,12345,1378,-0.035701152697071435,-0.02312971683015555,0.3867924528301887,-0.8622586232078413,673,0.007671111698346268,705,-0.052532493567292726,0.08399439833151029,0.19816914219977574,-0.07412076979617749,-0.03174079425962188,-0.03318243578421066,-0.11346785855767702,-0.0013022389278573494
4h,sl1.5_tp3,L vwap_2sd_revert+volhigh,5,10319,773,-0.044370178092858294,-0.047911178683655235,0.3984476067270375,-1.3647775308925432,383,-0.07674102573922947,390,-0.01959879042138617,-0.15181145642511706,-0.015725328622279825,-0.07526406953838184,-0.1154199774549822,-0.05562772655466524,-0.0651019155121149,0.027810224725498756
4h,sl1.5_tp3,L vwap_2sd_revert+volhigh,10,7569,348,-0.05077400924754322,-0.07010753374569685,0.3764367816091954,-1.3465790988081767,173,-0.15269089277113643,175,0.011532015462309163,-0.24759394978420313,-0.19641714510787636,-0.16789948739489347,-0.17655808206726298,-0.09277613406517701,-0.04837549097743552,0.09723303161916622
4h,sl1.5_tp3,L vwap_2sd_revert+volhigh,15,6035,218,-0.05942785812934604,-0.10417384328713877,0.3440366972477064,-1.594390910038026,105,-0.1653068169836717,113,-0.04736886772841351,-0.16850940031578152,-0.3540797341366119,-0.3262345189204374,-0.1351573111515728,-0.013776197698020104,-0.1347928916349732,0.1251785478766385
4h,sl1.5_tp3,L vwap_2sd_revert+volhigh,20,4574,130,-0.0187151277082997,-0.047360250013874984,0.36923076923076925,-0.5626001988977136,58,-0.1017767960230095,72,-0.003524699062072176,,-0.06886628426478109,-0.02572446629411181,-0.1351559156290169,-0.10108787656740678,-0.15033410896443175,0.30924317420817216
4h,sl1.5_tp3,L vwap_2sd_revert+volhigh,30,3050,66,-0.008674512699723077,-0.05935742665392687,0.36363636363636365,-0.507715289148721,26,0.1578863909053861,40,-0.20056590806748034,,,0.18313521801168475,0.15175517384253853,0.17130078052114014,-0.2458526452612153,-0.09489685461543189
4h,sl1.5_tp3,L willr_rev,1,36276,6295,-0.06607442315615625,-0.09104338549932671,0.36838760921366165,-6.369929662738116,3714,-0.13477996822972532,2581,-0.02810744274043461,-0.06810441829926835,-0.049235768116128356,-0.23828227652113038,-0.0678329629712029,-0.195241354055816,-0.08347889371255908,0.024136855503595487
4h,sl1.5_tp3,L willr_rev,3,31973,3023,-0.06320853077290045,-0.07027481650710775,0.37247767118756203,-3.9705422203795684,1641,-0.08886796529155781,1382,-0.048197134050318634,0.02997752270996062,0.07553954593404989,-0.21707055829919772,-0.0023690301745427325,-0.1841547079765952,-0.1304356090771216,0.021507669648869954
4h,sl1.5_tp3,L willr_rev,5,28413,1970,-0.06066124578800418,-0.06361888660144335,0.37969543147208124,-2.947214462577873,1048,-0.07118352942139902,922,-0.055020463960105445,0.01940814276206871,0.10364290053607852,-0.18836958125027367,0.0030192418046906494,-0.14982403684719872,-0.13659857569602699,0.02141617014540085
4h,sl1.5_tp3,L willr_rev,10,22018,998,-0.05250542229217552,-0.04994973958915232,0.3807615230460922,-1.6478833875341874,498,-0.06155777549404612,500,-0.038388135827878075,0.036354855440683786,0.04362910807761192,-0.18041165807912224,0.014637426763351193,-0.08683445252237866,-0.08112795738764136,0.010196447654587862
4h,sl1.5_tp3,L willr_rev,15,17638,621,-0.044589195292768447,-0.030148964732050948,0.37681159420289856,-0.7677887756398172,281,0.051903048592967294,340,-0.09796254045066898,0.5020973530747969,0.11968171493890126,0.0004341662225042454,0.1488804111201963,-0.0068403160082212006,-0.14656966167068006,-0.03925523819792832
4h,sl1.5_tp3,L willr_rev,20,14014,407,-0.06102612685216207,-0.05360807001758929,0.36609336609336607,-1.1052049596808298,165,-0.006466589789283109,242,-0.08574998835507076,,0.18087386223958538,-0.14643886368066092,0.08087100066041533,-0.035431792244855785,-0.12677105314678444,-0.02848295730921308
4h,sl1.5_tp3,L willr_rev,30,9026,196,-0.11577579437294652,-0.15826018263854116,0.3163265306122449,-2.391907858401624,62,-0.044304495767858894,134,-0.21098594820557326,,-0.16194122348924908,-0.16440001080505284,0.49466991193775506,-0.06639458469510633,-0.22299603012778457,-0.1908090105762582
4h,sl1.5_tp3,L zscore_revert,1,14412,3164,-0.08017853228118772,-0.06686711581255736,0.3672566371681416,-3.1584392839943765,1741,-0.08679740458999503,1423,-0.04248297472926926,0.1519603324802156,-0.07652594249241679,-0.21592314378409116,-0.03173969957789194,-0.14578731895583502,-0.1316739434052707,0.030834057140119886
4h,sl1.5_tp3,L zscore_revert,3,12101,1341,-0.08444066476907608,-0.09758034153048732,0.36316181953765847,-3.5779722013936293,777,-0.10735338888394919,564,-0.08411640927226065,0.27426250926328016,-0.046279111792064294,-0.1999968652998521,-0.19418975236914615,-0.126614871654352,-0.1237994980352935,-0.04581600652884567
4h,sl1.5_tp3,L zscore_revert,5,10398,843,-0.08190481680649629,-0.09096496255838021,0.37129300118623965,-2.696172696607689,468,-0.08940352003710743,375,-0.09291364282492869,0.30708643188429674,-0.04596835375472064,-0.06654352760836639,-0.21679113188665655,-0.1479593192066166,-0.09195069905459184,-0.09393478649347271
4h,sl1.5_tp3,L zscore_revert,10,7465,393,-0.06010901722470358,-0.046601745248246965,0.37659033078880405,-0.9165031411995195,198,-0.001991738621606555,195,-0.09189805966914338,0.8091594728139344,-0.028429401345348583,0.0570015823789534,-0.021364194189599933,-0.06912089163602328,-0.05036920997367117,-0.15419133421235168
4h,sl1.5_tp3,L zscore_revert,15,5278,206,-0.08083044798486913,-0.0951302974812476,0.3640776699029126,-1.3937260874099702,96,-0.1025971715490381,110,-0.0886137528402668,,-0.04030409057750481,0.017662297356074542,0.2225033220284387,-0.20771049178551582,-0.015547465073579157,-0.2270551401876751
4h,sl1.5_tp3,L zscore_revert,20,3916,124,-0.049602645616694585,-0.04888373958016088,0.4032258064516129,-0.5768099496918462,47,-0.061142311390611395,77,-0.041401234708846914,,-0.25502098622818936,-0.034698092343199385,0.5353878272969528,-0.134136033827683,-0.007499155324591601,-0.09751502127589017
4h,sl1.5_tp3,L zscore_revert,30,2395,61,-0.06252441569493168,-0.06058759680900436,0.4098360655737705,-0.513887882464097,16,-0.1841033533514591,45,-0.01667088337168712,,,,,-0.22280782357351256,0.07513365810833607,-0.18306661480422903
4h,sl1.5_tp3,S bb_breakout,1,17707,3512,0.05572444375462946,0.050881506213506664,0.41116173120728927,2.4398418102351407,1930,0.08881600710410237,1582,0.004602374279973289,0.12554432390503173,-0.0740518460234621,0.2434296238288483,-0.06179674202137358,0.1806396698901009,0.14102937496795095,-0.11621438556647182
4h,sl1.5_tp3,S bb_breakout,3,15045,1453,0.05349447241500063,0.03551828927721419,0.40949759119064005,1.2568255321930724,861,0.04540586182646566,592,0.021137883931090028,0.11403225442251898,-0.16025916463205736,0.3022737289472932,-0.17538742537074867,0.11818795439499644,0.1328828481277843,-0.0968151338320873
4h,sl1.5_tp3,S bb_breakout,5,13396,972,0.05923938507835075,0.04844006249022804,0.4228395061728395,1.4158355344555567,564,0.06947038719764574,408,0.019368731277033,0.017930527590053934,-0.0488353582757492,0.2744251550073176,-0.18907511544978872,0.18698801653262861,0.09042734725308255,-0.06136278530308611
4h,sl1.5_tp3,S bb_breakout,10,10311,503,0.0719389744926676,0.07115876813474059,0.4234592445328032,1.4886202981523635,281,0.05235890295359315,222,0.09495499388204881,0.09483695466536028,0.06788807369194635,0.22520485400800772,-0.19774973882739175,0.10095612949739906,0.13796647132543863,0.044353255713354925
4h,sl1.5_tp3,S bb_breakout,15,7980,302,0.07141683123696116,0.06798068633433046,0.4105960264900662,1.1164257885893358,155,-0.01679323700930922,147,0.15736815652660366,,-0.15870486451932023,-0.05198464399493427,-0.11990971587002391,0.08936460416123587,0.16300774617109395,0.15063431814512274
4h,sl1.5_tp3,S bb_breakout,20,6049,187,0.0984127622058301,0.12323590266076159,0.43315508021390375,1.570199068389218,81,0.06982432226980628,106,0.16405041220479352,,0.2467581643253182,-0.12793231185142045,0.1420444116067856,0.0869767445669649,0.23212259485653028,0.06813051846825537
4h,sl1.5_tp3,S bb_breakout,30,3667,86,0.047113266214101605,0.07774318261993729,0.4418604651162791,0.6613421713524237,24,-0.0805072187360828,62,0.13900140249968695,,,,1.0664367708787659,-0.2053058044245705,0.1584981846190038,0.10093625645721127
4h,sl1.5_tp3,S bb_revert,1,24815,6912,-0.047083086968433434,-0.02998866470782459,0.3951099537037037,-2.131864430921016,4363,-0.010093758598525815,2549,-0.06404181314049254,-0.1081202226365241,-0.06718284109214295,0.1820142093649427,0.00019238347945572026,-0.03466310718381818,0.013755135314652037,-0.13313702884250608
4h,sl1.5_tp3,S bb_revert,3,19130,2653,-0.05517874765876361,-0.061644652210655834,0.3874858650584244,-3.404527494588952,1441,-0.05866687932175448,1212,-0.06518505710579349,-0.1790743959252286,-0.029067969968915565,0.14069086227330946,-0.1131685994664353,-0.09917585872929459,0.021448734272901837,-0.12499499676054131
4h,sl1.5_tp3,S bb_revert,5,14907,1403,-0.046078369488860085,-0.043659980272384206,0.41767640769779046,-1.801725305801647,718,-0.0597113336275271,685,-0.02683535004027824,-0.15413493633457906,-0.15537197190398663,0.2047479556991912,-0.0866558960569356,-0.09291254082318348,0.04808599406121145,-0.08384490750567913
4h,sl1.5_tp3,S bb_revert,10,8986,476,-0.0552529515579961,-0.07305674954323377,0.3802521008403361,-1.7121524226819596,205,-0.15056942072570204,271,-0.014421703076790951,-0.10954020041512777,-0.17012244081091155,0.09550009528395029,-0.2218840759683691,-0.17889397532563256,0.09631853220051297,-0.13632180702545113
4h,sl1.5_tp3,S bb_revert,15,6207,238,-0.07162776078113814,-0.12942288521325507,0.3487394957983193,-2.1659386111685333,89,-0.22944222657994143,149,-0.06967978869221422,,-0.7363102502406336,-0.16686625576259825,-0.3741649414191598,-0.11181199224041975,0.045272476641648574,-0.20660822239872725
4h,sl1.5_tp3,S bb_revert,20,4588,141,-0.005787790544820524,-0.045900224743227594,0.3900709219858156,-0.5650442798335926,45,-0.16631918381624008,96,0.010546162322246977,,,-0.30752310437143277,-0.18425858666060063,-0.1343276428462505,0.12011661444681948,-0.15669294881525833
4h,sl1.5_tp3,S bb_revert,30,2903,70,0.0047138882361294635,-0.05260108122183311,0.4,-0.44469004477804985,15,-0.5533821250602837,55,0.08397556709774436,,,,-0.7740782546950115,-0.4982080926516019,0.2299177953847443,-0.11907448964938601
4h,sl1.5_tp3,S break_pdh_pdl,1,28754,5608,0.017945900312716152,0.012824662764989758,0.4035306704707561,0.8175495053843537,3257,0.056246591872529,2351,-0.04733068521597806,0.0516924217923383,-0.020751978458627134,0.19354812518250594,-0.056562612141401736,0.09749769534536867,0.05627896628862243,-0.14519852807640302
4h,sl1.5_tp3,S break_pdh_pdl,3,24826,2626,0.01859594894710168,-0.0014422394290606782,0.39565879664889564,-0.07198697172540255,1437,0.011673618102314374,1189,-0.017293784654111962,-0.17557715243337674,-0.104924102020877,0.13345225716869005,-0.09306493697211703,0.11975027481413672,0.10022228124681799,-0.12191858100470143
4h,sl1.5_tp3,S break_pdh_pdl,5,21559,1660,0.027629568804199207,0.01944477346046271,0.4210843373493976,0.7851493988597399,919,0.016151007662647626,741,0.023529754254244164,-0.1631710820387165,-0.165661309667558,0.07936644226303739,-0.05828833694684798,0.14957345141084405,0.09840039589992985,-0.05485691199911185
4h,sl1.5_tp3,S break_pdh_pdl,10,15902,800,0.03295397956825479,0.028516649130508363,0.4175,0.7808917380145148,417,0.0031498503602124094,383,0.056135330820360596,-0.17941258479521266,-0.29261291292692665,0.060566816248542876,-0.03492102575679365,0.13622394703880597,0.12243237225495476,-0.02693096227121914
4h,sl1.5_tp3,S break_pdh_pdl,15,11970,462,0.0491108225736411,0.0642625974163483,0.4264069264069264,1.3415456740338472,217,0.0010720486216602328,245,0.12023136920592914,-0.8291897797207519,-0.08387816685849703,0.15694602191429874,-0.09543316851249148,0.01540074134190501,0.18845556569006922,0.02773510281877767
4h,sl1.5_tp3,S break_pdh_pdl,20,8666,265,0.03756776746834531,0.04566028462708807,0.43018867924528303,0.7271852968581396,100,-0.03505730178378239,165,0.09458003396700958,,0.4275569866814799,-0.24922075520878273,-0.0843586895735887,-0.019840750865382662,0.10044151065195227,0.08681976906018407
4h,sl1.5_tp3,S break_pdh_pdl,30,5300,123,0.041369830800001214,0.0510020999613739,0.43089430894308944,0.5503145350804702,27,-0.23743108237003785,96,0.13212393249208348,,,-0.7602864464538538,-0.474261186746497,-0.10760522161075435,0.03784508130342168,0.25859556213541024
4h,sl1.5_tp3,S donchian_20,1,18126,3699,0.04356515917295479,0.03821544470996276,0.4155177074885104,1.9088732099212442,1919,0.09398326826588903,1780,-0.021907281921398212,0.12740963329089938,-0.04577518308865849,0.2602406297375051,-0.061697937287362635,0.15150631523872263,0.10304730183825724,-0.12960872231674977
4h,sl1.5_tp3,S donchian_20,3,15348,1515,0.044996506236170325,0.04490828415700124,0.42046204620462047,1.6496586455736726,824,0.08140549886942236,691,0.0013862799268492465,0.006791922309112546,-0.0715887724599914,0.27752065768556683,-0.1062537316627833,0.1695338280350859,0.11350238841159843,-0.11302460270817258
4h,sl1.5_tp3,S donchian_20,5,13649,1011,0.04177867547856165,0.03146750540519945,0.41839762611275966,0.9479002997312586,559,0.06144584884706747,452,-0.005607481285075369,0.05889299060547731,-0.07971838766461554,0.25225912536359074,-0.1921690028447771,0.1401064585430985,0.06708956901651975,-0.09638837494527623
4h,sl1.5_tp3,S donchian_20,10,10350,511,0.047506180329503905,0.028721962498633506,0.41487279843444225,0.6116559227914539,263,0.07147104035456475,248,-0.016612745066325853,-0.1005750261434287,0.0625024385869508,0.16890930709163832,-0.11427535763574322,0.13230256955128283,0.018984574547357868,-0.06672547656131751
4h,sl1.5_tp3,S donchian_20,15,8016,310,0.04642285997525614,0.00818033893602996,0.4,0.13782794398629,142,0.022842741841435886,168,-0.004212882567348858,-0.21846878621665938,-0.19881574344556943,0.08607944437334242,0.02998951982252479,0.06447251228407341,-0.002924965259793265,-0.006154369851872944
4h,sl1.5_tp3,S donchian_20,20,5998,189,0.12430256262848575,0.1307635724118715,0.455026455026455,1.721268873263576,74,0.22479588189312086,115,0.0702558254413285,,0.257934735561175,0.11206864458272679,0.265161187140593,0.2491974751394258,0.06700154533954983,0.07513724559399648
4h,sl1.5_tp3,S donchian_20,30,3546,87,0.12016810061397945,0.1382532849600376,0.4827586206896552,1.230917895370737,23,0.03420095562983966,64,0.1756470908130775,,,-0.32647487002210757,0.15555417802289023,0.07148936734131706,0.22415729874586718,0.1047475561420772
4h,sl1.5_tp3,S keltner_breakout,1,16782,3552,0.06137964375339658,0.04676852749460884,0.4099099099099099,2.2550487003794832,1908,0.09678067685081584,1644,-0.011274769933397837,0.12930106647456593,-0.11869962732015392,0.3349244112035018,-0.10067275769607345,0.1740050403705759,0.1155669301458224,-0.12804026019324075
4h,sl1.5_tp3,S keltner_breakout,3,14136,1487,0.06162794354488407,0.02763735624154246,0.40685944855413586,0.9807442065764878,830,0.03882214784009836,657,0.013507406429059362,-0.09162546419450981,-0.16613757465471535,0.2849277464290389,-0.11558779776353913,0.106435957060771,0.13054092897139138,-0.11201750733874154
4h,sl1.5_tp3,S keltner_breakout,5,12227,925,0.07080527002760473,0.033909620539517744,0.4237837837837838,0.9657863050489341,503,0.024298715071145886,422,0.04536527326603685,-0.22793168812211956,-0.12174797195474799,0.15835941963493075,-0.26006601823948966,0.22809460474345608,0.09367432487919601,-0.011954793155794535
4h,sl1.5_tp3,S keltner_breakout,10,9218,458,0.09219818376563013,0.055885193031002395,0.4388646288209607,1.1195008740572119,236,0.06270878096154138,222,0.048631288744483483,-0.1594862192828209,-0.02859868851716282,0.14118443652696047,-0.22795274194954865,0.22402095881045114,0.13772244085304375,-0.07268432263738582
4h,sl1.5_tp3,S keltner_breakout,15,6927,261,0.13008296201643518,0.10508934062692134,0.4521072796934866,1.5707759949678761,114,0.1490236514588104,147,0.07101783426749712,-0.2684758334573055,0.16845677188645788,0.21663361146107465,-0.09054226349026517,0.2443388572167898,0.12504856911999887,-0.0030565602883520166
4h,sl1.5_tp3,S keltner_breakout,20,5296,164,0.15227134504537732,0.12801169956173578,0.4695121951219512,1.5579809424261997,61,0.11708352878608448,103,0.13448372303081077,,0.7107137162525871,-0.019168437109301897,-0.010860991128220088,0.1165157723103383,0.19071339762676792,0.042209385232317057
4h,sl1.5_tp3,S keltner_breakout,30,2959,67,0.2265033385323741,0.2380297791641391,0.5373134328358209,1.7423876696765672,15,0.33313586512344145,52,0.21059533129126343,,,-0.03247137683338647,1.1783702947593133,0.12346100103451543,0.23191126954007832,0.17357291222753238
4h,sl1.5_tp3,S rsi2_extreme,1,34300,8206,-0.025478294614869633,-0.005236645885849292,0.4017791859614916,-0.4075089538030536,5281,0.007765671557823947,2925,-0.02871194107218719,-0.11771739414311476,0.01104666262995673,0.1776227716070348,-0.06189517099809234,0.017695851693887377,0.02511245285643674,-0.08316564359557499
4h,sl1.5_tp3,S rsi2_extreme,3,28217,3696,-0.030937876029318946,-0.023249440711743726,0.40016233766233766,-1.4739944194629726,2035,-0.03131801341040426,1661,-0.0133641032994775,-0.09489448092570082,-0.054715734169562706,0.11196338082545519,-0.09200746231232862,-0.03444538551747157,0.06065641868513653,-0.07595256688869004
4h,sl1.5_tp3,S rsi2_extreme,5,22711,2080,-0.03632557192656958,-0.037873365081271204,0.41057692307692306,-1.8821299842818076,1029,-0.060877929802680926,1051,-0.01535034215231725,-0.11267450557327094,-0.14924408095197103,0.07000027657505048,-0.037010270956274204,-0.09209150566184642,0.08485595546866478,-0.09926435711813959
4h,sl1.5_tp3,S rsi2_extreme,10,14612,817,-0.0395084431091368,-0.04222660189147376,0.3990208078335373,-1.3040984990453988,346,-0.10451838827843513,471,0.0035333940530881307,-0.5281648254027114,-0.31970558806610483,-0.03604121698534752,-0.046306450468537166,-0.09504031191261336,0.09246681735956393,-0.08730847181361247
4h,sl1.5_tp3,S rsi2_extreme,15,9811,404,-0.030717698478218893,-0.03674565358717312,0.3910891089108911,-0.7925345962595924,139,-0.09976910777377171,265,-0.00368806818363651,,-0.270982515213125,-0.09410812679729251,-0.06245509968119541,-0.0828521052126942,0.09849760900284411,-0.12165852477290687
4h,sl1.5_tp3,S rsi2_extreme,20,6595,212,-0.0414268962586252,-0.0664125251040394,0.3867924528301887,-1.0455512660211428,66,-0.15077639127395318,146,-0.028275434917640032,,-0.49452719479345714,-0.04710555028434887,0.12646813352044553,-0.2273139651350943,0.06996237021414736,-0.18166428854446592
4h,sl1.5_tp3,S rsi2_extreme,30,3639,88,0.03512744722976464,0.0404007933244192,0.4318181818181818,0.387459588240469,20,0.22347003677719304,68,-0.013443101808749545,,,-0.5713105099473484,0.9100074077903701,0.14085658030550552,0.02767027738200628,-0.08881763032513533
4h,sl1.5_tp3,S rsi_30_70_rev,1,12466,4800,-0.09197023530349649,-0.03422167178805191,0.38729166666666665,-1.9472284181013269,2968,-0.04220896682564419,1832,-0.021281556246799796,-0.21480503568593698,-0.13102485393083863,0.1750952306407853,-0.039799217669299024,-0.007179335800312477,0.07865703151020532,-0.09944364239138359
4h,sl1.5_tp3,S rsi_30_70_rev,3,7930,1235,-0.12675283158987882,-0.08321372265210084,0.37732793522267205,-3.1242620924573257,679,-0.13124902547865433,556,-0.024551904991615567,-0.3287948064355891,-0.1522631981272752,0.12307742248043234,-0.20891499306527522,-0.08737599944129111,0.10019067487229558,-0.11256047360725834
4h,sl1.5_tp3,S rsi_30_70_rev,5,5702,568,-0.16554423233812948,-0.1459879164595659,0.36795774647887325,-3.9198486936723484,302,-0.2365457846133486,266,-0.04317409622482007,-0.14982362787736023,-0.37194615636167283,0.08419638877909874,-0.31859398384361853,-0.22968375140535038,0.007495063937002438,-0.08296128910356662
4h,sl1.5_tp3,S rsi_30_70_rev,10,3302,184,-0.19982800485424537,-0.19307356667087672,0.33695652173913043,-2.9179356352491057,79,-0.3577092929381582,105,-0.06920478214596976,-0.342563707345219,-0.43424858914773284,-0.22425188484489153,-0.31673761463695943,-0.40659699917355313,-0.03240184273605209,-0.10266199979134943
4h,sl1.5_tp3,S rsi_30_70_rev,15,2193,88,-0.18361671561904566,-0.1319351242875784,0.3522727272727273,-1.3128949223919744,32,-0.44133931790463565,56,0.044867272065025755,,-0.7738523205491734,-0.6397123741955439,-0.5274888207124677,-0.28121764856513654,0.02891947098693121,0.057728401966714894
4h,sl1.5_tp3,S rsi_30_70_rev,20,1647,56,-0.23011670234920564,-0.18529435664843114,0.30357142857142855,-1.470090386180788,20,-0.5725185100420652,36,0.029830173014698962,,,-0.8161691173538439,-0.40841442552214563,-0.5947931432105719,0.06272266505281462,0.003516179384206353
4h,sl1.5_tp3,S rsi_30_70_rev,30,775,19,-0.42945928897250035,-0.43747006733782695,0.21052631578947367,-2.0272037779118435,6,-0.5432051519163403,13,-0.3886692590708207,,,,-0.9504646044342664,-0.3395754256573773,-0.5732129627202904,-0.0933993332316692
4h,sl1.5_tp3,S smc_choch,1,19443,4730,0.042675697026234354,0.03536877305320665,0.41289640591966176,2.019819753733004,2709,0.08584631642793539,2021,-0.032292614874621255,0.020728917933422315,0.09889864749797825,0.2018306127648866,0.01842784769651709,0.08061017239713916,0.0867894994879127,-0.14089730574073545
4h,sl1.5_tp3,S smc_choch,3,15724,1909,0.046429217794348235,0.04730655831143137,0.42011524358302776,1.9888926320796423,1055,0.05877533500108583,854,0.03313845596062872,-0.109923678623282,-0.009803083252954363,0.22798706044460332,0.011583006925996559,0.08562887287519425,0.14497221208215816,-0.08134538916851988
4h,sl1.5_tp3,S smc_choch,5,13101,1135,0.051142294359930486,0.05826233390422859,0.439647577092511,1.923850968490525,634,0.03477915009812631,501,0.08797957648520434,-0.05091757374738758,-0.23099219055436374,0.2489689369626288,-0.059815225523841484,0.13064577923606477,0.1854480278059744,-0.02779081110977153
4h,sl1.5_tp3,S smc_choch,10,9025,510,0.04383847430913318,0.04501039082678626,0.43137254901960786,1.0009844777283883,257,0.0018567568351189928,253,0.0888462957116024,0.04720188562215452,-0.22348796323073486,0.23463311884401353,-0.20725470266611382,0.09543630604008675,0.11877907293809883,0.04993368531715705
4h,sl1.5_tp3,S smc_choch,15,6142,261,0.04449651732288295,0.04684277123157658,0.44061302681992337,0.7622188687855795,107,-0.08811462821659254,154,0.14061187344556422,,-0.494861950210418,0.0940970455438243,-0.2476109029359563,-0.006232850011883464,0.17937778597805198,0.09529397569631794
4h,sl1.5_tp3,S smc_choch,20,4213,146,0.06826037871277424,0.08615560937390573,0.4726027397260274,1.0414020364503203,46,-0.0995971298780267,100,0.1716018694297946,,-0.5792051805957356,-0.5598653597788816,-0.22447094112472277,0.09125867840424862,0.21016148197808174,0.12048796442392566
4h,sl1.5_tp3,S smc_choch,30,2020,52,0.021224533059079696,0.04400559922821916,0.4230769230769231,0.3130569205998989,6,-0.4685079610802156,46,0.1108551940510585,,,,,-0.36443069850571375,0.2581069522031997,-0.11820309640782785
4h,sl1.5_tp3,S supertrend_flip,1,10841,3058,0.06376218882223403,0.01601397957304266,0.40124264224983647,0.7216746909967047,1586,0.04103416955648219,1472,-0.01094391534117955,-0.01989663389823472,-0.0308821320078691,0.21124564027025805,-0.18508438984678682,0.17927052095564033,0.131869638320225,-0.12449810678902809
4h,sl1.5_tp3,S supertrend_flip,3,8255,992,0.08076788830251161,0.03378652548167224,0.4092741935483871,1.011738188137327,540,0.08742053307808303,452,-0.030289501292800853,-0.13603791926586303,0.017675660237955804,0.2618694671997261,-0.18021009671859733,0.23093924798177304,0.11154230500308615,-0.16598140255423385
4h,sl1.5_tp3,S supertrend_flip,5,6827,572,0.10305114983071899,0.07664745022532969,0.45104895104895104,1.7588424092221409,304,0.12095544231086759,268,0.026387638307406078,-0.17027153397879663,-0.014673641800996885,0.24184736332107615,-0.13636102714826293,0.3391449902265965,0.20266051683084108,-0.1552268425955269
4h,sl1.5_tp3,S supertrend_flip,10,4762,256,0.1161367311555467,0.09235712154531914,0.4453125,1.4127524842727202,135,0.1975116257414039,121,-0.02496401949989942,-0.2438751052404285,0.25472551946686806,0.32685996664485145,-0.2953637480229426,0.427629809005677,0.16367869093367085,-0.2513352720201837
4h,sl1.5_tp3,S supertrend_flip,15,3269,126,0.11363342133600589,0.042617610376996407,0.4444444444444444,0.4668060998357012,51,0.04018346321709585,75,0.04427283044572883,,0.02762418332729688,0.1066268435061424,-0.15578982872360553,0.1759962691701463,0.14017738006166924,-0.08459890810069115
4h,sl1.5_tp3,S supertrend_flip,20,2369,72,0.1992677634745677,0.14809234637652977,0.5138888888888888,1.2406618757554293,21,0.16246185306662184,51,0.14217549068060956,,-0.594888964221677,0.6631685848791162,0.2616921809767211,0.11850092575649619,0.2564382002878399,-0.034931709210597586
4h,sl1.5_tp3,S supertrend_flip,30,1469,35,0.23848666578437247,0.17360467753746991,0.5142857142857142,0.9682969426388066,9,0.3035787052720869,26,0.1286136679370256,,,,,-0.03153031397489533,0.15670279768251427,0.06541312600967614
4h,sl1.5_tp3,S vol_spike_reversal,1,3985,2750,-0.05565996322221523,-0.029322139086821845,0.3781818181818182,-1.179208109132279,1197,-0.058727858833607795,1553,-0.006657202488687415,-0.3238872515869,-0.2019678653469418,0.2779952168121321,-0.10091843074970108,-0.07031900992295215,0.05593766254989987,-0.05390394807713521
4h,sl1.5_tp3,S vol_spike_reversal,3,995,232,-0.1437869958681545,-0.10955877426101437,0.33620689655172414,-1.784072882081731,65,-0.23601498402402368,167,-0.06033929141912448,-0.12137134496654303,-0.40729448058022816,0.3456928707167336,-0.4079069117617342,-0.294353544606524,0.012146395126179415,-0.08872951864936857
4h,sl1.5_tp3,S vol_spike_reversal,5,392,49,-0.25741726552583605,-0.27930046420023275,0.32653061224489793,-2.3244893701546627,14,-0.5335333408699799,35,-0.1776073135323339,,,-0.2895017034777703,-0.1647939392533018,-0.7822156626960493,0.12874566190726006,-0.3586340717466394
4h,sl1.5_tp3,S vol_spike_reversal,10,145,6,-0.1782604662431078,-0.27574345718583965,0.3333333333333333,-0.8468582724909601,4,0.06217683198940875,2,-0.9515840355363363,,,0.08720611893388824,,,-0.9515840355363363,
4h,sl1.5_tp3,S vol_spike_reversal,15,119,4,-0.23626156888682126,-0.45721824524570354,0.25,-1.406014157966256,2,0.03714754504492926,2,-0.9515840355363363,,,,,,-0.9515840355363363,
4h,sl1.5_tp3,S vol_spike_reversal,20,104,3,-0.12261869566845059,-0.2682291637050965,0.3333333333333333,-0.716718798986968,2,0.03714754504492926,1,-0.878982581205148,,,,,,,
4h,sl1.5_tp3,S vol_spike_reversal,30,83,2,0.0687504801902319,0.03714754504492926,0.5,,2,0.03714754504492926,0,,,,,,,,
