tf,cid,exit,n_is,avgR_is,t_is,wr_is,pf_is,totR_is,avgret_is,sym_pos_is,bars_is,n_oos,avgR_oos,t_oos,wr_oos,pf_oos,totR_oos,avgret_oos,sym_pos_oos,bars_oos,y2020,y2021,y2022,y2023,y2024,y2025,y2026,dir,trigger,state1,state2,src,data,b_n,b_is,b_oos,family,pos_both,beats_base
15m,77,sl3_tp1.5,76842,-0.04471939921094114,-19.437086824138994,0.6320501808906588,0.8531638822159892,-3436.328074167139,-0.0009117251612605386,0.18085106382978725,10.849197053694594,78315,-0.05771928491824206,-24.929063136980623,0.6276703058162548,0.8168357696682644,-4520.285798372127,-0.001136919281110036,0.04,10.774053501883419,-0.037056533722929566,-0.04790588017098559,-0.03543945068440036,-0.08074370720598222,-0.025683070266746447,-0.039569280338439435,-0.07566694162973239,short,ichi_tk_x,none,none,single,ohlcv,1347065,-0.06507659990807109,-0.06376865347598153,Trend/momentum,False,True
15m,68,sl2_trail3,107810,-0.047635666813045985,-10.539799323858974,0.3342732585103423,0.9103814117420435,-5135.601239114488,-0.000794668450197459,0.30851063829787234,17.719135516185883,113229,-0.08632814953312629,-19.92112385539034,0.32765457612449106,0.8408619977040052,-9774.850043486356,-0.0013250859864358318,0.08,18.14851319008381,-0.05058346081391145,-0.03664884002746412,-0.07143161922658132,-0.10781308030959717,0.0025018001980840567,-0.05369372081837584,-0.11901392108251722,short,ema20_pullback,none,none,single,ohlcv,810009,-0.08582230200608469,-0.09239417726593409,MA,False,True
15m,82,sl3_tp1.5,35714,-0.04903294216956124,-14.062448563367214,0.6413171305370443,0.8452401114892957,-1751.1624966437103,-0.0007750696827907408,0.2127659574468085,9.900347202777622,34995,-0.06233642560220151,-17.450957165361768,0.6355765109301329,0.8101618761943918,-2181.463213949042,-0.0013947314960842895,0.16,9.550992998999858,-0.0740814508489261,-0.007238217784176057,-0.0191297473932713,-0.08332949104510133,-0.05588347138726981,-0.049660762177415385,-0.07467823674457968,short,rsi_divergence,none,none,single,ohlcv,1347065,-0.06507659990807109,-0.06376865347598153,Oscillator,False,True
15m,120,sl3_tp1.5,52459,-0.049642872083428234,-17.466261803619066,0.6373930116853161,0.8418197039307692,-2604.2154266245616,-0.001057004533838284,0.17894736842105263,9.924912789035247,53830,-0.05342837167278825,-18.861733005282943,0.6404978636448078,0.8321469679447304,-2876.0492471461916,-0.001045604129134851,0.10666666666666667,9.924614527215308,-0.062308464134081275,-0.008238964281100169,-0.05905082172173094,-0.07787902166765825,-0.042249705119300644,-0.019606681933529786,-0.09203175786098158,short,asia_range_break,none,none,single,ohlcv,1347065,-0.06507659990807109,-0.06376865347598153,SMC/ICT,False,True
15m,58,sl3_tp1.5,19553,-0.05008509937160228,-10.816906940889755,0.6254794660665882,0.839851015538971,-979.3139480129394,-0.0008035031131022293,0.21739130434782608,10.583133023065514,15196,-0.07423304243130885,-13.900969768355331,0.6071992629639379,0.7762269752064122,-1128.0453127861692,-0.0016836899700626504,0.2080536912751678,10.262634903922084,-0.042259253517220985,-0.01643654115165807,-0.05645686755102207,-0.06903033614331591,-0.05322574934726716,-0.08499410470704595,-0.06520645921550419,long,break_pwh_pwl,none,none,single,ohlcv,1331581,-0.08847099131568713,-0.0841655400260787,SMC/ICT,False,True
15m,119,sl3_tp1.5,17438,-0.05545151744397425,-11.462990458868033,0.6136024773483197,0.8221436285232533,-966.963561188023,-0.0013284106075765272,0.25274725274725274,10.88639752265168,20608,-0.05331871149141744,-11.89532519024977,0.6208753881987578,0.8292080904104363,-1098.7920064151306,-0.0012421516219539971,0.20666666666666667,10.636306288819876,-0.02601134626841666,-0.01620766038911913,-0.04111020683206864,-0.12175535913484614,-0.05119920540220652,-0.04364799526008169,-0.06685411078120038,short,break_pwh_pwl,none,none,single,ohlcv,1347065,-0.06507659990807109,-0.06376865347598153,SMC/ICT,False,True
15m,97,sl3_tp1.5,229676,-0.05579087959946143,-41.57614664389009,0.6246712760584475,0.82132680488209,-12813.826062885904,-0.001074570514720851,0.12631578947368421,10.80132447447709,224292,-0.06035082306362556,-44.09133974481971,0.6252117775043248,0.8092767915957155,-13536.206806586704,-0.0010707667176292385,0.02666666666666667,10.896692704153514,-0.053232033085300175,-0.03804593594424441,-0.06805494573762787,-0.08671360352290018,-0.03770991620965561,-0.050243201887507555,-0.07112716456848826,short,vwap_1sd_break,none,none,single,ohlcv,1347065,-0.06507659990807109,-0.06376865347598153,VWAP,False,True
15m,108,sl3_tp1.5,28525,-0.056847353345107945,-14.820553044481585,0.6258019281332164,0.8200534510647176,-1621.570754169204,-0.0013037297661095896,0.20212765957446807,10.346503067484663,33021,-0.05570963253259286,-15.369656581615647,0.6356560976348384,0.8263010184606205,-1839.587775858749,-0.0010028478314759903,0.13333333333333333,9.48335907452833,-0.060322013953572784,-0.04046199954054435,-0.06287027243251722,-0.08701528295473622,-0.04587538010457479,-0.046637134096976965,-0.06602009028502513,short,delta_absorption,none,none,single,taker,1347065,-0.06507659990807109,-0.06376865347598153,Taker flow (delta/CVD),False,True
15m,63,sl3_tp1.5,23452,-0.05686033195602182,-13.880844565360793,0.6070271192222412,0.8138232238003713,-1333.4885050326236,-0.0012568055708187882,0.2872340425531915,12.001364489169367,23650,-0.05890307153469779,-14.181591418133628,0.618139534883721,0.8102812082618555,-1393.0576417956026,-0.0012102140006187401,0.16,11.56274841437632,-0.08196616730086305,-0.03181650186874393,-0.06348985234807984,-0.08766920396261328,-0.03765536449297564,-0.02575932539402194,-0.09281232763756204,short,ema_x_50_200,none,none,single,ohlcv,1347065,-0.06507659990807109,-0.06376865347598153,MA,False,True
15m,64,sl3_tp1.5,24946,-0.056860388964294094,-14.193914976763299,0.6143269462038002,0.814764327620133,-1418.4392631032804,-0.0010333390577157546,0.09574468085106383,11.79852481359737,24672,-0.05993016156230455,-14.635623181514548,0.6230544747081712,0.8082687954189389,-1478.596946065178,-0.0011374040415081427,0.14666666666666667,11.338237678339818,-0.045734348874992406,-0.04167998146035349,-0.06857092540262923,-0.081524905164716,-0.04331704104827779,-0.03118929748066857,-0.08944072265294517,short,sma_x_50_200,none,none,single,ohlcv,1347065,-0.06507659990807109,-0.06376865347598153,MA,False,True
15m,116,sl3_tp1.5,65968,-0.057386151917274225,-22.662191048615227,0.6278195488721805,0.8185261793878159,-3785.6496696787462,-0.001080432761964925,0.0851063829787234,10.549993936454038,59771,-0.06384063835470341,-23.782877195434125,0.6252363186160512,0.8020177833387943,-3815.8187950989773,-0.0012592055875132345,0.06666666666666667,10.342992421073765,-0.03540472864688855,-0.04346946255615768,-0.04441862171035642,-0.08408864062200656,-0.057659760318135876,-0.058482665986690045,-0.06959131930135676,short,sweep_pdh_pdl,none,none,single,ohlcv,1347065,-0.06507659990807109,-0.06376865347598153,SMC/ICT,False,False
15m,81,sl3_tp1.5,302445,-0.0588672380843251,-49.91114635726182,0.6282861346691134,0.8134122600630291,-17804.101822413704,-0.001049317924601191,0.031578947368421054,10.867883416819588,293883,-0.06182296349797091,-51.1139726282371,0.6315608592535125,0.8071632436907287,-18168.717981674185,-0.0011793465557403857,0.02666666666666667,10.409271716975804,-0.07596921691633006,-0.0290893728811117,-0.05822690493609524,-0.0800460960951185,-0.05491598785005853,-0.05262874031482685,-0.07108759694056328,short,rsi2_extreme,none,none,single,ohlcv,1347065,-0.06507659990807109,-0.06376865347598153,Oscillator,False,True
15m,88,sl3_tp1.5,170813,-0.05995930780459323,-37.84737239578839,0.6312048848741021,0.8120746601878545,-10241.829244025983,-0.0010247811026609607,0.09473684210526316,10.595200599485988,167961,-0.06838287894034306,-42.403520399048986,0.627175356183876,0.7907959442884206,-11485.656729698961,-0.0013042036681113727,0.04,10.223379236846649,-0.056133842047277775,-0.03701219375651571,-0.06034018412840773,-0.08538700329568288,-0.054315083032871796,-0.06410533925140262,-0.07258654431909228,short,bb_revert,none,none,single,ohlcv,1347065,-0.06507659990807109,-0.06376865347598153,Volatilitas,False,False
15m,113,sl3_tp1.5,248541,-0.0603545117995221,-46.97443174675604,0.6159587351785017,0.8072880923174072,-15000.570717165023,-0.0012853937479605938,0.05263157894736842,11.513054184219103,247579,-0.06135792887480102,-47.319375658944416,0.6216480396156379,0.8052573383322518,-15190.934672894362,-0.0011701923442849712,0.02,11.386850257897478,-0.07709091037034888,-0.04825438446519668,-0.0688463302647885,-0.08006853335521584,-0.044610767478735686,-0.049902912010216106,-0.0731965327633686,short,smc_fvg_retest,none,none,single,ohlcv,1347065,-0.06507659990807109,-0.06376865347598153,SMC/ICT,False,True
15m,107,sl3_tp1.5,123559,-0.060547238404607816,-32.97445194151851,0.6146861013766702,0.8092189678521808,-7481.156230034937,-0.0014701522838747984,0.11578947368421053,10.688035675264448,120585,-0.0594673768470404,-31.853261220356625,0.6195297922627192,0.8125512761942301,-7170.873637100366,-0.001303202483379041,0.04,10.574192478334785,-0.07540027140922803,-0.04214677088439008,-0.03690000799716961,-0.09916502084235423,-0.05302932908370368,-0.04368850952770458,-0.07591736119195087,short,delta_surge,none,none,single,taker,1347065,-0.06507659990807109,-0.06376865347598153,Taker flow (delta/CVD),False,True
15m,115,sl3_tp1.5,239678,-0.06107711963856472,-46.16286051513301,0.6243877201912567,0.8068295527252948,-14638.841880731916,-0.0010651759107949005,0.08421052631578947,11.163481838132828,230477,-0.0677043626278666,-49.70589514712385,0.6234461573172161,0.790191409214666,-15604.29838538281,-0.0012928927714168316,0.02,10.880460957058622,-0.07727682195714086,-0.03152832288048804,-0.06544031232753139,-0.08719299261462407,-0.052004914410985384,-0.061119728660744874,-0.07467705118031173,short,smc_sweep_swing,none,none,single,ohlcv,1347065,-0.06507659990807109,-0.06376865347598153,SMC/ICT,False,False
15m,67,sl3_tp1.5,119557,-0.061541626180534235,-32.918334531977614,0.6227322532348587,0.8059147519620191,-7357.732201266132,-0.001214550678047458,0.11578947368421053,10.932099333372367,117038,-0.061047462334910874,-32.16885262577642,0.6266938942907432,0.8074498870951763,-7144.872896753299,-0.0011080499396181832,0.02666666666666667,10.873716228917104,-0.08758501124553768,-0.04264126765239888,-0.0618667726088512,-0.09460812420722887,-0.04171946146758743,-0.046727639516993685,-0.07538589472746189,short,ma_ribbon_align,none,none,single,ohlcv,1347065,-0.06507659990807109,-0.06376865347598153,MA,False,True
15m,98,sl3_tp1.5,145393,-0.06205525347789199,-36.4239321613992,0.6234344156871376,0.8047672761506407,-9022.39946891115,-0.00104214252532961,0.08421052631578947,10.479761749190127,145213,-0.06919555387619733,-40.09429611096277,0.6246617038419425,0.78744894676682,-10048.093965024244,-0.0013842661395845834,0.02666666666666667,10.314799639150765,-0.0786220946430693,-0.04252743673892433,-0.0532453866359702,-0.09031616321618029,-0.05331530028418923,-0.06517392472916235,-0.07325698239540537,short,vwap_2sd_revert,none,none,single,ohlcv,1347065,-0.06507659990807109,-0.06376865347598153,VWAP,False,False
15m,103,sl3_tp1.5,23910,-0.0624724425920557,-14.58027096598942,0.6369301547469678,0.80752442232844,-1493.7161023760518,-0.0010576490204732725,0.1935483870967742,9.074278544542032,30566,-0.08783489180841798,-22.75655904795354,0.6195118759405875,0.7454167184098448,-2684.761303016104,-0.0018363416956100602,0.07333333333333333,8.937185107635935,-0.10454209348712509,-0.025042456539065987,-0.03760714079967962,-0.05910140589128996,-0.07987277963043608,-0.08449830626616199,-0.09054371668018671,short,vol_spike_reversal,none,none,single,ohlcv,1347065,-0.06507659990807109,-0.06376865347598153,Volume,False,False
15m,104,sl3_tp1.5,14755,-0.06250729805182426,-11.40997846188823,0.6403930870891223,0.8083304402915407,-922.2951827546669,-0.0008674752370603717,0.31521739130434784,8.492917655032192,19610,-0.07281500935740397,-15.14658113343375,0.6279449260581336,0.7837638508388808,-1427.9023334986919,-0.001412005432109684,0.1610738255033557,8.365527791942887,-0.11111329834732805,0.0061573521697666405,-0.04507698689691067,-0.0813274916792847,-0.06458381005990356,-0.07621021318313669,-0.07007098339774079,short,vol_climax,none,none,single,ohlcv,1347065,-0.06507659990807109,-0.06376865347598153,Volume,False,False
15m,87,sl3_tp1.5,110705,-0.06257036530433592,-32.041647684164225,0.6212908179395691,0.8030867621560237,-6926.852291016508,-0.0011169019134877262,0.11702127659574468,11.137888984237387,107444,-0.07127168934446379,-35.614963642699216,0.6170563270168646,0.7811839885697346,-7657.715389926567,-0.0014661743172250778,0.05333333333333334,10.850843229961654,-0.0627951742068131,-0.05228207040199344,-0.04149556477842522,-0.09518602826460322,-0.05568485437354558,-0.0698801704536896,-0.07265011182949256,short,zscore_revert,none,none,single,ohlcv,1347065,-0.06507659990807109,-0.06376865347598153,Oscillator,False,False
15m,109,sl3_tp1.5,182091,-0.06284513986160258,-40.62637467588544,0.6348913455360232,0.8057397138997782,-11443.534362539074,-0.001056644461586715,0.07368421052631578,10.037179212591507,175782,-0.06734265665074546,-42.43683978577435,0.6335859189223015,0.7952810287706296,-11837.626871381339,-0.0012416596031609329,0.02,9.616689991011594,-0.07202309571662147,-0.03230450890914834,-0.062273465975813395,-0.0848140115673828,-0.06108795679308657,-0.06068924847770958,-0.07435157027894077,short,cvd_divergence,none,none,single,taker,1347065,-0.06507659990807109,-0.06376865347598153,Taker flow (delta/CVD),False,False
15m,92,sl3_tp1.5,256154,-0.06308340641887436,-49.885099153289424,0.6134317637046465,0.7991816843191766,-16159.066887820341,-0.0012943072922355081,0.07368421052631578,11.745450002732731,250044,-0.06430880970695127,-50.022488779912386,0.6154516805042313,0.7960208153020766,-16080.032014364924,-0.0012297266120720111,0.02666666666666667,11.683611684343555,-0.08274896002261348,-0.04749153166297612,-0.06034243569386768,-0.08673161476755449,-0.051240462323723916,-0.052768639854355294,-0.07649478651419059,short,nr7_breakout,none,none,single,ohlcv,1347065,-0.06507659990807109,-0.06376865347598153,Volatilitas,False,False
15m,70,sl3_tp1.5,272386,-0.06312974031378751,-50.66346664134106,0.62386466264786,0.802353832616276,-17195.657445111327,-0.001206889959263153,0.042105263157894736,10.884388331265189,264745,-0.06360935228051076,-50.221645530919304,0.6251827229976015,0.8010165004952783,-16840.257969503822,-0.00122359530602622,0.006666666666666667,10.874479215849213,-0.07305347827896441,-0.045770989554372296,-0.06584287899993839,-0.08599440085062464,-0.05300302237778806,-0.05598964100785401,-0.07172788157269414,short,psar_flip,none,none,single,ohlcv,1347065,-0.06507659990807109,-0.06376865347598153,Trend/momentum,False,True
15m,121,sl3_tp1.5,57297,-0.06391128637505217,-23.08094235505451,0.6350245213536485,0.8037602488148722,-3661.924975431364,-0.0009909808273206476,0.10638297872340426,10.028587884182418,56557,-0.06324045742916388,-22.61854766993627,0.6367204766872359,0.8065218125482099,-3576.6905508212217,-0.0011492228313272092,0.07333333333333333,9.74088088123486,-0.11583839067039836,-0.055601999240778265,-0.040191803196872086,-0.08711606077726863,-0.053921618222619795,-0.05763373095442762,-0.06943366506046932,short,asia_range_sweep,none,none,single,ohlcv,1347065,-0.06507659990807109,-0.06376865347598153,SMC/ICT,False,True
15m,95,sl3_tp1.5,116216,-0.06433678601794592,-33.613707405773134,0.6283214015281889,0.7987610332028331,-7476.963923861603,-0.0010428402770217792,0.06315789473684211,10.848463206443174,120887,-0.06849858780837728,-36.191877635805106,0.6274785543524117,0.7893656778138787,-8280.588784391304,-0.0012720495440277008,0.02666666666666667,10.496083118945792,-0.08104302939331524,-0.027035194594111273,-0.06813764637601018,-0.08388429097008639,-0.060985113262871087,-0.05757733335584684,-0.07930356119337456,short,pinbar,none,none,single,ohlcv,1347065,-0.06507659990807109,-0.06376865347598153,Candle,False,False
15m,93,sl3_tp1.5,213156,-0.06433771475439587,-46.09706563956262,0.6139118767475464,0.7972306856935755,-13713.969926188005,-0.0013650325492033189,0.07368421052631578,11.442450599560885,206593,-0.06472099011417198,-45.55873679266312,0.616458447285242,0.7958979189827491,-13370.903510657132,-0.0012507781747606332,0.013333333333333334,11.422502214499039,-0.09082106406387988,-0.0437213926042206,-0.06129454809395256,-0.08853233345400065,-0.0544776264896781,-0.054833382444389234,-0.07480396034677496,short,inside_bar_break,none,none,single,ohlcv,1347065,-0.06507659990807109,-0.06376865347598153,Volatilitas,False,False
15m,74,sl3_tp1.5,244820,-0.06483926394213323,-49.40162104752707,0.6216117964218609,0.7971546523926312,-15873.948598313056,-0.0012519772429936667,0.031578947368421054,11.025794461236828,234472,-0.06460569304043177,-48.152144471874756,0.6225007676822819,0.7974653601264693,-15148.22605857612,-0.0012672757098430658,0.02666666666666667,11.088146985567573,-0.07035305492348111,-0.05209426195442066,-0.06786132675692358,-0.08351880760589983,-0.05571087394892414,-0.05692548610235928,-0.07252055227583627,short,macd_x,none,none,single,ohlcv,1347065,-0.06507659990807109,-0.06376865347598153,Trend/momentum,False,False
15m,85,sl3_tp1.5,239979,-0.06508875580764496,-49.185648823008925,0.6204001183436884,0.7955208425086321,-15619.934529962831,-0.0011369303969303054,0.042105263157894736,11.377770554923556,229553,-0.07015645273319276,-51.536799542263175,0.6192164772405501,0.7826166847371568,-16104.6241942626,-0.0013589893022917863,0.02666666666666667,11.145173445783762,-0.07500249017718993,-0.034490692316064386,-0.06489611624970294,-0.09052679063734509,-0.0600654211404112,-0.06528535165812596,-0.07514198457908089,short,cci_rev,none,none,single,ohlcv,1347065,-0.06507659990807109,-0.06376865347598153,Oscillator,False,False
15m,79,sl3_tp1.5,71346,-0.06517116174522915,-26.69429459091226,0.6177641353404536,0.7969488432086264,-4649.701705875119,-0.0012781058483760956,0.09574468085106383,10.98781991982732,71393,-0.06865040107118162,-27.763785590487238,0.6220077598644125,0.7904442127836788,-4901.158083674869,-0.0014848775901426005,0.07333333333333333,10.30171025170535,-0.06533896214780051,-0.05763861156668614,-0.03912670636439134,-0.08951209080687589,-0.06532198654067554,-0.06247878306162327,-0.0744466862709996,short,rsi_30_70_rev,none,none,single,ohlcv,1347065,-0.06507659990807109,-0.06376865347598153,Oscillator,False,False
15m,110,sl3_tp1.5,267759,-0.06528329254250036,-52.06888803516262,0.6199492827505332,0.7958406891402799,-17480.18912788735,-0.0013126470071239593,0.06315789473684211,11.049697675895114,255491,-0.06616426361260229,-51.36268088364935,0.6211647377011323,0.7937319112957242,-16904.373874647372,-0.001284572544396001,0.03333333333333333,10.970687812877948,-0.07771093285652324,-0.051541010272510665,-0.06988917916395153,-0.08773517600326881,-0.05175396139464954,-0.056909390144121115,-0.07592823477304607,short,delta_flip,none,none,single,taker,1347065,-0.06507659990807109,-0.06376865347598153,Taker flow (delta/CVD),False,False
15m,90,sl3_tp1.5,167164,-0.06619969228297849,-41.70784824848652,0.6165083391160776,0.7943695729309763,-11066.205360791817,-0.001526813246428987,0.05263157894736842,10.541695580388122,161473,-0.06454637785355442,-39.81923408184573,0.6231753915515288,0.7987273670679267,-10422.497271146995,-0.0013473091231083912,0.013333333333333334,10.57404643500771,-0.08261547730768254,-0.044337674475513275,-0.06392496845516633,-0.10266874373935808,-0.051220218099771904,-0.05429128039797647,-0.07585584500286181,short,keltner_breakout,none,none,single,ohlcv,1347065,-0.06507659990807109,-0.06376865347598153,Volatilitas,False,False
15m,75,sl3_tp1.5,125167,-0.06630387568661326,-36.14154924718334,0.621673444278444,0.7929816989054251,-8299.057208066322,-0.0012838607729023014,0.09473684210526316,10.948708525410051,118314,-0.06663228112494841,-35.26997196097946,0.6216001487566982,0.7917255043055178,-7883.5317090171475,-0.001266483775652702,0.04666666666666667,11.077006947613976,-0.06647666095544678,-0.06299479988618922,-0.07168836406929342,-0.08822350741548311,-0.050175263914593045,-0.060193991055223786,-0.0731421442306343,short,macd_zero_x,none,none,single,ohlcv,1347065,-0.06507659990807109,-0.06376865347598153,Trend/momentum,False,False
15m,76,sl3_tp1.5,99875,-0.06635257413666672,-32.46603487314288,0.6143679599499374,0.7919997480286084,-6626.963341899588,-0.001405827728553115,0.1368421052631579,11.41925406758448,99430,-0.06933185265959373,-33.757309060755794,0.6135271044956251,0.7836148808118917,-6893.666109943404,-0.0014626330789564985,0.02,11.326571457306647,-0.07332035513251729,-0.06248061955434991,-0.07031288849800953,-0.08237866391082221,-0.053695435743336406,-0.061195113014556685,-0.07765566281935898,short,adx_di_x,none,none,single,ohlcv,1347065,-0.06507659990807109,-0.06376865347598153,Trend/momentum,False,False
15m,101,sl3_tp1.5,104957,-0.06686646632450931,-33.3907192444659,0.6211496136513048,0.7909467902583331,-7018.103706021524,-0.001179634045079975,0.11578947368421053,10.20124431910211,107581,-0.0706095836133925,-35.41245361605841,0.6205463790074456,0.7822102006624156,-7596.2496147123775,-0.0013932543624242714,0.013333333333333334,10.521997378719291,-0.07887939117983996,-0.05412093975583708,-0.07320663427442096,-0.09874142050880463,-0.044531521928373466,-0.06993426050073356,-0.07130546569065806,short,vwap_reclaim,none,none,single,ohlcv,1347065,-0.06507659990807109,-0.06376865347598153,VWAP,False,False
15m,78,sl3_tp1.5,136902,-0.06695245839273731,-38.11735086155478,0.6217001942995719,0.791540513153481,-9165.925458882522,-0.0013577781112594943,0.07368421052631578,10.84361075806051,131483,-0.0648260668391166,-36.14113252332982,0.6240350463558026,0.7970300198628313,-8523.525746207568,-0.0011795402596303166,0.02666666666666667,10.874462858316285,-0.08914646752063748,-0.04821072795178118,-0.07507119433489183,-0.10036632843322574,-0.04322372043049411,-0.05935273555581486,-0.07025883710951357,short,ichi_kumo_break,none,none,single,ohlcv,1347065,-0.06507659990807109,-0.06376865347598153,Trend/momentum,False,False
15m,71,sl3_tp1.5,357124,-0.06698088811370725,-62.04558537833928,0.6143328367737817,0.7894848406528785,-23920.48268671959,-0.0012597496747065384,0.06315789473684211,11.534055398125021,342907,-0.06556316954310558,-59.150656853501836,0.6206755767598795,0.7945154871721813,-22482.069778517704,-0.0012587971225086838,0.02,11.23707010938826,-0.08443461407567793,-0.04532137387361154,-0.06877725196888046,-0.0929159425543061,-0.054484655563734,-0.05627845704641573,-0.07507675722533254,short,ha_flip,none,none,single,ohlcv,1347065,-0.06507659990807109,-0.06376865347598153,Trend/momentum,False,False
15m,83,sl3_tp1.5,229231,-0.0671431165832818,-49.22770994817126,0.622777896532319,0.7915104906866918,-15391.28375750227,-0.0011927297612630893,0.05263157894736842,10.935462481078039,207299,-0.06632539645536374,-45.907307460435526,0.6276055359649588,0.7954450113713009,-13749.18835980045,-0.0013111030707810816,0.02,10.36762357753776,-0.068607191504157,-0.041908024335745885,-0.06531719719344696,-0.09028259047215871,-0.06457035278588326,-0.05830951249018347,-0.074821836778418,short,stoch_rev,none,none,single,ohlcv,1347065,-0.06507659990807109,-0.06376865347598153,Oscillator,False,False
15m,99,sl3_tp1.5,85316,-0.06729601591317677,-30.29375946056765,0.6173754043790145,0.7904974103801333,-5741.42689364859,-0.0014841492272870682,0.05263157894736842,10.878041633456796,84825,-0.07107220749894348,-31.853318929535853,0.6137341585617447,0.7798817515875606,-6028.700001097881,-0.0015678630840210708,0.04,11.039870321249632,-0.08692650046272975,-0.05483539474497437,-0.06748987070763499,-0.07960964580812788,-0.05945580786746745,-0.0650533962361381,-0.07680547747747657,short,vwap_week_x,none,none,single,ohlcv,1347065,-0.06507659990807109,-0.06376865347598153,VWAP,False,False
15m,117,sl3_tp1.5,54783,-0.06732126333859284,-24.26056985816784,0.6119416607341693,0.7922513544118664,-3688.0607694781315,-0.0017670938140848663,0.07368421052631578,10.489129839548765,56179,-0.047340411143727196,-17.386528270267448,0.6315171149361861,0.8471704199748303,-2659.53695764345,-0.0009851338845722612,0.09333333333333334,10.237045871233024,-0.03775530465511985,-0.018989114399090817,-0.07251296741021795,-0.14326226888594693,-0.05031975437865859,-0.028703261490858833,-0.06750176554290402,short,break_pdh_pdl,none,none,single,ohlcv,1347065,-0.06507659990807109,-0.06376865347598153,SMC/ICT,False,False
15m,102,sl3_tp1.5,55088,-0.06735600950769238,-24.109398289745425,0.6221863200697066,0.7936102315004394,-3710.507851759758,-0.0017294060754227934,0.08421052631578947,9.403336479814115,59394,-0.049830371951726966,-18.59346103191889,0.6368656766676769,0.8418569294618252,-2959.6251117008715,-0.0013436150672491434,0.1,9.371148600868775,-0.06355350964028988,-0.02752160658252548,-0.051210428582048766,-0.11007104553371594,-0.062462656542644386,-0.027110895934889488,-0.07110543683682106,short,vol_spike_candle,none,none,single,ohlcv,1347065,-0.06507659990807109,-0.06376865347598153,Volume,False,False
15m,69,sl3_tp1.5,92837,-0.06773009958038,-31.751054058796264,0.6182341092452363,0.789720136135641,-6287.859254743737,-0.0014654008699490708,0.10526315789473684,10.682691168391912,92229,-0.0670907522624447,-31.28752129848001,0.6218759826085071,0.7911879655324275,-6187.7129904130115,-0.0014141296475032796,0.03333333333333333,10.7303342766375,-0.07649951501448679,-0.06486115804506117,-0.06424447590734413,-0.09235847625427729,-0.053047031582960556,-0.06428128595201665,-0.07001276128534559,short,supertrend_flip,none,none,single,ohlcv,1347065,-0.06507659990807109,-0.06376865347598153,Trend/momentum,False,False
15m,94,sl3_tp1.5,300548,-0.06778838899446502,-57.37621887877627,0.6218540798807511,0.7877222135549369,-20373.66473550847,-0.0011245618162514833,0.042105263157894736,11.20233373704034,292509,-0.07081881116094908,-58.65243381409823,0.6235261137264153,0.7809756744990327,-20715.139633878054,-0.0012142797980431452,0.02666666666666667,11.000704251834986,-0.0851853319602405,-0.04035337537663738,-0.074434155049639,-0.0913819903707962,-0.053393884475079874,-0.06243628595025578,-0.07935816993050883,short,engulfing,none,none,single,ohlcv,1347065,-0.06507659990807109,-0.06376865347598153,Candle,False,False
15m,43,sl3_tp1.5,19221,-0.06797019834299235,-14.263593460305456,0.6357109411581083,0.7902620978628695,-1306.455182350656,-0.0009038854024709414,0.08791208791208792,9.330627959003174,20280,-0.0762283592719275,-16.48878218497949,0.6121794871794872,0.7690243225179563,-1545.91112603469,-0.0007352709104466527,0.16,9.80645956607495,-0.11074603753798024,-0.048295145678047414,-0.07156185796108289,-0.007124975574393277,-0.11747153192183421,-0.10375191289712418,-0.05416697308021128,long,vol_climax,none,none,single,ohlcv,1331581,-0.08847099131568713,-0.0841655400260787,Volume,False,True
15m,61,sl3_tp1.5,153039,-0.06798745125817622,-40.91038807358154,0.6204431550127745,0.7887233894973933,-10404.731553100031,-0.0013044503670913551,0.10526315789473684,11.010167342964865,144599,-0.07002722973676395,-40.88908284397883,0.6193196356821278,0.7827635475818647,-10125.86739270633,-0.0013626194047835509,0.02,11.102365853152511,-0.07611992415336596,-0.06808539322449925,-0.07350587113966232,-0.08122818892545867,-0.054116225552420204,-0.06499820497998533,-0.07517726364187546,short,ema_x_9_21,none,none,single,ohlcv,1347065,-0.06507659990807109,-0.06376865347598153,MA,False,False
15m,106,sl3_tp1.5,250603,-0.06833867429291808,-52.51465430257551,0.6183844566904626,0.7887461279155579,-17125.87679382815,-0.0014617656695571544,0.021052631578947368,10.641440844682625,250505,-0.06440829018232505,-49.496275678882135,0.6230175046406259,0.798886571944025,-16134.598732123335,-0.001263270279407793,0.02,10.75022055447995,-0.08331709604200524,-0.05330258084506855,-0.06527881181896907,-0.09437114836324781,-0.05641485625848347,-0.05104067165887553,-0.07857329470690612,short,obv_break_20,none,none,single,ohlcv,1347065,-0.06507659990807109,-0.06376865347598153,Volume,False,False
15m,112,sl3_tp1.5,165599,-0.06844448541398576,-42.71168595041009,0.620456645269597,0.7882876104208406,-11334.338340070628,-0.001388706298374811,0.06315789473684211,10.890373734140907,153305,-0.07101454023710045,-42.6691189813825,0.6184729787025863,0.7804191828851311,-10886.884091048685,-0.0014541500529073,0.02,11.052751051824794,-0.08654835093233644,-0.06409393119191219,-0.07363838981593462,-0.09018272376735716,-0.04953224959199441,-0.06582398140318772,-0.0766290411089789,short,smc_choch,none,none,single,ohlcv,1347065,-0.06507659990807109,-0.06376865347598153,SMC/ICT,False,False
15m,62,sl3_tp1.5,74232,-0.0687219949549028,-28.95996212963033,0.6156374609332902,0.7855354341422616,-5101.371129492345,-0.001412813496395709,0.10526315789473684,11.109979523655566,71388,-0.06322076721785004,-26.121032044136467,0.6213369193702023,0.8002876690030304,-4513.2041301478785,-0.0012205389484950917,0.03333333333333333,11.135400907715583,-0.0896254051230102,-0.05096976576272686,-0.06636955533857812,-0.10104471572318123,-0.050889040325821575,-0.05147020288619962,-0.07501090240092881,short,ema_x_20_50,none,none,single,ohlcv,1347065,-0.06507659990807109,-0.06376865347598153,MA,False,False
15m,73,sl3_tp1.5,91303,-0.06889023848321484,-31.885869471164384,0.6137366789700229,0.7891024949888155,-6289.885444232964,-0.0018525585016615984,0.06315789473684211,10.118046504496018,97212,-0.06141252443671253,-29.38893360392225,0.6225671727770234,0.8081919099459143,-5970.034325541698,-0.0012411160039197066,0.03333333333333333,10.173085627288811,-0.08070067321485505,-0.0300080360277875,-0.058205535558987574,-0.09993302456827209,-0.07203972072141991,-0.04565103684535414,-0.07999618460226106,short,donchian_55,none,none,single,ohlcv,1347065,-0.06507659990807109,-0.06376865347598153,Trend/momentum,False,False
15m,84,sl3_tp1.5,292007,-0.0698320571268909,-57.87527838590789,0.61895776471112,0.7837303502710419,-20391.44950545203,-0.0012845564930686721,0.042105263157894736,11.116332827637693,273652,-0.06703095615139687,-53.49973572044459,0.6246656337245845,0.7926637165388336,-18343.155212742055,-0.001301325794344873,0.02,10.745446771812375,-0.0870185278375764,-0.04401331717679333,-0.07207261670110779,-0.09427427967493483,-0.06012853699051985,-0.06016814726148837,-0.0740807564634207,short,willr_rev,none,none,single,ohlcv,1347065,-0.06507659990807109,-0.06376865347598153,Oscillator,False,False
15m,86,sl3_tp1.5,81088,-0.07001079524507813,-30.56165518063847,0.6173416535122336,0.7832883614245882,-5677.0353648328955,-0.0012593716261177046,0.06382978723404255,11.184922553275454,80360,-0.0706384348085486,-30.571094371817168,0.6191886510701842,0.7826623266534453,-5676.5046212149655,-0.0014852759544063505,0.05333333333333334,10.770121951219512,-0.07726294747031147,-0.05056372440059194,-0.05304366987519885,-0.09064229812791985,-0.07135048630874959,-0.06098209837495623,-0.07997615515773106,short,mfi_rev,none,none,single,ohlcv,1347065,-0.06507659990807109,-0.06376865347598153,Oscillator,False,False
15m,96,sl3_tp1.5,224412,-0.07004459885952252,-51.184634181592706,0.6161346095574212,0.7821406793591706,-15718.848519263167,-0.0013490353613437108,0.07368421052631578,11.064029552786838,215174,-0.06665614125467025,-47.56410516315015,0.621227471720561,0.7917108869452023,-14342.668538332417,-0.0013199874409486416,0.02,11.02915315047357,-0.08389773714444786,-0.052335375187656304,-0.07507346036094321,-0.09890155005184481,-0.053038257091487476,-0.06444004512572639,-0.06893944377121956,short,vwap_x,none,none,single,ohlcv,1347065,-0.06507659990807109,-0.06376865347598153,VWAP,False,False
15m,114,sl3_tp1.5,151272,-0.07045375856714282,-42.264166466415375,0.6145354064202232,0.7812876078635201,-10657.68096596883,-0.0014317160142302402,0.06315789473684211,11.327337511238035,146720,-0.06600162776109324,-38.84767452534445,0.622280534351145,0.7940565969268214,-9683.7588251076,-0.001239220343356258,0.02666666666666667,11.119083969465649,-0.08599929479039554,-0.053208839337129575,-0.08840544783853083,-0.08441550430316509,-0.056949366551434795,-0.055060645668579655,-0.0777565821672378,short,smc_ob_retest,none,none,single,ohlcv,1347065,-0.06507659990807109,-0.06376865347598153,SMC/ICT,False,False
15m,89,sl3_tp1.5,168729,-0.07049308670000269,-44.236260835453976,0.6192889189173171,0.784318601361509,-11894.228025804754,-0.0015702400119500294,0.07368421052631578,10.182695328011189,156840,-0.06974215691668909,-42.06385969279602,0.6237630706452436,0.7861142790815345,-10938.359890813515,-0.001360199851300516,0.04,10.29211935730681,-0.08705555446606102,-0.051611059102319064,-0.07156274680646235,-0.10034716002894206,-0.05525433864292868,-0.06188805764989051,-0.07835162356639486,short,bb_breakout,none,none,single,ohlcv,1347065,-0.06507659990807109,-0.06376865347598153,Volatilitas,False,False
15m,72,sl3_tp1.5,172215,-0.0708108614447777,-44.910571532554236,0.6171529773829225,0.7835047874256957,-12194.692503712393,-0.0016494423712244085,0.021052631578947368,10.315547426182388,170520,-0.06560921694687005,-41.50796601491008,0.622923997185081,0.7962447764967499,-11187.683673780282,-0.0013154074855798589,0.02666666666666667,10.501313628899835,-0.08467096222916866,-0.05137829326253854,-0.06516594802856202,-0.09897921850224614,-0.06292887331375496,-0.05384043528976479,-0.07903740494472859,short,donchian_20,none,none,single,ohlcv,1347065,-0.06507659990807109,-0.06376865347598153,Trend/momentum,False,False
15m,100,sl3_tp1.5,41790,-0.07081401356372057,-22.454950090598555,0.6089734386216799,0.7790994176839592,-2959.3176268278826,-0.0015811835531728139,0.11578947368421053,11.24060780090931,42487,-0.06246279149554204,-20.00438546902467,0.6165415303504601,0.8014267311634915,-2653.8566222710947,-0.001332588524787604,0.07333333333333333,11.214983406689106,-0.08377509609321625,-0.049759796901938276,-0.05427773801663223,-0.11440717801584094,-0.055770667088136244,-0.05609223864902729,-0.06826355256169356,short,vwap_month_x,none,none,single,ohlcv,1347065,-0.06507659990807109,-0.06376865347598153,VWAP,False,False
15m,80,sl3_tp1.5,250557,-0.07110280578528548,-54.905285399587136,0.6155405755975686,0.7791585687280587,-17815.305709143773,-0.0013837584985337916,0.042105263157894736,11.345941242910795,238662,-0.07049877324872902,-52.98686049661303,0.6178863832533038,0.7810507697170186,-16825.378221088165,-0.0013679354501193535,0.013333333333333334,11.287419027746353,-0.0907519877419056,-0.05395546651305393,-0.0832997198372667,-0.08723987928466156,-0.05715531442135758,-0.06656463936788645,-0.07458089731022005,short,rsi_50_x,none,none,single,ohlcv,1347065,-0.06507659990807109,-0.06376865347598153,Oscillator,False,False
15m,111,sl3_tp1.5,127823,-0.07340487718178759,-40.20320944013972,0.6134185553460645,0.7759121269713887,-9382.831616007636,-0.0017710026420077578,0.042105263157894736,10.679971523121816,126800,-0.06538787813042635,-35.85593757795507,0.6195583596214511,0.795664381652659,-8291.182946938061,-0.001293110428514001,0.02,10.876403785488959,-0.0972101207645326,-0.052306509887302156,-0.07666516470114311,-0.09752778988849525,-0.061318390040234774,-0.05204306765790623,-0.0798228477983638,short,smc_bos,none,none,single,ohlcv,1347065,-0.06507659990807109,-0.06376865347598153,SMC/ICT,False,False
15m,91,sl3_tp1.5,47763,-0.0737798231230788,-24.69165495047756,0.6217574272972803,0.7737908310681466,-3523.945691827613,-0.0014309269334650055,0.05319148936170213,10.59604714946716,46963,-0.074900089070152,-24.735315015495967,0.6201264825500926,0.7715320147923734,-3517.5328830015483,-0.0014451055578440421,0.04666666666666667,10.672657198219875,-0.05708434492216006,-0.0761481843507444,-0.07304737320232381,-0.10097760517551968,-0.05730239193542811,-0.06866629181281886,-0.0809768683485464,short,squeeze_fire,none,none,single,ohlcv,1347065,-0.06507659990807109,-0.06376865347598153,Volatilitas,False,False
15m,65,sl3_tp1.5,191735,-0.07427684569430332,-50.00621262206466,0.615323232586643,0.7712052946436438,-14241.471009197247,-0.0014186425127280537,0.05263157894736842,11.215344094714059,181796,-0.07006420590830799,-45.953363812484916,0.6186604765781425,0.7822224224671133,-12737.39237730676,-0.0013186572230087035,0.02666666666666667,11.169371163281921,-0.09324587264099142,-0.05660650975203026,-0.0860570438881734,-0.09555559546468706,-0.05736429912657047,-0.06834266508107299,-0.07182916594139889,short,price_x_ema50,none,none,single,ohlcv,1347065,-0.06507659990807109,-0.06376865347598153,MA,False,False
15m,66,sl3_tp1.5,96225,-0.0767511552500359,-36.64457483567461,0.6107144712912445,0.7644069005202387,-7385.379913934704,-0.0015681144434314914,0.010638297872340425,11.13831124967524,93425,-0.05958645564629091,-28.27271930438466,0.6241798233877441,0.8098399815699306,-5566.864618754728,-0.0011292794409703357,0.04,11.087492641156008,-0.10157264320646371,-0.05916560531450414,-0.06829142897168014,-0.10470935641849394,-0.06389496568948877,-0.04854607857570047,-0.07062423320175278,short,price_x_ema200,none,none,single,ohlcv,1347065,-0.06507659990807109,-0.06376865347598153,MA,False,False
15m,3,sl3_tp1.5,24954,-0.07710184759645017,-18.797645437062368,0.6119660174721487,0.7619180375995559,-1923.9995049218173,-0.0011740893098400003,0.19148936170212766,11.506532018914804,24628,-0.0910604563088754,-22.00688136571879,0.5941611174273185,0.7267114837512997,-2242.636917974983,-0.0016975584719058161,0.10666666666666667,11.572884521682637,-0.09116618065789675,-0.0543102436187733,-0.09678448384984412,-0.11583143772659074,-0.04663561623651377,-0.09342077302339001,-0.08864506812320384,long,sma_x_50_200,none,none,single,ohlcv,1331581,-0.08847099131568713,-0.0841655400260787,MA,False,False
15m,20,sl3_tp1.5,306143,-0.07850323070901187,-65.73263254694078,0.6207393276998004,0.7628533692136598,-24033.21455894902,-0.001163984475490254,0.010526315789473684,10.67698101867428,294817,-0.08212121496187065,-67.90644172439872,0.6100394482000698,0.7526634184500327,-24210.730231413818,-0.0014112571478695902,0.013333333333333334,11.001421220621605,-0.07369173043817119,-0.03898909392819905,-0.0880033105362399,-0.09857820184521267,-0.0800999899716766,-0.08651144119633898,-0.07748567218497757,long,rsi2_extreme,none,none,single,ohlcv,1331581,-0.08847099131568713,-0.0841655400260787,Oscillator,False,True
15m,55,sl3_tp1.5,62204,-0.07921704223945647,-29.927909423039548,0.6155552697575719,0.7609569188438838,-4927.61689546315,-0.00126741065606844,0.07368421052631578,10.739888110089383,62923,-0.08844839381225864,-33.544214815228244,0.6056449946760326,0.7385358657940427,-5565.43828384875,-0.0016579609166582263,0.04666666666666667,10.685758784546191,-0.08375054706338156,-0.0682640750595766,-0.07092713842531774,-0.059176403046000435,-0.0983271536524153,-0.09804101778200791,-0.07829498670216843,long,sweep_pdh_pdl,none,none,single,ohlcv,1331581,-0.08847099131568713,-0.0841655400260787,SMC/ICT,False,False
15m,41,sl3_tp1.5,47986,-0.0812136724742063,-26.544429478226636,0.6238694619263953,0.7608830678718246,-3897.1192873472633,-0.0012920798527866746,0.0851063829787234,8.650439711582544,52262,-0.07752370368836627,-26.264565373654825,0.6260571734721212,0.7727502805861107,-4051.5438021613977,-0.001419612949304493,0.04666666666666667,8.320328345643105,-0.08227742776372593,-0.038699933802493126,-0.1006334252866349,-0.09144971748552733,-0.08318350958093447,-0.06863179333228477,-0.08491851463847518,long,vol_spike_candle,none,none,single,ohlcv,1331581,-0.08847099131568713,-0.0841655400260787,Volume,False,True
15m,16,sl3_tp1.5,77484,-0.0821388410062542,-34.90469185066744,0.612939445562955,0.7514836195184269,-6364.445956528601,-0.0012952558754046922,0.07446808510638298,10.98473233183625,71605,-0.0802855273480599,-32.91255645887957,0.609077578381398,0.7563867212037287,-5748.845185757828,-0.0014229793725434687,0.06666666666666667,10.945688150268836,-0.07880596501071656,-0.05822644561356275,-0.09107577282072718,-0.09814929790468614,-0.07888335185721898,-0.07216693273919317,-0.08879399468948065,long,ichi_tk_x,none,none,single,ohlcv,1331581,-0.08847099131568713,-0.0841655400260787,Trend/momentum,False,True
15m,2,sl3_tp1.5,23442,-0.08285240050430949,-19.553205656557147,0.606304922788158,0.7471775497299472,-1942.225972622023,-0.0013860782154188408,0.14893617021276595,11.421764354577254,23601,-0.07201534496501256,-17.157346662592808,0.6099741536375577,0.7756448439002612,-1699.6341565192615,-0.0012309954926277196,0.14666666666666667,11.155628998771238,-0.09410421377257812,-0.041723204526222704,-0.07054417822411856,-0.11148529063752056,-0.08614204345937075,-0.06632041608736754,-0.07784653018061,long,ema_x_50_200,none,none,single,ohlcv,1331581,-0.08847099131568713,-0.0841655400260787,MA,False,True
15m,18,sl3_tp1.5,72504,-0.08297732891821351,-34.39553861694074,0.6001875758578837,0.745966014079725,-6016.188255886153,-0.0014551894406994975,0.07368421052631578,11.947230497627718,72148,-0.07091056973213865,-29.57659641184019,0.6044796806564284,0.7782346195753731,-5116.055785034339,-0.0012710576227409813,0.06,11.673601485834673,-0.08708993533231055,-0.07402069386974583,-0.09269080404620421,-0.07991386982833053,-0.08250734401363213,-0.08586814289810092,-0.054350649066972255,long,rsi_30_70_rev,none,none,single,ohlcv,1331581,-0.08847099131568713,-0.0841655400260787,Oscillator,False,True
15m,47,sl3_tp1.5,21557,-0.0832399572184469,-18.255276609721207,0.6246230922670131,0.7536106586556877,-1794.4037577580598,-0.001240653906887047,0.09574468085106383,9.715220114116065,26528,-0.08288452056808746,-20.440969332654806,0.612183353437877,0.7524923876932392,-2198.760561630224,-0.001565031892337283,0.12080536912751678,10.267076296743063,-0.06797646038193701,-0.040768618871170274,-0.0920841344215058,-0.10221785841724944,-0.08810043824711747,-0.09044817739803993,-0.07381202049687259,long,delta_absorption,none,none,single,taker,1331581,-0.08847099131568713,-0.0841655400260787,Taker flow (delta/CVD),False,True
15m,21,sl3_tp1.5,33323,-0.083962677016911,-22.845185724975686,0.6174113975332353,0.7531949502098436,-2797.8882862345254,-0.0013159696147056258,0.08421052631578947,9.935630045314047,36196,-0.07897070582372838,-22.8051822540515,0.612194717648359,0.7620878237841775,-2858.4236679956725,-0.0018088514028535077,0.09333333333333334,10.791109514863521,-0.04842305860972639,-0.07399844576993109,-0.10715807876422938,-0.07832403210315637,-0.08665196876323086,-0.08786361025473576,-0.06822074891435968,long,rsi_divergence,none,none,single,ohlcv,1331581,-0.08847099131568713,-0.0841655400260787,Oscillator,False,True
15m,42,sl3_tp1.5,32498,-0.0849482391322398,-22.998021934931653,0.6213920856668103,0.7474206592732375,-2760.647875319529,-0.0013101307913179455,0.07446808510638298,9.642747245984369,34728,-0.07583602824391765,-21.426830284948508,0.6154111955770559,0.770433903759997,-2633.633588854772,-0.0008691370555812391,0.1,9.972011057360055,-0.09262044161385188,-0.049049332353725876,-0.09032719065282742,-0.0459034949666483,-0.12499648896197699,-0.08939190247941395,-0.06424267439830302,long,vol_spike_reversal,none,none,single,ohlcv,1331581,-0.08847099131568713,-0.0841655400260787,Volume,False,True
15m,37,sl3_tp1.5,145580,-0.08548843686868904,-49.72120700226943,0.6072468745706828,0.7428286466656646,-12445.40663934375,-0.0013089926261508002,0.06315789473684211,10.986564088473692,144515,-0.07908974690258544,-45.92091268987929,0.6107116908279417,0.7599732263269637,-11429.654773627135,-0.0012290832098981958,0.04,10.916977476386535,-0.09711397032321609,-0.04821610447659575,-0.09991872464336463,-0.10233838909520773,-0.08135084741198252,-0.07582290253642945,-0.08274469847190483,long,vwap_2sd_revert,none,none,single,ohlcv,1331581,-0.08847099131568713,-0.0841655400260787,VWAP,False,True
15m,27,sl3_tp1.5,178991,-0.08556788182218314,-54.91581895859264,0.610494382399115,0.7432543252208366,-15315.880735234383,-0.001301430572456202,0.042105263157894736,11.170120285377477,165953,-0.08481868472337645,-52.63101137495437,0.6065271492531018,0.7455279236616851,-14075.915185898491,-0.0014874526164904175,0.02666666666666667,11.078552361210704,-0.07758431408224176,-0.049784946939536376,-0.0894337418684743,-0.09895682225617876,-0.09276280409427337,-0.08955451765560037,-0.07960533565948223,long,bb_revert,none,none,single,ohlcv,1331581,-0.08847099131568713,-0.0841655400260787,Volatilitas,False,False
15m,118,sl3_tp1.5,22509,-0.08564097777250095,-19.48396452721217,0.6001155093518148,0.7465686441077884,-1927.6927686812237,-0.0022233540318349347,0.10752688172043011,10.787107379270514,18022,-0.052580669332839586,-10.837761562626758,0.6265675285761847,0.8331298373285402,-947.608822716435,-0.0014005506828314498,0.2080536912751678,10.510431694595495,-0.09671119612229133,-0.07947333378847851,-0.07340053944849338,-0.0911694906229877,-0.08804174296312582,-0.04066172035605324,-0.06268379319382682,short,sweep_pwh_pwl,none,none,single,ohlcv,1347065,-0.06507659990807109,-0.06376865347598153,SMC/ICT,False,False
15m,22,sl3_tp1.5,201804,-0.0867926627462477,-58.801462841089275,0.6121286000277497,0.7423678092306945,-17515.10651284377,-0.001312176676825247,0.031578947368421054,10.974049077322551,211080,-0.08458291778496892,-59.2964675877413,0.6058935000947508,0.74576537100071,-17853.76228605124,-0.001539626090603838,0.03333333333333333,11.175023687701346,-0.0793120086125917,-0.03905371508712357,-0.09268583245606898,-0.11307820404130225,-0.09243017406910257,-0.09553574495545408,-0.07269359267120196,long,stoch_rev,none,none,single,ohlcv,1331581,-0.08847099131568713,-0.0841655400260787,Oscillator,False,False
15m,26,sl3_tp1.5,114090,-0.08693159196787847,-45.09552495901536,0.6009992111490928,0.7359485273669131,-9918.025327615254,-0.001493718969109401,0.042105263157894736,11.922508545884828,108225,-0.07616485079682939,-38.737328060153516,0.6054978054978055,0.7645147357170142,-8242.94097748686,-0.0014486905213551078,0.04666666666666667,11.593596673596673,-0.0893863531900638,-0.06473231462293778,-0.08916615458753281,-0.09238803778555883,-0.09164632353507274,-0.08306681531181363,-0.06845510760589686,long,zscore_revert,none,none,single,ohlcv,1331581,-0.08847099131568713,-0.0841655400260787,Oscillator,False,True
15m,12,sl3_tp1.5,100281,-0.08767833398952218,-41.68937808511154,0.6122396067051585,0.7429113838755578,-8792.471010803274,-0.001652371280717185,0.07446808510638298,9.821810711899563,94996,-0.08148849438095337,-37.632210661773755,0.6169628194871363,0.7597436905164802,-7741.081012213047,-0.0015645494745590554,0.04666666666666667,9.437955282327676,-0.09671456430434187,-0.05618109576338681,-0.10322804987933422,-0.10023623560469547,-0.08594622463122846,-0.08128642896978833,-0.081705936494299,long,donchian_55,none,none,single,ohlcv,1331581,-0.08847099131568713,-0.0841655400260787,Trend/momentum,False,True
15m,48,sl3_tp1.5,193505,-0.08806210093655316,-57.70791351128748,0.6213121107981706,0.7422826633222505,-17040.45684172772,-0.001380919523164844,0.042105263157894736,10.011322704839667,195116,-0.08420442500066727,-56.20227658144059,0.6134914614895755,0.7492215966863538,-16429.630588430195,-0.0014974709394164321,0.03333333333333333,10.518020049611513,-0.08173646333002174,-0.04649319185862307,-0.09819935758044382,-0.10186291860340584,-0.0945530850210444,-0.09112484974600771,-0.07662560575266686,long,cvd_divergence,none,none,single,taker,1331581,-0.08847099131568713,-0.0841655400260787,Taker flow (delta/CVD),False,False
15m,57,sl3_tp1.5,20763,-0.08963036022944237,-19.730058977637075,0.5993835187593315,0.7317276689276219,-1860.995169443912,-0.0017375739009512516,0.054945054945054944,11.113663728748254,24094,-0.08191157307914772,-19.389197676563544,0.6025566531086578,0.7537283757151663,-1973.5774417689852,-0.0017731666575988548,0.1,10.856644807835975,-0.08824799515324894,-0.07071899270247825,-0.10667038100732444,-0.06908179927953746,-0.09889582071955676,-0.08170242326515621,-0.08220086595737298,long,sweep_pwh_pwl,none,none,single,ohlcv,1331581,-0.08847099131568713,-0.0841655400260787,SMC/ICT,False,False
15m,36,sl3_tp1.5,222565,-0.08985195204415786,-64.39880976245124,0.6062588457304607,0.7330359578428577,-19997.899706707994,-0.001474472044263035,0.042105263157894736,10.872643946712197,214067,-0.08712210049708238,-61.11864666489421,0.6065811171268808,0.7414979819784621,-18649.966687108936,-0.0014511045121926576,0.02,10.731784908463238,-0.05824665308746085,-0.0526334989346183,-0.09416366049984211,-0.1151166244113642,-0.09552575795556975,-0.07996500302150815,-0.09444074811834158,long,vwap_1sd_break,none,none,single,ohlcv,1331581,-0.08847099131568713,-0.0841655400260787,VWAP,False,False
15m,25,sl3_tp1.5,85007,-0.0902711764433864,-40.3081130692629,0.599374169186067,0.7283679221063412,-7673.681895922948,-0.0015151143995074893,0.031578947368421054,11.862952462738363,92220,-0.08251656302134693,-38.789670682825566,0.5973107785729777,0.7473455573622897,-7609.677441828614,-0.0014984547185172697,0.05333333333333334,11.849512036434612,-0.09981878753284752,-0.057032664021304684,-0.09149685599942821,-0.09301222940362952,-0.09840627762005094,-0.09392086701484005,-0.07088797429939503,long,mfi_rev,none,none,single,ohlcv,1331581,-0.08847099131568713,-0.0841655400260787,Oscillator,False,False
15m,46,sl3_tp1.5,79303,-0.0902920527555637,-38.443238922084475,0.6057021802453879,0.7338398883069397,-7160.430659674468,-0.001534428719121191,0.07446808510638298,10.25316822818809,84177,-0.07795806226825096,-34.32745814753239,0.6121030685341602,0.7654102295828279,-6562.275807554561,-0.0014037924539041509,0.06,10.050298775199876,-0.10009330491746737,-0.06523578681730444,-0.08827370634911204,-0.10752368491648687,-0.08637278980617201,-0.0766828457203522,-0.07923373337398386,long,delta_surge,none,none,single,taker,1331581,-0.08847099131568713,-0.0841655400260787,Taker flow (delta/CVD),False,False
15m,56,sl3_tp1.5,59439,-0.09096012707299199,-33.48643565836357,0.6052087013576944,0.7330251399852714,-5406.578993091571,-0.0017408572147983971,0.05319148936170213,10.326502801191138,52402,-0.07581063877441113,-26.280834881958285,0.6161215220793099,0.7719394458491002,-3972.6290930566925,-0.0014817399890500191,0.05333333333333334,10.029712606389069,-0.10996279456599001,-0.04746039476786702,-0.09799223712773646,-0.11371742102511441,-0.08916369540921117,-0.07762180120512917,-0.07388023636658599,long,break_pdh_pdl,none,none,single,ohlcv,1331581,-0.08847099131568713,-0.0841655400260787,SMC/ICT,False,False
15m,7,sl3_tp1.5,133793,-0.09216974618483442,-51.52732467855268,0.599881907125186,0.7254274503774996,-12331.666851307551,-0.0016762432869278489,0.031914893617021274,11.474255005867272,117425,-0.07875154863696837,-41.56667773361581,0.6039003619331488,0.7593316251483307,-9247.400598696011,-0.0013740843024071302,0.06666666666666667,11.526966148605492,-0.09750054641232854,-0.05205722550383236,-0.09112720866670017,-0.12678324567628035,-0.08724195249030964,-0.08622963663739984,-0.07125164896191473,long,ema20_pullback,none,none,single,ohlcv,1331581,-0.08847099131568713,-0.0841655400260787,MA,False,False
15m,52,sl3_tp1.5,255263,-0.09298184654016084,-71.75671342509254,0.5990214014565369,0.7233432365862607,-23734.825093381078,-0.0016299309106226501,0.021052631578947368,11.651524114344813,243720,-0.08487188330224074,-64.15326236772076,0.6031142294436238,0.744401060337155,-20684.975398422113,-0.0015251871059026834,0.02,11.41848842934515,-0.08446621997736475,-0.0572484598645935,-0.0993356584039829,-0.11797607830079407,-0.09213185161901032,-0.08418434728260181,-0.08557177248406239,long,smc_fvg_retest,none,none,single,ohlcv,1331581,-0.08847099131568713,-0.0841655400260787,SMC/ICT,False,False
15m,9,sl3_tp1.5,274812,-0.09312117300327671,-74.16315607010434,0.6034379866963597,0.7240379405448019,-25590.815795376482,-0.0015970574408909373,0.031578947368421054,11.28947789761728,264291,-0.0912783437145803,-71.23954631475156,0.6024571400463883,0.7301057942114049,-24124.04473867014,-0.0016381714546444927,0.02666666666666667,11.144556568328094,-0.08655248234804445,-0.06761540335186239,-0.09013871759419045,-0.11757500542474143,-0.09223549317930953,-0.09135617843584186,-0.09119509234230423,long,psar_flip,none,none,single,ohlcv,1331581,-0.08847099131568713,-0.0841655400260787,Trend/momentum,False,False
15m,32,sl3_tp1.5,218328,-0.09346709008950248,-66.82749396743554,0.596927558535781,0.7214113203133722,-20406.4828450609,-0.0016770015885353054,0.031578947368421054,11.76555457843245,200615,-0.08908912748755285,-61.10435722980582,0.5978864990155273,0.7334285765609683,-17872.615310915415,-0.0016547067575695357,0.02666666666666667,11.52450714054283,-0.09535133774176718,-0.06448913240140709,-0.0905757659786106,-0.11788315308460716,-0.0933289566904832,-0.09127731685691905,-0.08685154347369325,long,inside_bar_break,none,none,single,ohlcv,1331581,-0.08847099131568713,-0.0841655400260787,Volatilitas,False,False
15m,29,sl3_tp1.5,161791,-0.09372477006878518,-56.78689991676368,0.6059854998114852,0.7264270818024058,-15163.824274198823,-0.001661603619992281,0.07368421052631578,10.48675142622272,156721,-0.08206077307573137,-49.18883213354782,0.6122663842114331,0.7551444015393834,-12860.646417201697,-0.0014391021852549438,0.03333333333333333,10.245825383962583,-0.09523267017191418,-0.06578931951724777,-0.0933271817434585,-0.11679575060435787,-0.09178510155088081,-0.07940617883862425,-0.08476843524686897,long,keltner_breakout,none,none,single,ohlcv,1331581,-0.08847099131568713,-0.0841655400260787,Volatilitas,False,False
15m,1,sl3_tp1.5,74283,-0.0938360076340961,-38.8187081638955,0.6055625109378997,0.7229669638496748,-6970.4201550835605,-0.0015808521186530132,0.031578947368421054,11.064523511435995,71488,-0.0936455258721076,-38.06992849142064,0.6003804834377797,0.7235410179410575,-6694.531353545228,-0.001680342665954914,0.03333333333333333,10.96666573410922,-0.07348304043426818,-0.03523714261241602,-0.08833752715560708,-0.11899990571235115,-0.11116125729024051,-0.07970579403675453,-0.10761180214220734,long,ema_x_20_50,none,none,single,ohlcv,1331581,-0.08847099131568713,-0.0841655400260787,MA,False,False
15m,24,sl3_tp1.5,242249,-0.09397261891395531,-70.59940607037467,0.599994220822377,0.7198378261150726,-22764.772959286758,-0.001609788932592422,0.010526315789473684,11.747970063859913,235207,-0.08941976853736197,-66.38110094570536,0.5997313005140154,0.7320920212243592,-21032.155498367298,-0.00162293870241273,0.02,11.608995480576684,-0.10338299498199831,-0.06229786556778592,-0.09562886717641092,-0.11189381444980426,-0.09351179701604842,-0.09379800449145835,-0.08484749652080853,long,cci_rev,none,none,single,ohlcv,1331581,-0.08847099131568713,-0.0841655400260787,Oscillator,False,False
15m,38,sl2_trail3,89870,-0.09403212127999976,-19.04234262318418,0.319606097696673,0.8330874268853795,-8450.666739433578,-0.0011471398400530251,0.10526315789473684,18.293824413041058,89656,-0.10700631037432928,-20.77114297860636,0.3156620861961274,0.808922989910872,-9593.757762920866,-0.0012920604726246723,0.09333333333333334,17.365876238065496,-0.08727146644605478,-0.05317110823848727,-0.04675911101484677,-0.1554640831153856,-0.09483105905395948,-0.0898271379152037,-0.12327446328590369,long,vwap_week_x,none,none,single,ohlcv,817133,-0.12033466659270976,-0.12467139893432487,VWAP,False,True
15m,6,sl3_tp1.5,117375,-0.09466509833327437,-49.083220866415104,0.6058019169329073,0.7218525137476685,-11111.31591686808,-0.0016297465591217186,0.07446808510638298,10.980029818956336,109264,-0.09331530676992333,-46.79111189052302,0.6008566407966027,0.7252948240993123,-10196.003678908903,-0.00164819856575173,0.03333333333333333,10.991598330648705,-0.09849649856752447,-0.05602909960155243,-0.09788816985805468,-0.12016532008802024,-0.09327472817828662,-0.0882468770777075,-0.09863394478515501,long,ma_ribbon_align,none,none,single,ohlcv,1331581,-0.08847099131568713,-0.0841655400260787,MA,False,False
15m,11,sl3_tp1.5,179949,-0.09569972113552994,-61.029452385325854,0.606105063101212,0.7218409479052259,-17221.069118617477,-0.0017669224545452152,0.031578947368421054,10.438729862349888,168602,-0.08873818789526627,-54.70667038702414,0.6110129179962278,0.7402085218592874,-14961.435955517683,-0.0016200064834170412,0.04,10.024596386756977,-0.10295113942671347,-0.07609330023857848,-0.08582174191455572,-0.11734633592622376,-0.0941998245290219,-0.08785634352980187,-0.08966835191104361,long,donchian_20,none,none,single,ohlcv,1331581,-0.08847099131568713,-0.0841655400260787,Trend/momentum,False,False
15m,23,sl3_tp1.5,282217,-0.09574863064240978,-76.7444492588816,0.6043399228253437,0.7192958990314521,-27021.89129400896,-0.001550421126869113,0.031578947368421054,11.236534298075595,276068,-0.08838380807691729,-70.76558353299112,0.6027681585696277,0.736258500131341,-24399.9411281784,-0.0015170232588989465,0.013333333333333334,11.31535708593535,-0.09396966556344835,-0.050162302675677076,-0.09708220978751227,-0.12301787562850534,-0.0994655908833427,-0.09232128710877624,-0.0841496779782707,long,willr_rev,none,none,single,ohlcv,1331581,-0.08847099131568713,-0.0841655400260787,Oscillator,False,False
15m,59,sl3_tp1.5,52689,-0.09580548035862028,-32.69063172689657,0.6154984911461595,0.7244699918624021,-5047.894954615344,-0.0017349118403017572,0.07446808510638298,9.799085198048928,51086,-0.09457605935574935,-31.61703321699908,0.6157655717809184,0.7297486969980143,-4831.512568247811,-0.0017712640509719112,0.08666666666666667,9.43389578358063,-0.03035618083015249,-0.04207597491867772,-0.11271566587453505,-0.1309684231863292,-0.10534887262209545,-0.09502766192022612,-0.09409067188656271,long,asia_range_break,none,none,single,ohlcv,1331581,-0.08847099131568713,-0.0841655400260787,SMC/ICT,False,False
15m,54,sl3_tp1.5,242288,-0.09610995971343211,-71.33946539462028,0.6051723568645578,0.7184717978878055,-23286.28991904804,-0.001587670778300622,0.021052631578947368,11.120715842303374,235155,-0.08591761264425832,-63.4976095711825,0.6056133188747848,0.742578571570959,-20203.956201360565,-0.0015127209808951769,0.02,11.19219238374689,-0.08839642082769389,-0.05197649464970705,-0.09669217008857207,-0.12115405961040646,-0.10153802566787758,-0.09109446994006783,-0.08036719028235621,long,smc_sweep_swing,none,none,single,ohlcv,1331581,-0.08847099131568713,-0.0841655400260787,SMC/ICT,False,False
15m,5,sl3_tp1.5,95916,-0.09619604286207827,-45.348575005821054,0.6012344134450978,0.7157212606927332,-9226.739647159098,-0.0015657562713864894,0.05319148936170213,11.282319946619959,94352,-0.09642480075122402,-44.987040715589906,0.5983762930303544,0.7169908691546925,-9097.872800479488,-0.0017013931417486094,0.04,10.93979989825335,-0.09497934786147082,-0.05771106479872859,-0.09166489709058978,-0.1225333841508078,-0.09844276586561033,-0.09252135220949402,-0.100275161275144,long,price_x_ema200,none,none,single,ohlcv,1331581,-0.08847099131568713,-0.0841655400260787,MA,False,False
15m,49,sl3_tp1.5,266548,-0.09639576385376938,-75.60377524164329,0.5996255833846061,0.7158854909318826,-25694.09806369452,-0.0016819662737852688,0.042105263157894736,11.484865765265543,254199,-0.0883000409512391,-67.9865917431296,0.6009032293596749,0.7361468250513645,-22445.782109764026,-0.0016285223470119156,0.02666666666666667,11.36229096101873,-0.09193706198632255,-0.05857357696302804,-0.09550614960016394,-0.12063413989875257,-0.09878167789154137,-0.09097746901665398,-0.0854684151175719,long,delta_flip,none,none,single,taker,1331581,-0.08847099131568713,-0.0841655400260787,Taker flow (delta/CVD),False,False
15m,17,sl3_tp1.5,137313,-0.09645317351809209,-54.07013069219875,0.6048735371013669,0.717108492441968,-13244.274615289778,-0.001553736421051396,0.042105263157894736,11.050475919978444,127951,-0.09423704663745779,-51.03967348838303,0.6024650061351611,0.7232703473748031,-12057.724354309361,-0.0016930520220327875,0.02,10.855327430031808,-0.09182059314925346,-0.05867003143883751,-0.09228221654225569,-0.12355090591831445,-0.09811174227341883,-0.08567685989577223,-0.10294610267114761,long,ichi_kumo_break,none,none,single,ohlcv,1331581,-0.08847099131568713,-0.0841655400260787,Trend/momentum,False,False
15m,105,sl3_tp1.5,43006,-0.09723117106632401,-30.256816588295244,0.6059852113658559,0.7197944370690187,-4181.52374287833,-0.0021032790642444765,0.06382978723404255,9.967190624564015,44543,-0.07514271518084006,-24.036181694873672,0.6233527153537032,0.7723746366151596,-3347.081962300159,-0.001653317799328278,0.03333333333333333,10.08890285791258,-0.09579914597715133,-0.10769117087477911,-0.10378120639654276,-0.12607276658885552,-0.07125996395451988,-0.06198298140100708,-0.08711908868038533,short,vol_dryup_break,none,none,single,ohlcv,1347065,-0.06507659990807109,-0.06376865347598153,Volume,False,False
15m,14,sl3_tp1.5,124986,-0.09745662053856188,-52.19597573110952,0.6022754548509434,0.7142274148905161,-12180.713174632696,-0.0016140183447647344,0.021052631578947368,11.281143488070663,118751,-0.0944567902460896,-49.33208597328074,0.6024117691640491,0.7225117760507676,-11216.838298513387,-0.0016312424875498017,0.02666666666666667,10.969953937230002,-0.08967828047213558,-0.07347576066915276,-0.08091154555917383,-0.12398954689659795,-0.10093528618399375,-0.08832894837633336,-0.10066242323058028,long,macd_zero_x,none,none,single,ohlcv,1331581,-0.08847099131568713,-0.0841655400260787,Trend/momentum,False,False
15m,15,sl3_tp1.5,102438,-0.09779855624592107,-47.7195084187775,0.5939299869189169,0.7119035813729511,-10018.288504719663,-0.0017032245169817171,0.021052631578947368,11.629063433491478,100566,-0.0935216147775198,-45.201070177316765,0.5962949704671558,0.7237096525744782,-9405.094711716056,-0.0016762310324857782,0.04666666666666667,11.285603484278981,-0.088964893186519,-0.07169333171895216,-0.09609726031051177,-0.12085462857637187,-0.0973826598202688,-0.08959147161007042,-0.09753293673449955,long,adx_di_x,none,none,single,ohlcv,1331581,-0.08847099131568713,-0.0841655400260787,Trend/momentum,False,False
15m,8,sl3_tp1.5,92718,-0.09828066537278286,-45.14752180758423,0.6022994456308376,0.7141196335174264,-9112.386732033681,-0.0017186397799171388,0.05263157894736842,10.760240729955349,92197,-0.09177156763578051,-42.034324107288505,0.6058873932991312,0.7307505337542425,-8461.063221316055,-0.0015776104453412497,0.02,10.442541514365978,-0.09341318816323631,-0.06451666514230593,-0.10090047640224296,-0.12321297664680558,-0.09728736039997135,-0.08332166941431243,-0.1005604565077071,long,supertrend_flip,none,none,single,ohlcv,1331581,-0.08847099131568713,-0.0841655400260787,Trend/momentum,False,False
15m,45,sl3_tp1.5,230559,-0.09857694031428207,-71.26869261075322,0.6033249623740561,0.7137261014857214,-22727.80078192056,-0.0017484093510628544,0.031578947368421054,10.738548484335897,220899,-0.08968447848197258,-63.4866196077987,0.6087578486095455,0.7366293843653902,-19811.21161218926,-0.0015513087877034005,0.04,10.415216909085148,-0.0954575552051392,-0.0727403092021711,-0.08979048514964894,-0.12760942075420514,-0.09689757559570635,-0.09211241723813537,-0.0871976467590781,long,obv_break_20,none,none,single,ohlcv,1331581,-0.08847099131568713,-0.0841655400260787,Volume,False,False
15m,51,sl3_tp1.5,165211,-0.09917360372983537,-61.184094003928486,0.597865759543856,0.7094317993722775,-16384.57024580983,-0.0018173983530588315,0.042105263157894736,11.363583538626363,153627,-0.09653828012769412,-57.24294230292093,0.5999531332382979,0.7179595992712121,-14830.886361177265,-0.0017734792567367964,0.03333333333333333,11.026733581987541,-0.08839766149677394,-0.08678180217868045,-0.08926449355753091,-0.12472076726991992,-0.09646576809237514,-0.0941292911765409,-0.09914060797544161,long,smc_choch,none,none,single,ohlcv,1331581,-0.08847099131568713,-0.0841655400260787,SMC/ICT,False,False
15m,0,sl3_tp1.5,152509,-0.09934496978059262,-58.818673008750295,0.5997088696404802,0.7092837589345965,-15151.0019962684,-0.0016712687237990587,0.010526315789473684,11.421017776000104,145188,-0.09720832138401599,-56.004652190699744,0.6001666804419098,0.7164478854557869,-14113.481765102513,-0.0016707464430551443,0.02,11.064908945642891,-0.09315451708117313,-0.07649381050120631,-0.08863353338294856,-0.12918075155608094,-0.09682319158052569,-0.09633841675581727,-0.09809977163768091,long,ema_x_9_21,none,none,single,ohlcv,1331581,-0.08847099131568713,-0.0841655400260787,MA,False,False
15m,34,sl3_tp1.5,122602,-0.09949206971584158,-52.25701975593212,0.6078938353371071,0.7112213760111625,-12197.92673130161,-0.0016951941705737573,0.021052631578947368,10.893329635731881,128605,-0.08209539447686184,-44.950280929818696,0.6089498853077252,0.7517498776653799,-10557.878206696818,-0.0013109084532821362,0.03333333333333333,11.099568446016873,-0.10065007651631373,-0.04974776345845344,-0.10726892944531426,-0.1112304436468219,-0.10724709806914179,-0.09131593205211776,-0.07277233759317854,long,pinbar,none,none,single,ohlcv,1331581,-0.08847099131568713,-0.0841655400260787,Candle,False,False
15m,10,sl3_tp1.5,355172,-0.09982936650052235,-90.59156922004297,0.5944866149358621,0.7064448800631099,-35456.595758723524,-0.0017666197744410827,0.021052631578947368,11.810908517563321,340578,-0.08959021164047364,-80.20929933033771,0.5975576813534638,0.7313179278959931,-30512.455100089228,-0.0016265117488585205,0.02,11.71138182736407,-0.10146147169018309,-0.06481772483379311,-0.09993470383808126,-0.12601339562674904,-0.09831473927358746,-0.09227330657231403,-0.08678331801307763,long,ha_flip,none,none,single,ohlcv,1331581,-0.08847099131568713,-0.0841655400260787,Trend/momentum,False,False
15m,31,sl3_tp1.5,253880,-0.10017740868314233,-77.27541299869776,0.5912281392783992,0.7040989344429236,-25433.040516476176,-0.0018405312476793636,0.010526315789473684,12.052150622341264,238436,-0.08627596096481205,-64.97082907654033,0.5980179167575366,0.7385350701027679,-20571.295028605924,-0.0015465915432692978,0.02666666666666667,11.846763911489875,-0.10572885461452687,-0.0717580120094355,-0.09703321428038791,-0.11548030172235794,-0.10333112889740108,-0.08244805103796711,-0.09024027966503594,long,nr7_breakout,none,none,single,ohlcv,1331581,-0.08847099131568713,-0.0841655400260787,Volatilitas,False,False
15m,13,sl3_tp1.5,244775,-0.10193031427480125,-76.49540543477369,0.5964252885302829,0.7023474499275723,-24949.992676614474,-0.0017871081359110655,0.021052631578947368,11.526557042181595,234831,-0.09526310698248132,-70.09586178356119,0.5984133270309286,0.7199386117732448,-22370.73067580307,-0.0017970238250971844,0.02666666666666667,11.326907435560042,-0.08917329183977193,-0.0772979431891778,-0.10262744614062218,-0.12114115165248576,-0.10344259677781967,-0.09691730538062394,-0.09356104386539399,long,macd_x,none,none,single,ohlcv,1331581,-0.08847099131568713,-0.0841655400260787,Trend/momentum,False,False
15m,4,sl3_tp1.5,190871,-0.1019531192868308,-67.51153058517909,0.597586851852822,0.7027452080881955,-19459.893831396683,-0.0016707770697918318,0.031578947368421054,11.434565753833741,182961,-0.093068654570479,-60.47022284335614,0.6020572690354775,0.7253526483780235,-17027.93410886941,-0.0016165348431018307,0.04,11.119774159520334,-0.10128232509760603,-0.06626793302195641,-0.09138437204449959,-0.13285195220094273,-0.10287146091400468,-0.08608331780970564,-0.10014119951075888,long,price_x_ema50,none,none,single,ohlcv,1331581,-0.08847099131568713,-0.0841655400260787,MA,False,False
15m,28,sl3_tp1.5,161189,-0.10207674240450727,-61.22072944383757,0.6048117427367873,0.7080198577472117,-16453.648031440123,-0.0018320445425014198,0.05263157894736842,10.185298004206242,158097,-0.08786978425241818,-52.391907162336466,0.6131488896057483,0.7426481817201444,-13891.949280954555,-0.001543301460253523,0.02666666666666667,9.925412879434777,-0.10373079912809811,-0.08166807602292035,-0.08967948236581984,-0.12649688891621577,-0.10102345620425889,-0.08577495766288512,-0.08992890357053873,long,bb_breakout,none,none,single,ohlcv,1331581,-0.08847099131568713,-0.0841655400260787,Volatilitas,False,False
15m,19,sl3_tp1.5,248701,-0.10236754666358015,-77.50032541450659,0.5952649969240172,0.7011513057885544,-25458.911222779047,-0.001725114305371982,0.031578947368421054,11.646137329564416,239199,-0.0956424384854084,-71.04279861146749,0.5986229039419061,0.718888933936052,-22877.575643271204,-0.0016763429365403517,0.02,11.324186137901915,-0.09940933037677765,-0.06425383237787334,-0.09935140921549654,-0.13714641606136943,-0.09877447756340153,-0.08948687709569116,-0.10195600186161183,long,rsi_50_x,none,none,single,ohlcv,1331581,-0.08847099131568713,-0.0841655400260787,Oscillator,False,False
15m,35,sl3_tp1.5,223332,-0.10315008747585883,-73.88182123301155,0.595266240395465,0.6999868233578426,-23036.715336158504,-0.0017871646890722675,0.021052631578947368,11.316698905665108,215367,-0.09058763550510542,-63.895925104066336,0.602199965640047,0.731661179258868,-19509.587295828038,-0.0015701138740752542,0.02666666666666667,11.041705553775648,-0.09920712849259074,-0.06601166831716529,-0.10090816333264026,-0.1258938568626047,-0.10663436025816293,-0.08432794533660304,-0.09697671053635393,long,vwap_x,none,none,single,ohlcv,1331581,-0.08847099131568713,-0.0841655400260787,VWAP,False,False
15m,39,sl3_tp1.5,41678,-0.10396853002727417,-32.30460008489718,0.5896636114976727,0.696989291187217,-4333.200394476733,-0.0018070338998290663,0.06315789473684211,11.385599117040165,42684,-0.08314409032951722,-26.34527433043484,0.6024037109924093,0.7485048826881653,-3548.922351625113,-0.0015070444037257426,0.06666666666666667,10.972331552806672,-0.10235444008503283,-0.06974741381836473,-0.1055340786341009,-0.11036357001305458,-0.1150946944348024,-0.07737842008247674,-0.0883240644884844,long,vwap_month_x,none,none,single,ohlcv,1331581,-0.08847099131568713,-0.0841655400260787,VWAP,False,False
15m,50,sl3_tp1.5,127941,-0.10471635837295752,-56.31382692319233,0.5971268006346675,0.6996580860217266,-13397.515606594558,-0.002002902844688988,0.010526315789473684,10.813234225150655,117591,-0.09014816605959707,-46.674961083812626,0.606092302982371,0.7350265570612792,-10600.61299511408,-0.001604405824359473,0.05333333333333334,10.547958602273983,-0.11279186442184373,-0.08360224348903246,-0.09718059036760111,-0.1252952133475922,-0.10384113698524505,-0.0897056679689343,-0.09063017080245646,long,smc_bos,none,none,single,ohlcv,1331581,-0.08847099131568713,-0.0841655400260787,SMC/ICT,False,False
15m,33,sl3_tp1.5,292467,-0.10594268190718958,-86.80351929746277,0.5979272875230368,0.6922736474025261,-30984.738349350017,-0.0017422278197954453,0.010526315789473684,11.54097385346039,288499,-0.09514392647947158,-77.83177628518442,0.6012429852443163,0.7186843325520245,-27448.92764540107,-0.001656449507849426,0.02666666666666667,11.374999566722934,-0.11169579141221526,-0.06599910375150794,-0.10340563975325733,-0.12700442280946928,-0.1059005045630284,-0.09236833942611156,-0.09797460475396044,long,engulfing,none,none,single,ohlcv,1331581,-0.08847099131568713,-0.0841655400260787,Candle,False,False
15m,40,sl3_tp1.5,105413,-0.10603938425218164,-51.9488556238386,0.5957898930871904,0.6944942587985583,-11177.929612175223,-0.0018631441480252608,0.010526315789473684,10.418316526424634,108161,-0.09181169035653733,-45.55448314651926,0.6053845656012796,0.7307072193033352,-9930.444240653434,-0.0015829979896689365,0.02666666666666667,10.462726860883313,-0.08368700311875892,-0.08187701031764277,-0.11360269009054699,-0.11159849352861523,-0.11393191495329302,-0.07829280836415874,-0.10562701024058714,long,vwap_reclaim,none,none,single,ohlcv,1331581,-0.08847099131568713,-0.0841655400260787,VWAP,False,False
15m,53,sl3_tp1.5,156360,-0.10684600532691085,-63.69728560764098,0.5944998720900486,0.6927983153704023,-16706.44139291578,-0.0019649664890131714,0.031578947368421054,11.342107955998976,144420,-0.09040713962348632,-52.281271118740676,0.6013848497438028,0.7316226509588674,-13056.599104423894,-0.001662812742491158,0.02666666666666667,11.232530120481927,-0.10145805682146064,-0.07234814452281152,-0.10713960766661834,-0.12643981545016236,-0.11234710692351761,-0.09107186777577314,-0.0896900553027147,long,smc_ob_retest,none,none,single,ohlcv,1331581,-0.08847099131568713,-0.0841655400260787,SMC/ICT,False,False
15m,30,sl3_tp1.5,46697,-0.11424650610658318,-36.92330365508532,0.5992033749491402,0.6775879258702651,-5334.969095659115,-0.002017023889170098,0.042105263157894736,10.760348630533011,43973,-0.08931647475213937,-28.268961944332215,0.611056784845246,0.7367955714503807,-3927.5133442758247,-0.001564434479470358,0.07333333333333333,10.467878016055307,-0.14173317975715075,-0.09975989734163045,-0.09559497829717561,-0.13544524839487262,-0.10848500310083815,-0.08458868530740181,-0.09409506809826766,long,squeeze_fire,none,none,single,ohlcv,1331581,-0.08847099131568713,-0.0841655400260787,Volatilitas,False,False
15m,60,sl3_tp1.5,57513,-0.11459242776603025,-40.691454777532016,0.5990123971971554,0.6797536485968851,-6590.554298107698,-0.0020411718416013525,0.02127659574468085,10.456731521569036,59586,-0.10022683203306905,-36.345703742804645,0.6077266471990065,0.7140469584844372,-5972.116013522453,-0.0017848498645930016,0.04,10.278538582888597,-0.08724614037378867,-0.08199508199385816,-0.11162415655427725,-0.14059153383615622,-0.11820823542542282,-0.12776586912231663,-0.0703119612059304,long,asia_range_sweep,none,none,single,ohlcv,1331581,-0.08847099131568713,-0.0841655400260787,SMC/ICT,False,False
15m,44,sl3_tp1.5,39830,-0.11953930563781665,-35.256178836638966,0.5977906100928948,0.670579509895528,-4761.250543554237,-0.002098294261701123,0.06382978723404255,9.879964850615114,38641,-0.09537898538500024,-27.93523716180918,0.6117336507854352,0.725503049644214,-3685.5393742617944,-0.0017098311594304324,0.02666666666666667,9.734504800600398,-0.1347757954235379,-0.1131082507638278,-0.1010883394629858,-0.13840734780247177,-0.11385427590472534,-0.0910104253369543,-0.09929373309575225,long,vol_dryup_break,none,none,single,ohlcv,1331581,-0.08847099131568713,-0.0841655400260787,Volume,False,False
1h,77,sl1.5_tp3,17864,0.10360476589232556,9.67847830459314,0.4024294670846395,1.1650340215313506,1850.7955379005039,0.0016938816786382146,0.7849462365591398,13.677675772503358,19395,-0.008372742604460377,-0.8322504079509171,0.3668471255478216,0.9874859699921164,-162.38934281350902,-0.0007071172020843415,0.4666666666666667,13.988759989688065,-0.03493316522944031,0.12311655017313468,0.13819307841446637,0.02595637019108184,0.1596314621406445,0.02644072832950606,-0.04274743324076538,short,ichi_tk_x,none,none,single,ohlcv,275701,-0.0464035953206689,-0.056441739411564947,Trend/momentum,False,True
1h,102,sl1.5_tp3,10848,0.05309451381904558,3.891470959643556,0.3851401179941003,1.0819483953867284,575.9692859090064,0.0008839287075653253,0.6304347826086957,11.634587020648967,12429,-0.020682021407755866,-1.653758317334706,0.3605277978920267,0.969178873618313,-257.05684407699766,-0.0009837499533899173,0.48,12.307989379676563,0.018815661268263898,0.01214153693757205,0.25028467038620866,-0.20302102738240121,0.16614956711920317,0.01554498835576064,-0.05803983013594498,short,vol_spike_candle,none,none,single,ohlcv,275701,-0.0464035953206689,-0.056441739411564947,Volume,False,True
1h,64,sl2_trail3,6046,0.04752704719910318,2.6689467183110933,0.3752894475686404,1.1031706391921796,287.34852736577784,0.00022136125568957208,0.6344086021505376,19.19897452861396,6140,-0.07510578816403338,-4.29258280806143,0.3281758957654723,0.8508468348078745,-461.1495393271649,-0.0025499956324208694,0.34,18.788925081433224,-0.04690903610074169,-0.014558487164772555,0.1049010519183201,-0.0941891444412217,0.1656436928322495,0.015184846067447685,-0.16664017662238298,short,sma_x_50_200,none,none,single,ohlcv,200748,-0.03862627072339571,-0.04009773350490464,MA,False,False
1h,105,sl1.5_tp3,9830,0.04077264076840836,2.836375017206489,0.37914547304170904,1.062062156574071,400.79505875345416,0.0009031070825004017,0.6129032258064516,12.04913530010173,10353,-0.08798006554670774,-6.485747795210867,0.3374867188254612,0.8746483768317929,-910.8576186050653,-0.0026152476711060356,0.24666666666666667,12.271032550951414,-0.07622615420763443,0.07535702872802434,0.128210720308619,-0.06862265516405515,0.08358753895174835,-0.08912944334517695,-0.08690273893882373,short,vol_dryup_break,none,none,single,ohlcv,275701,-0.0464035953206689,-0.056441739411564947,Volume,False,False
1h,67,sl2_trail3,29962,0.03833049677036871,4.642161355647851,0.36332688071557306,1.0805505820229755,1148.4583442337873,-0.0005058808918419972,0.6914893617021277,18.284960950537346,31850,-0.015075478135714556,-1.8535179006714824,0.34370486656200944,0.9697565987163862,-480.1539786225086,-0.0010731320812116037,0.44,18.597299843014127,0.016847279419737946,0.07110198204944172,0.04897061564571061,-0.03561110790620564,0.07250859861650294,0.040101366107066265,-0.07383681394561586,short,ma_ribbon_align,none,none,single,ohlcv,200748,-0.03862627072339571,-0.04009773350490464,MA,False,True
1h,119,sl1.5_tp3,9643,0.03451741261867772,2.396362705030101,0.37560925023332986,1.052900686301073,332.85140988190926,0.0005733757832679057,0.6593406593406593,12.68702685886135,12005,-0.04419004126567885,-3.48467339887358,0.3526030820491462,0.9351793233930131,-530.5014453944747,-0.0018183485802676722,0.37333333333333335,12.534527280299875,-0.015275381832531219,0.07053459179002605,0.10850022590591388,-0.10591867254273167,0.056555365047380415,-0.059153642948805825,-0.023616939050499355,short,break_pwh_pwl,none,none,single,ohlcv,275701,-0.0464035953206689,-0.056441739411564947,SMC/ICT,False,True
1h,68,sl2_trail3,27156,0.03026563310481086,3.376353186862302,0.3537339814405656,1.0620152415864874,821.8935325942438,-0.0005788220138183044,0.6382978723404256,18.296324937398733,30286,-0.040581821417288985,-4.988318186133165,0.339199630192168,0.9199105131869267,-1229.061043444014,-0.0017926503463421431,0.32666666666666666,18.22244601466024,0.004574449524422889,0.03513072205055329,0.06980883534313026,-0.04604891938229327,0.059154861701825205,-0.010869867120709333,-0.07362134883801834,short,ema20_pullback,none,none,single,ohlcv,200748,-0.03862627072339571,-0.04009773350490464,MA,False,False
1h,62,sl1.5_tp3,18449,0.018708062193737215,1.8125727092962574,0.3771478128895875,1.0286143784454946,345.14503941225786,-0.0007725475676697783,0.6276595744680851,14.4578567944062,18780,-0.023026533468089205,-2.2651314485760703,0.36411075612353566,0.9657180667019036,-432.43829853071526,-0.000638890501376337,0.5133333333333333,14.57545260915868,-0.030261342590146355,0.07246949766012441,-0.0027862498520811615,-0.05125180260921477,0.06528364443935038,0.028569238790915778,-0.07653636952062708,short,ema_x_20_50,none,none,single,ohlcv,275701,-0.0464035953206689,-0.056441739411564947,MA,False,True
1h,91,sl2_tp2,13333,0.017516138410563074,2.0489308578669534,0.5329633240831021,1.0364378002781838,233.54267342803746,0.0006577666706085436,0.5957446808510638,12.404935123378085,12253,0.010953182695816887,1.2274811360885987,0.5334203868440381,1.0226216639086418,134.20934757184432,0.0003128987217263404,0.5066666666666667,12.30155880192606,-0.039072260613075935,0.05489526033008397,0.04415212629883078,-0.038694449109775125,0.038963530461412196,0.03805207869090578,-0.014213429356917962,short,squeeze_fire,none,none,single,ohlcv,298925,-0.03125235642880259,-0.04149320102082761,Volatilitas,True,True
1h,63,sl2_tp2,5704,0.009456488385804625,0.7300823861639631,0.5271739130434783,1.0197787002793646,53.939809752629586,-0.00032121584004018956,0.5978260869565217,13.96546283309958,5982,-0.055282729932454845,-4.363998033943144,0.49665663657639586,0.8918478791600796,-330.7012904559449,-0.0011950475252663498,0.36666666666666664,13.956034770979606,-0.0436392091639446,-0.039679645148694064,0.012987483360227054,-0.09609542339215495,0.1124769612116173,-0.0024327546832196884,-0.10852287278420115,short,ema_x_50_200,none,none,single,ohlcv,298925,-0.03125235642880259,-0.04149320102082761,MA,False,False
1h,82,sl2_tp2,10235,0.00945006456397368,0.9611720350699275,0.5270151441133366,1.0192786006402121,96.7214108122706,0.0009473081408227552,0.48936170212765956,9.878847093307279,9224,-0.06610841231649096,-6.384359458734359,0.49176062445793584,0.8750328210723402,-609.7839952073126,-0.0023527337934702024,0.2866666666666667,9.629661751951431,-0.04813027833303319,0.023009130048186503,0.05227088268899394,0.01151072918701265,-0.001863497588993102,-0.02674353140902359,-0.10550744930283681,short,rsi_divergence,none,none,single,ohlcv,298925,-0.03125235642880259,-0.04149320102082761,Oscillator,False,False
1h,73,sl1.5_tp3,20126,0.004760031923670421,0.47894713555991647,0.3653979926463281,1.0071395476817517,95.80040249579089,-0.001146732691221789,0.5106382978723404,11.685878962536023,22260,-0.016570681127666652,-1.7645493140114719,0.360062893081761,0.9753784891636812,-368.86336190185966,-0.0006692519696785386,0.41333333333333333,12.394833782569632,0.07959377413462886,0.010965459721562543,0.08241834748484664,-0.16944891871512324,0.03511908910922601,0.01018504142981094,-0.04855089388867537,short,donchian_55,none,none,single,ohlcv,275701,-0.0464035953206689,-0.056441739411564947,Trend/momentum,False,True
1h,78,sl2_trail3,33016,0.003305911898905065,0.4280113289486604,0.35407075357402473,1.0067715514404165,109.14798725424963,-0.0017632056766355157,0.6382978723404256,18.425763266295128,34240,0.00023943308343455917,0.030832600091752423,0.35259929906542054,1.0004837607901922,8.198188776799306,-0.000773612414153386,0.5,19.440946261682242,-0.0733331790920731,0.02265439815853208,0.05114199932529823,-0.05735883580154373,0.03032038180510385,0.0802239166425901,-0.0798198372766178,short,ichi_kumo_break,none,none,single,ohlcv,200748,-0.03862627072339571,-0.04009773350490464,Trend/momentum,True,True
1h,89,sl1.5_tp3,38530,3.5813773858194055e-05,0.004990620167946799,0.3648325979756034,1.000053569316611,1.379904706756217,-0.0009463358073367622,0.6,12.456008305216715,36495,-0.05764264395597944,-7.923201856461278,0.34728044937662694,0.916410129330372,-2103.6682911734697,-0.0016355472206138835,0.24,12.70793259350596,-0.0916996383576148,0.02437952858892715,0.07329307250770924,-0.09424482839174907,0.03095511195789436,-0.023072522903387366,-0.09671892812283443,short,bb_breakout,none,none,single,ohlcv,275701,-0.0464035953206689,-0.056441739411564947,Volatilitas,False,False
1h,90,sl1.5_tp3,36030,-0.002879004987727293,-0.38867531550455986,0.3637246738828754,0.9956912751585162,-103.73054970781436,-0.0012973846114572253,0.43157894736842106,12.348182070496808,35704,-0.0634655261390754,-8.65876526587019,0.3463477481514676,0.9079593249567032,-2265.973145269548,-0.002068172538442485,0.2,13.023470759578759,-0.007183273408010107,0.0019442940049052267,0.059274782956363965,-0.10633721179242898,0.024428100485689042,-0.023657507237202453,-0.1097920146532664,short,keltner_breakout,none,none,single,ohlcv,275701,-0.0464035953206689,-0.056441739411564947,Volatilitas,False,False
1h,42,sl2_trail3,7196,-0.0047694446936479735,-0.28640657665879565,0.35366870483602003,0.9904102889009788,-34.32092401549082,0.00096408667574066,0.46153846153846156,19.35478043357421,6757,0.036761601297691154,1.3192690562685558,0.3537072665384046,1.0764396555973517,248.39813996849915,0.004003184505661092,0.46621621621621623,18.2274678111588,0.06265898081017891,0.05928711783083906,-0.12526774589316753,0.01169638884068491,-0.018219697470706515,-0.024896422488071474,0.0915113078054178,long,vol_spike_reversal,none,none,single,ohlcv,203030,-0.06854376817377764,-0.04562120508369507,Volume,False,True
1h,75,sl2_tp2,30456,-0.006906027721756169,-1.2263523613437683,0.5206199106908327,0.9858872131613995,-210.32998029380587,-0.0005625600202064536,0.5425531914893617,13.355135277121093,30583,-0.04043271597066255,-7.18416299497005,0.5061962528201942,0.9202621801358613,-1236.5537525307727,-0.0016044306843827003,0.2733333333333333,13.280907693816827,-0.06947469595517115,0.04127959390097891,-0.010641105496449919,-0.05857595072220945,0.023705282348270764,-0.01758509328134108,-0.06448098889929534,short,macd_zero_x,none,none,single,ohlcv,298925,-0.03125235642880259,-0.04149320102082761,Trend/momentum,False,True
1h,106,sl2_tp2,57751,-0.007025590364774591,-1.7126389499367582,0.519506155737563,0.9857131023456982,-405.7348691560974,-0.0006108224542356589,0.49473684210526314,12.164204948832054,57969,-0.02779732316223217,-6.789219852737773,0.5116527799341027,0.9446211899464706,-1611.3830263914367,-0.0011470924582703832,0.26666666666666666,12.396505028549742,-0.0677807596681573,-0.012551220643817999,0.01704173768777353,-0.058002590231222645,0.02904495781212448,0.0015306545324538525,-0.05973911406287749,short,obv_break_20,none,none,single,ohlcv,298925,-0.03125235642880259,-0.04149320102082761,Volume,False,True
1h,115,sl2_trail3,56624,-0.007619866680494678,-1.3443957371259776,0.36182537439954787,0.9843612080801425,-431.46733091633064,-0.0010004114872913794,0.49473684210526314,18.67775148346991,53687,-0.02729111438224228,-4.51341256439236,0.3519473988116304,0.9458556554684566,-1465.1780578394414,-0.001574901778152227,0.37333333333333335,19.112187307914393,-0.04484236179355269,0.0009512246240906305,0.05181001445199792,-0.06454503297799535,0.00495861901944343,0.01850551234349947,-0.07508374954317776,short,smc_sweep_swing,none,none,single,ohlcv,200748,-0.03862627072339571,-0.04009773350490464,SMC/ICT,False,True
1h,113,sl2_tp2,57073,-0.008352316479651479,-2.0264532447772905,0.5187742014612864,0.9830095111000751,-476.69175844314884,-0.00059722467038017,0.5578947368421052,12.993814938762638,55893,-0.014406682739025836,-3.4630179018906704,0.5177213604565867,0.9707932809424799,-805.2327183323711,-0.000425962568935615,0.4066666666666667,13.204175835972304,-0.09016073946643852,-0.012649076113298904,-0.0014158045401219917,-0.04552853340454308,0.03307811886110299,0.0065956122268814345,-0.03642103449998489,short,smc_fvg_retest,none,none,single,ohlcv,298925,-0.03125235642880259,-0.04149320102082761,SMC/ICT,False,True
1h,61,sl2_trail3,39372,-0.01469524546557834,-2.1637688122016074,0.3544905008635579,0.9697350680731879,-578.5812044707504,-0.0018917599752956143,0.39361702127659576,18.72180737580006,39007,-0.009080888760783149,-1.2662323282833599,0.34798882251903507,0.9815402039174529,-354.2182278918683,-0.0007813255275316385,0.48,19.605814341015716,-0.06761573344255023,0.04033423018642575,0.034496860962800885,-0.09038779109166793,-0.00024768340874508396,0.06102185100682692,-0.0815186812135216,short,ema_x_9_21,none,none,single,ohlcv,200748,-0.03862627072339571,-0.04009773350490464,MA,False,True
1h,97,sl3_tp1.5,94553,-0.01524409902696752,-7.279097987019532,0.6297737776696668,0.948973277435733,-1441.37529529686,-0.0011564285488987818,0.3684210526315789,11.14125411145072,91060,-0.023085316380516377,-10.760903492600152,0.6286404568416428,0.9238066125436197,-2102.148909609821,-0.0008830527814460882,0.2,11.286151987700418,-0.02309949405363373,-0.029425065439946434,-0.006242120103150358,-0.031506479820990266,-0.001041736679034003,-0.012876239176875689,-0.03407859675028081,short,vwap_1sd_break,none,none,single,ohlcv,329859,-0.02253530576798127,-0.02721437002045846,VWAP,False,True
1h,117,sl2_tp2,29938,-0.015323316652302197,-2.6903220132629526,0.5144966263611463,0.9690993659589535,-458.7494539366232,-0.0016680833759674264,0.4631578947368421,11.865321664773866,31185,-0.023917700791019274,-4.280892444762035,0.5132275132275133,0.9522209546765871,-745.8734991679361,-0.0011149279292606304,0.3933333333333333,11.95254128587462,-0.016339191239965068,-0.012692278458225946,-0.012499658789653745,-0.10326587010239853,0.0310956871863938,0.014157839766702327,-0.06614688986217283,short,break_pdh_pdl,none,none,single,ohlcv,298925,-0.03125235642880259,-0.04149320102082761,SMC/ICT,False,True
1h,107,sl2_tp2,31039,-0.016161246596713554,-2.8889736683506873,0.5126775991494571,0.9674274628231424,-501.628933115392,-0.0012334782949767395,0.4148936170212766,11.971294178291826,30224,-0.0386421931273356,-6.8334530234716455,0.5036064055055585,0.9235323666592914,-1167.9216450805911,-0.0014016160278008335,0.26,12.182470884065642,-0.07072911430443284,-0.00825041081761242,0.04430905156303509,-0.0809368865855415,0.005278596015519713,-0.0008833714931977352,-0.07684334387539841,short,delta_surge,none,none,single,taker,298925,-0.03125235642880259,-0.04149320102082761,Taker flow (delta/CVD),False,True
1h,58,sl3_tp1.5,10301,-0.016636386165757862,-2.5820306340924257,0.6400349480632949,0.9454895594492029,-171.37141389347173,-0.00026084031154957995,0.43478260869565216,10.243277351713425,8089,-0.04168843894069598,-5.644219055656493,0.6182470021016195,0.8711903647217605,-337.2177825912898,-0.0018014837684175694,0.3221476510067114,9.955371492149833,-0.022905115894110907,0.01625782741086509,-0.018292274984162228,-0.02588994557193092,-0.024925290326154228,-0.06264012441619998,-0.0241573397178912,long,break_pwh_pwl,none,none,single,ohlcv,325262,-0.04742534748144277,-0.04058282405446332,SMC/ICT,False,False
1h,65,sl2_trail3,46800,-0.017880899613712246,-2.804116884065762,0.350534188034188,0.96380364204292,-836.8261019217332,-0.0021958078591794252,0.425531914893617,18.752179487179486,46367,0.0021152288782941182,0.3221509538344306,0.35788383979985766,1.0043482500201046,98.07681739986339,-0.0004557952357075869,0.5133333333333333,19.817370112364397,-0.08906060649608484,0.011595447926619467,0.05064052789143022,-0.08295401230766929,-0.00449122589956427,0.08168941415941458,-0.07989490085020758,short,price_x_ema50,none,none,single,ohlcv,200748,-0.03862627072339571,-0.04009773350490464,MA,False,True
1h,120,sl2_tp2,33610,-0.01827840113783568,-3.3923908488391565,0.5144599821481702,0.9633670400363987,-614.3370622426572,-0.0012364269219882452,0.4105263157894737,11.752603391847664,34573,-0.04671214863315673,-8.795220751345793,0.5030515141873716,0.9089549252959515,-1614.9791146941277,-0.0014996400740726178,0.26666666666666666,12.081190524397652,-0.06509928533444968,-0.0466099723124691,0.013186491246929216,-0.035851887673126935,-0.00011913274926338999,-0.013683202610695791,-0.08515977689928755,short,asia_range_break,none,none,single,ohlcv,298925,-0.03125235642880259,-0.04149320102082761,SMC/ICT,False,False
1h,16,sl3_tp1.5,18629,-0.018561913793398183,-3.9119302094538906,0.6370175532771485,0.9384191551544646,-345.7898920572148,-0.00010866559961434616,0.41935483870967744,10.880992001717752,16683,-0.053300876595409157,-10.402832394799413,0.607864292992867,0.8369653165090369,-889.218524241211,-0.0017803115299681706,0.2733333333333333,10.662051189833962,-0.009324269919062121,0.01394648493158343,-0.05526556398525216,-0.04971736592797348,0.004387503165519629,-0.066597267762962,-0.03987795990361677,long,ichi_tk_x,none,none,single,ohlcv,325262,-0.04742534748144277,-0.04058282405446332,Trend/momentum,False,False
1h,72,sl2_tp2,38213,-0.01878727777778967,-3.72350105382892,0.5134640043964096,0.9622875277976988,-717.9182457226767,-0.0014570022897491602,0.47368421052631576,11.907466045586581,40101,-0.03244111133864845,-6.581737056771106,0.5095633525348495,0.9357890695666978,-1300.9210057911416,-0.0011453641983729752,0.30666666666666664,11.993690930400739,-0.051602574083616654,0.0009101350381236546,-0.013939833573648853,-0.09162550726319889,0.01917096597811377,-0.006517443288939005,-0.06252848921897125,short,donchian_20,none,none,single,ohlcv,298925,-0.03125235642880259,-0.04149320102082761,Trend/momentum,False,True
1h,112,sl3_tp1.5,41204,-0.018835915597226832,-5.944620989430546,0.6247209008834094,0.9372139316929421,-776.1150662681343,-0.0010371837466332675,0.48936170212765956,11.171318318609844,39043,-0.024531652871185576,-7.512566786465439,0.6274620290448992,0.9188539767422782,-957.7893230496985,-0.0015874159717217781,0.3333333333333333,11.310887995287247,-0.06401924407303446,-0.03021970252368912,0.0012645925210585864,-0.06280564614017058,0.016002362011865,-0.008670081078940226,-0.041695003619716425,short,smc_choch,none,none,single,ohlcv,329859,-0.02253530576798127,-0.02721437002045846,SMC/ICT,False,True
1h,74,sl3_tp1.5,60909,-0.018851294159245538,-7.15498765537808,0.6331248255594412,0.9378600966503146,-1148.2134759454864,-0.0009237019471582679,0.3404255319148936,10.769459357402026,57644,-0.018851839250170647,-7.024359505355646,0.630872250364305,0.9369626399704389,-1086.6954217368368,-0.0009744115801315023,0.3,11.159530913885227,-0.058596994431553535,-0.04052339753568294,0.004439575346084158,-0.04002122229995153,0.0029321749601573066,0.0007458255680655136,-0.03867518119406609,short,macd_x,none,none,single,ohlcv,329859,-0.02253530576798127,-0.02721437002045846,Trend/momentum,False,True
1h,66,sl2_tp2,21095,-0.020061906327147123,-2.964514338240698,0.5141028679781939,0.9595485565860106,-423.20591397116857,-0.001282893898590126,0.39361702127659576,13.012751836928182,21654,-0.007983734184900674,-1.1961688920902762,0.5219820818324559,0.983677443139329,-172.87978003983918,-0.0006756465133632496,0.4666666666666667,13.288076106031218,-0.07367182167052781,-0.040881337968072896,0.030196625291168108,-0.0601775929190194,0.0057866543232079695,0.04486852637040251,-0.06048568978209083,short,price_x_ema200,none,none,single,ohlcv,298925,-0.03125235642880259,-0.04149320102082761,MA,False,True
1h,99,sl2_trail3,40696,-0.02022679507402472,-2.988074390402821,0.348879496756438,0.9595262972387059,-823.14965233251,-0.0022895659436354392,0.46808510638297873,18.21434539021034,40998,-0.026700672435522682,-3.977133420224472,0.3530172203522123,0.9460655097886157,-1094.674168511559,-0.001516760542101281,0.34,19.62132299136543,-0.01819597371058868,0.011013738715949174,-0.0002583850776724856,-0.08247847797902189,-0.0010852237796707366,0.04487525914376431,-0.09754708811344827,short,vwap_week_x,none,none,single,ohlcv,200748,-0.03862627072339571,-0.04009773350490464,VWAP,False,True
1h,121,sl2_trail3,34861,-0.020817786193464333,-2.826839191348231,0.35369037032787354,0.9586652169166849,-725.7288444903601,-0.0013416061720587687,0.3723404255319149,18.055764321161185,33734,-0.026352847956478177,-3.3874959219694105,0.3542123673445189,0.9477573585881673,-888.9869729638348,-0.0012567982989746553,0.36666666666666664,18.692713582735518,-0.1559734304476282,-0.020069083549838,0.07082807869173946,-0.07946329225382982,-0.00044136219877357626,0.011892975230027887,-0.06788593890388231,short,asia_range_sweep,none,none,single,ohlcv,200748,-0.03862627072339571,-0.04009773350490464,SMC/ICT,False,True
1h,114,sl1.5_tp3,33809,-0.02098937138901114,-2.756435181932319,0.3585435830695968,0.9688845920655469,-709.6296572910776,-0.0010617051667633486,0.4787234042553192,13.617025052500813,33800,-0.050480285031335094,-6.679491435709418,0.3518934911242604,0.9263292868401408,-1706.2336340591262,-0.0010014835951685421,0.25333333333333335,13.598402366863905,-0.09115730673705155,-0.010924152993910485,-0.004538347539624785,-0.06873082645870139,0.012413450411559751,-0.012820752664029721,-0.09017670489830025,short,smc_ob_retest,none,none,single,ohlcv,275701,-0.0464035953206689,-0.056441739411564947,SMC/ICT,False,True
1h,101,sl2_trail3,67340,-0.021397245922118616,-4.153039089692708,0.3569349569349569,0.9563154055988743,-1440.8905403954677,-0.0020254300637571614,0.37894736842105264,18.835550935550934,64121,-0.03201763168702274,-5.8730248621529455,0.3517100481901405,0.9355405072224204,-2053.0025614035853,-0.0016238056022967247,0.35333333333333333,19.54091483289406,-0.00021129738518901872,-0.03363990309226889,0.02744229843410938,-0.06318911455912268,-0.016986732272201037,0.01767928927984792,-0.08411002488729939,short,vwap_reclaim,none,none,single,ohlcv,200748,-0.03862627072339571,-0.04009773350490464,VWAP,False,True
1h,116,sl3_tp1.5,35977,-0.021552921443069382,-6.225026182922971,0.6368791172137754,0.9299827445672815,-775.4094547573071,-0.0006528009030782316,0.26595744680851063,10.627817772465741,33216,-0.03482022094824395,-9.589796939655084,0.6298771676300579,0.889848481344105,-1156.588459016871,-0.001441743439691527,0.21333333333333335,10.36295761078998,-0.009569543172135283,-0.035093203729764426,-5.8599506258555435e-05,-0.026484065611658128,-0.025373372262482086,-0.019087653826918908,-0.05119659081628496,short,sweep_pdh_pdl,none,none,single,ohlcv,329859,-0.02253530576798127,-0.02721437002045846,SMC/ICT,False,False
1h,94,sl2_trail3,52610,-0.02157343461889419,-3.55219341679109,0.3475194829880251,0.9572298274611984,-1134.9783953000233,-0.0012641957847484143,0.41935483870967744,18.44508648545904,49261,-0.023103632022586904,-3.6231741996215057,0.3487139928137878,0.9542956824587555,-1138.1080170646535,-0.0007932080552795969,0.3933333333333333,19.02338563975559,-0.08922252519107847,-0.01954443929595048,0.047480597839233,-0.05772143295584517,-0.012061761921242318,0.026391694010921583,-0.0727579646339754,short,engulfing,none,none,single,ohlcv,200748,-0.03862627072339571,-0.04009773350490464,Candle,False,True
1h,70,sl3_tp1.5,67315,-0.02220640647917835,-8.864610320038953,0.6291168387432222,0.9271183949961632,-1494.8242521458908,-0.0011635643563672506,0.22105263157894736,10.775191264948377,66215,-0.02490260387901098,-9.84030521469488,0.6307785245035112,0.9185313151473674,-1648.925915848712,-0.0012073375320782013,0.23333333333333334,10.820237106395831,-0.031251420507131235,-0.04094645507924348,-0.004647641156710873,-0.045439439366929554,-0.005825541507702454,-0.00864941654275029,-0.042166648455002356,short,psar_flip,none,none,single,ohlcv,329859,-0.02253530576798127,-0.02721437002045846,Trend/momentum,False,True
1h,41,sl3_tp1.5,11291,-0.02251760001450038,-3.591615382989572,0.6436985209458861,0.9285265834053404,-254.24622176372378,-0.0006178813062846497,0.43617021276595747,8.57567974492959,12056,-0.021261911852931473,-3.4834505674471727,0.6439117451891174,0.9330383961825419,-256.33360929894184,-0.0011578028873372188,0.4,7.798440610484406,-0.0024985888002160396,0.03669257514635595,-0.07512518644674107,-0.03211107376088285,-0.025829371999632415,-0.03950229359726163,-0.006587154799230741,long,vol_spike_candle,none,none,single,ohlcv,325262,-0.04742534748144277,-0.04058282405446332,Volume,False,True
1h,111,sl2_tp2,31128,-0.022701884910077182,-4.057615642775482,0.5112117707530198,0.9546710694276412,-706.6642734808826,-0.001679234308490569,0.4631578947368421,11.858326908249808,32057,-0.035844624641826764,-6.4989553325030505,0.5074398727267055,0.9293507662632121,-1149.0711321430406,-0.0011115794384158775,0.29333333333333333,12.11317340986368,-0.05709493611073512,-0.0410513489241118,-0.013463384259856345,-0.07423554616086059,0.019725637290468764,-0.0176880269953103,-0.055505326115210134,short,smc_bos,none,none,single,ohlcv,298925,-0.03125235642880259,-0.04149320102082761,SMC/ICT,False,True
1h,110,sl3_tp1.5,64078,-0.023341766743036042,-9.090081355378311,0.6283123692999157,0.923559766414119,-1495.6937293602634,-0.0013073207297272203,0.24468085106382978,10.856768313617778,62911,-0.030516881673860036,-11.693726274137909,0.627537314619065,0.9016798951504053,-1919.8475429842088,-0.0014133634918336712,0.14666666666666667,10.901177854429273,-0.055020577171654775,-0.031142268722284795,-0.01294893080374976,-0.035830414428690074,-0.009915543375374704,-0.01849686097492362,-0.04329897066008184,short,delta_flip,none,none,single,taker,329859,-0.02253530576798127,-0.02721437002045846,Taker flow (delta/CVD),False,False
1h,2,sl3_tp1.5,5643,-0.023554459788778393,-2.716010953243635,0.634059897217792,0.923065472034576,-132.91781658807648,-0.0003259582042500288,0.3956043956043956,10.78167641325536,5983,-0.041647591255771575,-4.8937420055298135,0.6174160120340966,0.8697199730473202,-249.17753848328132,-0.0019374146344558025,0.38,10.664215276617082,-0.00848951448687567,0.0235653969725489,0.014211226400959428,-0.051436563018250774,-0.047886862540190506,-0.014025023945390553,-0.06933487006922244,long,ema_x_50_200,none,none,single,ohlcv,325262,-0.04742534748144277,-0.04058282405446332,MA,False,False
1h,104,sl3_tp1.5,3820,-0.02380918520176272,-2.213266533327135,0.6382198952879581,0.9239113533950789,-90.9510874707336,-0.0008081213787256163,0.4606741573033708,9.070680628272251,5694,-0.06474991581479166,-7.119144899461777,0.6171408500175624,0.8122694929374239,-368.68602064942365,-0.0031473457340118836,0.2702702702702703,8.180189673340358,-0.07648001316147086,-0.014484026741631196,0.02115543437786557,-0.0094611645168956,-0.050599140450299215,-0.03390428429517954,-0.08764817226111325,short,vol_climax,none,none,single,ohlcv,329859,-0.02253530576798127,-0.02721437002045846,Volume,False,False
1h,96,sl2_trail3,76709,-0.024342660209879605,-5.035208935886479,0.35555149982401024,0.9504533349488259,-1867.3011220396547,-0.0021563586357781057,0.3368421052631579,18.8025003584977,72080,-0.02797370451726666,-5.488213240429882,0.3546476137624861,0.943401702387873,-2016.3446216045807,-0.001454647731657563,0.36,19.66895116537181,-0.04043194309019699,-0.028032378500954424,0.04452041442627471,-0.07315669293732613,-0.01997264337442774,0.025879933109392697,-0.08368792847267816,short,vwap_x,none,none,single,ohlcv,200748,-0.03862627072339571,-0.04009773350490464,VWAP,False,True
1h,81,sl1.5_tp4_trail2.5,76615,-0.025057852386986327,-5.262186459811063,0.3382888468315604,0.9544908391550804,-1919.8073606289574,-0.0006166227393114075,0.4421052631578947,11.171637407818313,73848,-0.05613174459850094,-11.67704898431292,0.3322771097389232,0.9008116329466114,-4145.2170751100975,-0.0013892921205265005,0.19333333333333333,11.011550752897843,-0.06264900744631574,-0.020183731137899934,-0.029536074803372753,-0.051042521625964475,0.0016397492391927709,-0.03262120958141868,-0.08026943368651474,short,rsi2_extreme,none,none,single,ohlcv,323885,-0.04268831349097085,-0.05389232381632115,Oscillator,False,False
1h,6,sl3_tp1.5,28156,-0.02591034127537345,-6.681914002441734,0.6301676374485012,0.9155048920215143,-729.5315689494148,-0.0007433023023887341,0.30851063829787234,10.880700383577212,25634,-0.056682520314174076,-13.673256967788355,0.6089568541780448,0.8281708068087839,-1452.9997257335383,-0.0022205754105591924,0.17333333333333334,10.720020285558244,-0.011190638249812167,0.0030490313842468806,-0.045706357064302754,-0.03796222949110333,-0.025623400785219186,-0.0635770296813137,-0.04987141873774976,long,ma_ribbon_align,none,none,single,ohlcv,325262,-0.04742534748144277,-0.04058282405446332,MA,False,False
1h,98,sl3_tp1.5,72527,-0.02693458074416374,-11.162496267886748,0.624071035614323,0.9121722157839413,-1953.4843376319636,-0.0011396530507222394,0.37894736842105264,11.442442125001724,71271,-0.018201293862170367,-7.444897832897401,0.6392080930532755,0.9400231609642832,-1297.224414850744,-0.0007836820998713406,0.3,10.847960601085996,-0.056938232436025284,-0.04627192341081897,-0.00937040639034869,-0.05115340054065795,-0.00390916129665331,-0.00892429357577123,-0.027685994078366298,short,vwap_2sd_revert,none,none,single,ohlcv,329859,-0.02253530576798127,-0.02721437002045846,VWAP,False,False
1h,71,sl3_tp1.5,90034,-0.0271883871371947,-12.578718417644218,0.6226869849168092,0.9111150550371339,-2447.8792475101877,-0.0016419995928931793,0.28421052631578947,11.237399204744873,84863,-0.02957584239395202,-13.230829526595985,0.627069512037048,0.9038479890377037,-2509.89471307795,-0.0014415744133328347,0.16666666666666666,11.162874279721434,-0.06676665695405253,-0.05441278191826448,-0.008710030863289841,-0.02515872262050938,-0.015810095480483427,-0.021121544038306177,-0.038229926367454724,short,ha_flip,none,none,single,ohlcv,329859,-0.02253530576798127,-0.02721437002045846,Trend/momentum,False,False
1h,85,sl3_tp1.5,59410,-0.027306610448061593,-10.188334661781614,0.6284463894967177,0.9113528503187707,-1622.2857267193392,-0.0011837830760073806,0.23404255319148937,11.236020871907087,56719,-0.028296945594588896,-10.325401899950487,0.6296302826213438,0.9080155950066953,-1604.9744571794877,-0.0013107455021621108,0.22,11.079550062589256,-0.05504779091171018,-0.04063302736571566,-0.0029151789638358107,-0.02248622366353418,-0.029286441361219766,-0.01411520693409803,-0.04291588132574762,short,cci_rev,none,none,single,ohlcv,329859,-0.02253530576798127,-0.02721437002045846,Oscillator,False,False
1h,1,sl2_trail3,18259,-0.027438048662623886,-2.5245693688373243,0.3324387973054384,0.946750393264765,-500.99133053084955,-0.0008001644171708915,0.3191489361702128,18.059641820472095,18527,-0.015123459177102215,-1.1325326556190582,0.31230096615749986,0.9718493800300352,-280.19232817417276,-0.001042858098316607,0.44,16.517892805095265,0.0998716172002548,0.018761532280808152,-0.02353105800013184,-0.07098754338221364,-0.05129360082877706,-0.061108681993245206,0.03269975481744421,long,ema_x_20_50,none,none,single,ohlcv,203030,-0.06854376817377764,-0.04562120508369507,MA,False,True
1h,109,sl3_tp1.5,46176,-0.028008437760925268,-9.044747437053037,0.6376039501039501,0.9113106627368596,-1293.3176220484852,-0.000807760468494413,0.2553191489361702,10.010828135828136,45035,-0.04586729906462049,-14.40478066314924,0.6312867769512601,0.860964172508528,-2065.6338133751838,-0.0017862656376183665,0.13333333333333333,9.423870323082047,-0.024891818769346725,-0.03653539804741934,-0.006242337112741276,-0.03024141156351139,-0.03304052967311683,-0.03212225403768442,-0.06026282333295496,short,cvd_divergence,none,none,single,taker,329859,-0.02253530576798127,-0.02721437002045846,Taker flow (delta/CVD),False,False
1h,69,sl3_tp1.5,22008,-0.03002850480487465,-6.925669795279794,0.6130952380952381,0.9017497217790345,-660.8673337456813,-0.0021941756181508942,0.2631578947368421,11.37849872773537,22592,-0.031250012742440096,-7.236238276350535,0.6236278328611898,0.8985170955423283,-706.0002878772066,-0.0015583746321100977,0.28,11.321662535410765,-0.06710977797887727,0.00033333738040134596,-0.03300190428663681,-0.07726993096554291,-0.004040499848679695,-0.01360346586741175,-0.05039139490687288,short,supertrend_flip,none,none,single,ohlcv,329859,-0.02253530576798127,-0.02721437002045846,Trend/momentum,False,False
1h,80,sl2_trail3,59441,-0.030035315171720964,-5.40447404050987,0.3464107266028499,0.9393683588810724,-1785.3291691222657,-0.002396447420662666,0.3191489361702128,18.65855217778974,57373,-0.008885982352473934,-1.52409470752736,0.35642201035330207,0.9817655648445025,-509.815465508487,-0.0008823050073524256,0.5133333333333333,19.71336691475084,-0.09400264685593285,-0.012208048214592492,0.05603135508425256,-0.09043215283639432,-0.025443339515531228,0.05472922304119734,-0.0752122173978194,short,rsi_50_x,none,none,single,ohlcv,200748,-0.03862627072339571,-0.04009773350490464,Oscillator,False,True
1h,92,sl3_tp1.5,63130,-0.030405080771176513,-11.83337660374602,0.6157611278314589,0.9006848651499852,-1919.4727490843732,-0.0020269387895555666,0.26595744680851063,11.502122604150166,61262,-0.012694733695508128,-4.9046320959964484,0.6340635304103686,0.9568341799809845,-777.7047756542189,-0.0005205265330452194,0.4,11.580620939571023,-0.07442336743858625,-0.03217399190764522,-0.030383602899356217,-0.04348944220710606,-0.011240959090594022,-0.0005764360103786473,-0.025638590921809416,short,nr7_breakout,none,none,single,ohlcv,329859,-0.02253530576798127,-0.02721437002045846,Volatilitas,False,False
1h,76,sl3_tp1.5,26793,-0.03145776360624991,-8.003823383313414,0.6125480535960885,0.8968965565614986,-842.8478603022538,-0.001777502670119347,0.3684210526315789,11.572239017653866,25241,-0.011781153638735118,-2.9422189357946418,0.6309971871161998,0.9595056351749455,-297.3680989953131,-0.0006637748403110294,0.4,11.474822709084426,-0.04512018395949244,-0.04241330326518035,0.011794197991396697,-0.0634444465855437,-0.024382711501631932,0.0171363346500816,-0.04289873048382387,short,adx_di_x,none,none,single,ohlcv,329859,-0.02253530576798127,-0.02721437002045846,Trend/momentum,False,False
1h,17,sl2_trail3,33914,-0.03168167359187601,-3.97096718104641,0.3341392935071062,0.939022415330471,-1074.4522781948829,-0.0008215237563609415,0.30851063829787234,18.119773544848734,32336,-0.01834382479808817,-1.5508528482107828,0.31472662048490846,0.9659112229668839,-593.1659186709791,-0.0010948374377649428,0.4,16.515864670954972,0.0799002466019812,0.036704301567858116,-0.059841712824917,-0.059059077931648676,-0.05661947211599725,-0.02856649748859795,-0.00806790241726444,long,ichi_kumo_break,none,none,single,ohlcv,203030,-0.06854376817377764,-0.04562120508369507,Trend/momentum,False,True
1h,93,sl3_tp1.5,56852,-0.032346742784581696,-11.888516706598656,0.6166361781467671,0.8953255584748407,-1838.9770207890385,-0.0021583963770165724,0.26595744680851063,11.403609371701963,54470,-0.01851435793837999,-6.721456877063167,0.6299614466678906,0.9378775419870856,-1008.4770769035581,-0.0008770429082176442,0.32666666666666666,11.45035799522673,-0.06690000444203342,-0.03895407421405957,-0.028140135328988354,-0.051806148928519806,-0.010344189598160856,-0.006194022295863785,-0.03123464477526146,short,inside_bar_break,none,none,single,ohlcv,329859,-0.02253530576798127,-0.02721437002045846,Volatilitas,False,False
1h,88,sl3_tp1.5,43608,-0.034752517493033444,-10.959524287922063,0.6278664465235737,0.8903351537126608,-1515.4877828362023,-0.0013935132913275093,0.19148936170212766,10.781347459181802,41664,-0.04499906523648233,-13.745873696299048,0.6250240015360983,0.8614120784704826,-1874.8410540128,-0.0021489437308463174,0.12,10.396649385560677,-0.0508062648952029,-0.043336600905902675,-0.01455516055347269,-0.02895913877694676,-0.04028284602592426,-0.02214275806685472,-0.06700684842374556,short,bb_revert,none,none,single,ohlcv,329859,-0.02253530576798127,-0.02721437002045846,Volatilitas,False,False
1h,39,sl2_trail3,21022,-0.034873645473172565,-3.38091621285575,0.3365046142136809,0.9331632329441196,-733.1137751370336,-0.0007825363862889568,0.26595744680851063,18.054038626201123,21755,0.05862846801621726,4.140034264738053,0.32769478280854974,1.1128715678895986,1275.4623216928064,0.0009555562747898655,0.62,17.24550678005056,0.03364307372594456,0.06322356183980903,-0.07778715016039346,-0.04303916427264602,-0.06982285092501479,0.06251274254727429,0.05499741059928907,long,vwap_month_x,none,none,single,ohlcv,203030,-0.06854376817377764,-0.04562120508369507,VWAP,False,True
1h,100,sl3_tp1.5,19923,-0.0353073801666756,-7.689857064524137,0.6154193645535311,0.88610768238711,-703.428935060678,-0.002459054683125534,0.30851063829787234,11.366661647342267,20536,-0.03840090666423458,-8.474921648455465,0.6148714452668484,0.8764123674708277,-788.6010192567214,-0.0017216149080107991,0.24666666666666667,11.551519283209974,-0.04753644777325058,-0.0759773865041117,0.004741514691527523,-0.07258183374624269,-0.00613272120748326,-0.030334601859142073,-0.0461574727615568,short,vwap_month_x,none,none,single,ohlcv,329859,-0.02253530576798127,-0.02721437002045846,VWAP,False,False
1h,95,sl3_tp1.5,31332,-0.03580304235673932,-9.613358051332854,0.6267075194689136,0.8865928035696443,-1121.7809231213564,-0.001344714190560749,0.23404255319148937,10.798033958891867,30689,-0.048411439676626464,-12.72260890955635,0.6215582130405031,0.8511651639333239,-1485.6986722359895,-0.0019575358248325085,0.14666666666666667,10.580631496627456,-0.047938667716307046,-0.03384319432019756,0.0018434364028283344,-0.05226478822398653,-0.04306525901495048,-0.04718909182084838,-0.04968544061608186,short,pinbar,none,none,single,ohlcv,329859,-0.02253530576798127,-0.02721437002045846,Candle,False,False
1h,8,sl3_tp1.5,21968,-0.036493652473120246,-8.283214164932238,0.6219045884923525,0.8835409669102128,-801.6925575295056,-0.0008798023882545381,0.2553191489361702,10.827021121631464,22518,-0.04881146481942853,-11.105981820945262,0.6115552002842171,0.8492574933838993,-1099.1365648038916,-0.002080667695129427,0.21333333333333335,10.300559552358113,-0.028910238081978755,0.023129697969582256,-0.03831507591957656,-0.0725701486858218,-0.04041321433541693,-0.06856439627688543,-0.027451861795046585,long,supertrend_flip,none,none,single,ohlcv,325262,-0.04742534748144277,-0.04058282405446332,Trend/momentum,False,False
1h,83,sl3_tp1.5,54222,-0.038640474143029624,-13.611633509429838,0.6230681273283907,0.8785924328430176,-2095.1637889833523,-0.0016636955571978603,0.14893617021276595,10.918280402788536,49865,-0.03854172479489348,-12.94796872998039,0.6287776997894314,0.8795254236572404,-1921.8831068973632,-0.0016562751423074356,0.14666666666666667,10.33053243758147,-0.07331648418462886,-0.03828823708493101,-0.015889282854110887,-0.04121320854411419,-0.039368707857428985,-0.027767515648976292,-0.0504883115155567,short,stoch_rev,none,none,single,ohlcv,329859,-0.02253530576798127,-0.02721437002045846,Oscillator,False,False
1h,84,sl3_tp1.5,71029,-0.038667678278355926,-15.68051797007343,0.6196764701741542,0.8776027507020967,-2746.526520433343,-0.0018092587283997839,0.1595744680851064,11.063762688479354,67167,-0.035625587238043335,-13.993355263779316,0.6273169860199205,0.8870651034088938,-2392.8638180176567,-0.0015870453087029532,0.16,10.583649708934447,-0.07839930136455803,-0.04167906829400333,-0.016236709556171916,-0.04369932952097701,-0.035082366014812766,-0.03019276884063326,-0.041258577710685494,short,willr_rev,none,none,single,ohlcv,329859,-0.02253530576798127,-0.02721437002045846,Oscillator,False,False
1h,108,sl3_tp1.5,8911,-0.03941953268598452,-5.6172857940777705,0.6192346537986758,0.8771545376505037,-351.26745576480806,-0.002316422861346612,0.3333333333333333,10.149590393895187,10028,-0.04666535349343313,-6.947010402306536,0.6264459513362585,0.8581212949492715,-467.9601648321474,-0.0031316817751793377,0.26666666666666666,9.128041483845234,-0.03475550957477509,-0.03300496635096985,-0.026509161759524117,-0.04621043090981933,-0.044959646555154976,-0.015746299111202525,-0.08005998451775895,short,delta_absorption,none,none,single,taker,329859,-0.02253530576798127,-0.02721437002045846,Taker flow (delta/CVD),False,False
1h,46,sl3_tp1.5,17538,-0.04001628531736992,-8.000035905819681,0.6232751739080853,0.8751391280470758,-701.8056118960337,-0.0005093450911194507,0.3191489361702128,9.998403466757898,18889,-0.027131286984714204,-5.697168573194127,0.6257610249351474,0.9125612731934396,-512.4828798542666,-0.0007561568884602529,0.32666666666666666,9.88506538196834,-0.02713685218282546,0.0023625879484463607,-0.045123628810859635,-0.047701266059721074,-0.048143041441581345,-0.04302123002482234,-0.011516545015417223,long,delta_surge,none,none,single,taker,325262,-0.04742534748144277,-0.04058282405446332,Taker flow (delta/CVD),False,True
1h,55,sl2_trail3,36875,-0.040259394623320205,-5.52369119390482,0.34825762711864405,0.9198176521201361,-1484.5651767349325,-0.00045947115240051515,0.25263157894736843,19.129654237288136,36329,-0.04876830105498868,-6.068171254480048,0.3360951306119078,0.9044726403008785,-1771.7036090266838,-0.001209966355111546,0.31333333333333335,17.80753667868645,0.04737643427556239,-0.002191222207407638,-0.07787108455041834,-0.004744894830825101,-0.07469972009318647,-0.07961472944353667,-0.015819904387885983,long,sweep_pdh_pdl,none,none,single,ohlcv,203030,-0.06854376817377764,-0.04562120508369507,SMC/ICT,False,False
1h,3,sl3_tp1.5,6037,-0.041345394512235595,-4.934510252334586,0.6137154215670034,0.868356250098627,-249.6021466703663,-0.0013201237617715804,0.2717391304347826,11.29385456352493,6155,-0.021501399351423024,-2.59452799448213,0.6316815597075548,0.9294293376599052,-132.3411130080087,-0.00045864980781766556,0.44,10.841592201462225,0.0026477003856819796,-0.018229332939596037,-0.05089384478832327,-0.033962534770400586,-0.06269553547369064,-0.012288143496400155,-0.030923565707266322,long,sma_x_50_200,none,none,single,ohlcv,325262,-0.04742534748144277,-0.04058282405446332,MA,False,True
1h,7,sl3_tp1.5,32774,-0.041382431082482886,-11.583876079136536,0.6082870568133276,0.8672448602410842,-1356.2677962972941,-0.0013050561590776972,0.20430107526881722,11.430127540123268,26283,-0.05975469184625612,-14.82617637046937,0.5939200243503405,0.8165384809383177,-1570.5325657951496,-0.0022648107216834295,0.18,11.637598447665791,-0.03181618599481012,-0.021795385074921864,-0.04326673587523366,-0.06344605047341965,-0.037650860702276065,-0.08210977561530428,-0.040338222458622015,long,ema20_pullback,none,none,single,ohlcv,325262,-0.04742534748144277,-0.04058282405446332,MA,False,False
1h,79,sl3_tp1.5,19546,-0.041988451291907945,-8.782514263632038,0.6230942392305331,0.8702942847120267,-820.7062689516326,-0.0020109198180870524,0.2872340425531915,10.532640949554896,18956,-0.05972330690128129,-12.186423425641715,0.6153724414433425,0.8222414513207026,-1132.1150056206882,-0.0033567064892550623,0.17333333333333334,10.30354505169867,-0.11163759321297125,-0.033054948563939035,-0.023617638322058418,-0.028423368988307687,-0.04475785205373638,-0.03930083991603958,-0.07875541433228928,short,rsi_30_70_rev,none,none,single,ohlcv,329859,-0.02253530576798127,-0.02721437002045846,Oscillator,False,False
1h,38,sl2_trail3,41523,-0.04316696356664985,-6.036122839075988,0.33559713893504806,0.9177073925433777,-1792.4218281780015,-0.000760484023061437,0.23404255319148937,17.868843773330443,40963,0.005872755871248692,0.5845261648186874,0.33156751214510655,1.0114968711591668,240.56569875396016,-0.00021094522429492116,0.4866666666666667,17.14271415667798,0.06962827497312615,0.009484694168778856,-0.05980504400119226,-0.11156846901576316,-0.03571548146819643,-0.009752922993217554,0.02129003172452486,long,vwap_week_x,none,none,single,ohlcv,203030,-0.06854376817377764,-0.04562120508369507,VWAP,False,True
1h,12,sl3_tp1.5,25171,-0.04330270300507386,-10.268825831528465,0.6255214333955743,0.8675261091004934,-1089.9723373407141,-0.0017626127136766,0.19148936170212766,9.60907393428946,22482,-0.02970220394966555,-6.62113030525067,0.6413130504403523,0.9078973672285615,-667.7649491963809,-0.0011832289743217471,0.3333333333333333,8.934703318210124,-0.03184905352951639,-0.031145120559216265,-0.05796567161208691,-0.060171593795181895,-0.0355798887525954,-0.052501336653716146,-0.0057723639622706685,long,donchian_55,none,none,single,ohlcv,325262,-0.04742534748144277,-0.04058282405446332,Trend/momentum,False,True
1h,43,sl3_tp1.5,4027,-0.043467915972902026,-4.279524417259437,0.6128631735783462,0.8584263405094404,-175.04529762287646,-0.0003458495948276849,0.3146067415730337,11.320834368015893,3489,-0.01523253901679111,-1.4519265986509244,0.6104901117798797,0.9461580032268043,-53.14632862958418,0.002803298221943427,0.4697986577181208,11.56549154485526,-0.09737202613965144,0.03232872101175212,-0.1307084335489255,0.03984020819533646,-0.10270834632091634,-0.021870308252727972,-0.01015007704615727,long,vol_climax,none,none,single,ohlcv,325262,-0.04742534748144277,-0.04058282405446332,Volume,False,True
1h,87,sl3_tp1.5,27939,-0.04389652417357957,-11.001692914609524,0.6223200544042378,0.8645436157026153,-1226.4249888856396,-0.002028174483114497,0.1595744680851064,10.73928916568238,26040,-0.04640098671814037,-11.214362191844021,0.623963133640553,0.8572755395249931,-1208.2816941403753,-0.0023461619610862165,0.16,10.589324116743471,-0.08215062891481668,-0.04767643429025289,-0.016726940958125033,-0.025570038799538997,-0.05681860460996674,-0.03176082399196403,-0.05999588823353061,short,zscore_revert,none,none,single,ohlcv,329859,-0.02253530576798127,-0.02721437002045846,Oscillator,False,False
1h,14,sl2_trail3,32158,-0.04425563115179941,-5.388112905153909,0.33251445985446854,0.9147944108382297,-1423.1725865795654,-0.001088553780511551,0.2553191489361702,18.088002985260278,31938,-0.032357020294227976,-3.07577280134431,0.3119481495397332,0.9395007309410572,-1033.418514157053,-0.0016006273864427704,0.34,16.80837873379673,0.030149645883034024,0.037251198147219736,-0.11330309276882881,-0.09291834646082223,-0.03079076496554013,-0.05308991828210429,-0.010916343609357724,long,macd_zero_x,none,none,single,ohlcv,203030,-0.06854376817377764,-0.04562120508369507,Trend/momentum,False,True
1h,29,sl3_tp1.5,40104,-0.04443693469125992,-13.43300714912633,0.6198134849391582,0.8625118901511909,-1782.0988288582878,-0.001618332740462423,0.1702127659574468,10.238903849990026,37564,-0.041593728036880925,-12.155603108553976,0.6202481098924503,0.8712237909474836,-1562.4267999773951,-0.0015327728273251567,0.20666666666666667,9.922798424023,-0.03092272391907078,-0.0025791083783640494,-0.04983253271930338,-0.07506017675316844,-0.04598928836133235,-0.0647204956409617,-0.017746671791081175,long,keltner_breakout,none,none,single,ohlcv,325262,-0.04742534748144277,-0.04058282405446332,Volatilitas,False,False
1h,36,sl3_tp1.5,92732,-0.04578795248827314,-21.27663409624227,0.6131863865763706,0.8561529260910461,-4246.008410142545,-0.001234701343638097,0.09473684210526316,11.29667213044041,89504,-0.04447727563849675,-20.31643521627799,0.6115592599213443,0.8603100671813686,-3980.8940787480133,-0.0015798255601069142,0.09333333333333334,11.124877100464783,-0.017683503240302382,-0.01175426695513137,-0.05070528331901016,-0.058194061635899616,-0.057576156148014146,-0.051025463307721466,-0.0377405847088528,long,vwap_1sd_break,none,none,single,ohlcv,325262,-0.04742534748144277,-0.04058282405446332,VWAP,False,False
1h,103,sl3_tp1.5,6100,-0.04590271641362921,-5.334224161877073,0.6242622950819672,0.8599869165578382,-280.0065701231382,-0.002193244790114605,0.33695652173913043,9.668852459016394,8179,-0.06374830629275195,-8.496984168791366,0.6163345152219097,0.8121835571856796,-521.3973971684183,-0.0023478448138381136,0.22,9.225455434649712,-0.019182239683367176,-0.036980085684283195,0.02727292406310161,-0.05238404345575353,-0.08785718234631136,-0.04184438974564003,-0.08124446307724954,short,vol_spike_reversal,none,none,single,ohlcv,329859,-0.02253530576798127,-0.02721437002045846,Volume,False,False
1h,4,sl2_trail3,47223,-0.04621340531661045,-6.7537614042175775,0.3296063358956441,0.9113303648860206,-2182.3356392662954,-0.0011580960814280119,0.1702127659574468,18.4404845096669,47142,-0.03689853410876528,-4.365016151962035,0.3136905519494294,0.930462202028486,-1739.4706949554127,-0.001529610936083256,0.32666666666666666,17.014891179839633,0.0518394288134173,0.03272711913827132,-0.08195229740588098,-0.06942163305101712,-0.07122854056636757,-0.05354088337327996,-0.019863272237129928,long,price_x_ema50,none,none,single,ohlcv,203030,-0.06854376817377764,-0.04562120508369507,MA,False,True
1h,86,sl3_tp1.5,19969,-0.046770058359927834,-9.938777914626344,0.6166558165155992,0.8557909401497289,-933.951295389399,-0.00214973475406726,0.2127659574468085,10.867344383794881,20307,-0.044261464997720476,-9.5164674567176,0.6202787216230856,0.8621583489590132,-898.8175697087097,-0.0019291517673756873,0.20666666666666667,10.721229132811345,-0.09942913387874382,-0.05455393551053718,-0.006139452870166068,-0.04221049609970604,-0.05301729854518221,-0.03307333910771774,-0.055254074482928676,short,mfi_rev,none,none,single,ohlcv,329859,-0.02253530576798127,-0.02721437002045846,Oscillator,False,False
1h,0,sl2_trail3,39493,-0.0470684773598979,-6.274061424197917,0.33056491023725726,0.9092493287480168,-1858.8753763744478,-0.0011491009714807796,0.2553191489361702,18.24470159268731,39101,-0.03223169667243665,-3.3946009525944203,0.31277972430372625,0.9393342496905353,-1260.2915715889455,-0.0014577812098816013,0.30666666666666664,16.91099971867727,0.027288116637066442,0.03157175569747781,-0.13185050269406504,-0.08119303375963423,-0.03394617891790019,-0.04703093687266489,-0.017108754181257676,long,ema_x_9_21,none,none,single,ohlcv,203030,-0.06854376817377764,-0.04562120508369507,MA,False,True
1h,20,sl3_tp1.5,75050,-0.04771624949595549,-19.89469335711686,0.6153097934710193,0.8505058679133901,-3581.1045246714593,-0.001105123702306107,0.10526315789473684,11.063730846102597,72372,-0.054455804905172295,-22.41369549427573,0.6018902337920743,0.8307566143317334,-3941.0755125971295,-0.0017710044249471112,0.14666666666666667,11.523199579948047,-0.02219153708592859,-0.029415537110358325,-0.08192438429326947,-0.017912123517769853,-0.06366002995168858,-0.06213392967299805,-0.0462277826657822,long,rsi2_extreme,none,none,single,ohlcv,325262,-0.04742534748144277,-0.04058282405446332,Oscillator,False,False
1h,47,sl3_tp1.5,5243,-0.048039499332874686,-5.247318721547633,0.6219721533473203,0.8514302897339144,-251.87109500226197,-0.0006909115537277519,0.34782608695652173,10.572763684913218,6592,-0.03691494537522731,-4.571677881277928,0.6221177184466019,0.8825439923633571,-243.34331991349842,-0.0012265496187826653,0.34459459459459457,10.542779126213592,-0.016463714543957383,-0.01576932479826965,-0.07380808347397365,-0.019565551844908716,-0.06268608846433806,-0.05011200290287458,-0.02111366849545764,long,delta_absorption,none,none,single,taker,325262,-0.04742534748144277,-0.04058282405446332,Taker flow (delta/CVD),False,False
1h,52,sl3_tp1.5,64097,-0.048317213343023836,-18.67777241278176,0.6106214019376882,0.8487609876127266,-3096.9884236477988,-0.001391553284177527,0.12631578947368421,11.288921478384324,58832,-0.046687077486211155,-17.404094526679113,0.6057417731846614,0.852712190773912,-2746.6941426687745,-0.001641477362483327,0.1,11.34731098721784,-0.018568365301959686,-0.0021260415337391093,-0.05969341335982396,-0.07223385418442638,-0.056230587386718635,-0.0432453799355307,-0.05012900904658399,long,smc_fvg_retest,none,none,single,ohlcv,325262,-0.04742534748144277,-0.04058282405446332,SMC/ICT,False,False
1h,11,sl3_tp1.5,44088,-0.05003476975342529,-15.836496419722678,0.6147477771729268,0.8467500677945545,-2205.932928889014,-0.0018401313437903582,0.1595744680851064,10.359712393395029,41187,-0.03626457829156473,-11.10268500188366,0.6262898487386797,0.8866083431268817,-1493.6291860946765,-0.0012753593981404574,0.22,9.756112365552237,-0.05599597012167123,-0.019094684183817386,-0.06463553663746499,-0.07451969582959764,-0.04112975972159697,-0.050952087030507874,-0.020634118683349488,long,donchian_20,none,none,single,ohlcv,325262,-0.04742534748144277,-0.04058282405446332,Trend/momentum,False,False
1h,45,sl3_tp1.5,59188,-0.050159737288146614,-18.46806502222561,0.6127762384267081,0.8453347735405266,-2968.8545306108217,-0.0016155714937813944,0.10526315789473684,10.641278637561667,54970,-0.04471392098906996,-15.852100349403225,0.6164817173003456,0.8614059578241836,-2457.924236769176,-0.0016021283187226752,0.14666666666666667,10.199308713843914,-0.02024316686336971,-0.022065002499043498,-0.06954936810419995,-0.07220183685207107,-0.04702025495436529,-0.05518335032232124,-0.033824066977278834,long,obv_break_20,none,none,single,ohlcv,325262,-0.04742534748144277,-0.04058282405446332,Volume,False,False
1h,5,sl2_trail3,23133,-0.05072216190958126,-5.284990726355138,0.3300479834003372,0.9036272513254312,-1173.3557714543433,-0.0011973662446768786,0.2872340425531915,17.97743483335495,23894,0.008656983807636166,0.6664504232868264,0.32275885159454254,1.0162586080848208,206.84997109965857,-0.0002966369537650746,0.4866666666666667,16.64145810663765,-0.00165825404770271,-0.011177312838817467,-0.10609344442630102,-0.03087949890817701,-0.06732064753855824,-0.013618698286271474,0.03046405373889244,long,price_x_ema200,none,none,single,ohlcv,203030,-0.06854376817377764,-0.04562120508369507,MA,False,True
1h,15,sl3_tp1.5,27281,-0.05182284417165856,-13.18450560090832,0.6008210842711045,0.837020454065782,-1413.7790118470173,-0.0016320582357964247,0.23157894736842105,11.529342766027638,25614,-0.05049371927275842,-12.445676814141473,0.6013117826188803,0.8411538620545126,-1293.346125452434,-0.0019292826660274234,0.18666666666666668,11.231826344967596,-0.05007980234496565,-0.02146429836037744,-0.08345238720215885,-0.05767030221359885,-0.046044842171368554,-0.06386113657421895,-0.03599031632516644,long,adx_di_x,none,none,single,ohlcv,325262,-0.04742534748144277,-0.04058282405446332,Trend/momentum,False,False
1h,28,sl3_tp1.5,41092,-0.05240932198474467,-15.963938513462008,0.6148885427820501,0.8404636532329618,-2153.603858997128,-0.0018082155691054843,0.11702127659574468,10.217560595736396,39422,-0.03297990152077142,-9.908103709453718,0.6275176297498859,0.8959855320861878,-1300.1336777518509,-0.0010578113711817378,0.28,9.697275632895337,-0.04742099162291678,-0.015221257095894426,-0.069390211995964,-0.07340383247854984,-0.04889008611891394,-0.05330578317734248,-0.013277463331936114,long,bb_breakout,none,none,single,ohlcv,325262,-0.04742534748144277,-0.04058282405446332,Volatilitas,False,False
1h,118,sl3_tp1.5,11422,-0.053474537064040165,-8.580385856855477,0.6078620206618806,0.8375614045603401,-610.7861623454668,-0.0028208289278817533,0.26881720430107525,10.764752232533707,9578,-0.026325036274286066,-3.9232694151370096,0.6326999373564418,0.9147829266592946,-252.14119743511193,-0.001576213376266648,0.3825503355704698,10.43265817498434,-0.0586088717724831,-0.06344344986985642,-0.02426257598220328,-0.06391828170447547,-0.05364898812015185,-0.00910951759845857,-0.041201817691310996,short,sweep_pwh_pwl,none,none,single,ohlcv,329859,-0.02253530576798127,-0.02721437002045846,SMC/ICT,False,False
1h,13,sl3_tp1.5,60912,-0.05465887173217813,-20.454187060581393,0.6085172051484108,0.8315537376249318,-3329.3811949504343,-0.0015787592245436663,0.07368421052631578,11.038383241397426,58267,-0.04817830135274307,-17.71415099710992,0.6098649321228139,0.8498136892861634,-2807.2050849202806,-0.0017695451778163222,0.09333333333333334,11.054850944788646,-0.025791841339802467,-0.010343821975953137,-0.0511954984209136,-0.04534213217982556,-0.0894062091967507,-0.04331350554545909,-0.05324299226220745,long,macd_x,none,none,single,ohlcv,325262,-0.04742534748144277,-0.04058282405446332,Trend/momentum,False,False
1h,49,sl3_tp1.5,64196,-0.0564090121311495,-21.733381063727222,0.6052557791762727,0.8261196974363983,-3621.2329427712734,-0.0017160117304534585,0.06382978723404255,11.322200760171974,62565,-0.04847851745581327,-18.52829041914901,0.6087748741309038,0.8483768624132888,-3033.0584446229573,-0.0017963714710383996,0.12666666666666668,11.300407576120834,-0.03216377717913391,-0.009895884559621355,-0.056929678235535096,-0.06100078872426626,-0.07795673569100223,-0.05762668875084547,-0.03867515280588704,long,delta_flip,none,none,single,taker,325262,-0.04742534748144277,-0.04058282405446332,Taker flow (delta/CVD),False,False
1h,37,sl2_trail3,65720,-0.05652885202756986,-10.364488868765898,0.3387096774193548,0.8893061628621046,-3715.076155251891,-0.000844331197637691,0.15789473684210525,19.056071211199026,65057,-0.03318570815324416,-4.642585618713179,0.33080221959205003,0.9343617449039802,-2158.9626153256054,-0.0009751936092114653,0.28,18.4645003612217,0.01788875495162625,0.0293923415464742,-0.13090061446247936,-0.04048777048467002,-0.08197877974274699,-0.059964427317697876,-0.0038332570150956522,long,vwap_2sd_revert,none,none,single,ohlcv,203030,-0.06854376817377764,-0.04562120508369507,VWAP,False,True
1h,51,sl3_tp1.5,41228,-0.05693900276527433,-17.630219336989004,0.6016542155816436,0.8243252324903427,-2347.48120600673,-0.0018815724543622355,0.12631578947368421,11.16462113127001,39154,-0.050662927499996825,-15.227932988076104,0.609592889615365,0.8433073039039083,-1983.6562633348758,-0.0017357593232175759,0.16,10.750421412882464,-0.04642577460519876,-0.021380719466509556,-0.06457270312237792,-0.05483910635826629,-0.07346517046356377,-0.049866654838472926,-0.05151834268490791,long,smc_choch,none,none,single,ohlcv,325262,-0.04742534748144277,-0.04058282405446332,SMC/ICT,False,False
1h,59,sl3_tp1.5,34417,-0.057168205844600056,-16.062045503259082,0.6063863788244181,0.8253869092895995,-1967.5581405536002,-0.0022975068370291256,0.10638297872340426,10.419763488973473,33074,-0.0577307469576845,-15.739748275185566,0.6096027090766161,0.8261921119344777,-1909.3867248784572,-0.0019466051655601118,0.16,9.86200640986878,0.013346151044583855,-0.020277433856548135,-0.08375663920708844,-0.0670925617996932,-0.07225439242567877,-0.07097255199257278,-0.04349705263724687,long,asia_range_break,none,none,single,ohlcv,325262,-0.04742534748144277,-0.04058282405446332,SMC/ICT,False,False
1h,54,sl3_tp1.5,62760,-0.057644887446471414,-21.97336608485174,0.6061663479923518,0.8221569237057377,-3617.793136140546,-0.0017208909793236906,0.06382978723404255,11.36985340981517,61188,-0.053952253111230405,-20.37609199784108,0.6035824017781264,0.8325575385346614,-3301.230463369966,-0.0020669448123058964,0.12666666666666668,11.443126103157482,-0.026186898841747238,-0.04156228792474027,-0.06506528835477539,-0.05561914801082035,-0.06962308885100443,-0.06373727622244074,-0.04375843231798472,long,smc_sweep_swing,none,none,single,ohlcv,325262,-0.04742534748144277,-0.04058282405446332,SMC/ICT,False,False
1h,35,sl2_trail3,75961,-0.057780947389927326,-11.268996222292623,0.3343031292373718,0.8867603916118371,-4389.09854468627,-0.0011943863128701501,0.11578947368421053,18.795987414594332,74801,-0.04048462704761448,-6.116409067707268,0.3249421799173808,0.9214984000866573,-3028.2905877886105,-0.001151078824547553,0.22666666666666666,17.790684616515822,0.02845869091722458,0.023928127819226066,-0.10158138944712469,-0.06456841976118641,-0.08648271264867949,-0.04454669840634872,-0.036442166659938116,long,vwap_x,none,none,single,ohlcv,203030,-0.06854376817377764,-0.04562120508369507,VWAP,False,True
1h,19,sl3_tp1.5,59872,-0.05827813587275421,-21.898849412012222,0.5979923837520043,0.8188497862632208,-3489.22855097354,-0.0018717794599803505,0.06382978723404255,11.688969802244788,58655,-0.06194202288346428,-22.875555135253023,0.5957889352996335,0.8107305412966543,-3633.2093522295972,-0.002337085066334599,0.12666666666666668,11.366567215071179,-0.026765431119711806,-0.02848294361716848,-0.07092075132558084,-0.05614865258918906,-0.07425172931539353,-0.07326096838212993,-0.050165941136704875,long,rsi_50_x,none,none,single,ohlcv,325262,-0.04742534748144277,-0.04058282405446332,Oscillator,False,False
1h,40,sl3_tp1.5,81305,-0.05896770363031597,-25.54871998736629,0.602951847979829,0.8191208074133829,-4794.36914366284,-0.0017914017368339157,0.06315789473684211,11.629530779164874,79417,-0.04812484784329006,-20.770390238958598,0.6062052205447196,0.8489861257262984,-3821.931041170567,-0.0018717989736387387,0.09333333333333334,11.489529949507032,-0.049890592568875035,-0.01667310280316988,-0.06290873009219891,-0.07181912492500792,-0.06944073049584411,-0.05547610888054907,-0.04056232208762007,long,vwap_reclaim,none,none,single,ohlcv,325262,-0.04742534748144277,-0.04058282405446332,VWAP,False,False
1h,9,sl3_tp1.5,67906,-0.05924364336594355,-23.354903102707897,0.6054693252437192,0.8192009525895713,-4022.998846407763,-0.0018697985215226317,0.06315789473684211,10.99013341972727,65494,-0.04660286455461115,-18.14672791268323,0.6122240205209638,0.8546108022958735,-3052.2080111397026,-0.001693186611163604,0.12666666666666668,10.873973188383669,-0.029890935691807875,-0.020590726152319893,-0.06083037518966115,-0.06158447411665172,-0.08087662283692335,-0.05203642554708129,-0.04070997837687094,long,psar_flip,none,none,single,ohlcv,325262,-0.04742534748144277,-0.04058282405446332,Trend/momentum,False,False
1h,56,sl3_tp1.5,32683,-0.05965034581227364,-16.130781910455905,0.6106538567450969,0.8213274300586488,-1949.5522521825394,-0.0023564092847190234,0.13829787234042554,10.324633601566564,29643,-0.044202038695967207,-11.450387050742245,0.6210909826940593,0.8637599057835157,-1310.281033064556,-0.001782903765412788,0.19333333333333333,9.975879634315016,-0.0755942953520756,-0.014119203368736035,-0.05899002084806649,-0.08881771237762542,-0.05896542060175827,-0.061781560185134955,-0.02549763346856348,long,break_pdh_pdl,none,none,single,ohlcv,325262,-0.04742534748144277,-0.04058282405446332,SMC/ICT,False,False
1h,57,sl2_trail3,11137,-0.06054349469548979,-4.733909299629855,0.34219269102990035,0.8820552911734921,-674.2729004236697,-0.00248781298314724,0.31868131868131866,19.523390500134685,12912,-0.008654272030203298,-0.5941339347817248,0.3333333333333333,0.9830220209233008,-111.74396045398498,-0.0009412717802541114,0.41333333333333333,17.91449814126394,-0.020759005133924147,-0.16886760023678482,-0.09013619087610622,-9.209063692982084e-05,-0.04256053422275651,-0.04056896875624922,0.03486258242930908,long,sweep_pwh_pwl,none,none,single,ohlcv,203030,-0.06854376817377764,-0.04562120508369507,SMC/ICT,False,True
1h,53,sl3_tp1.5,40021,-0.060712950111233,-18.505856220209463,0.5994602833512406,0.8138633903570968,-2429.792976401656,-0.0020510470713386115,0.07446808510638298,11.347117763174333,36867,-0.0567666834440641,-16.61936364494812,0.6004285675536387,0.8252775715423865,-2092.817318532311,-0.002004870382558766,0.14,11.396913228632652,-0.026394720707396208,-0.031000469695994227,-0.07622185533140798,-0.06036766281434895,-0.07651598864009834,-0.06527625213700866,-0.04773026393774763,long,smc_ob_retest,none,none,single,ohlcv,325262,-0.04742534748144277,-0.04058282405446332,SMC/ICT,False,False
1h,31,sl3_tp1.5,62114,-0.06481062786964256,-24.601494334067056,0.5966287793412113,0.8022552821406693,-4025.6473394949785,-0.002140142530926401,0.08421052631578947,11.770534823067264,58747,-0.05404267354307424,-20.148750771381835,0.5977666944695048,0.8312833684332832,-3174.844942634982,-0.002103626877590193,0.07333333333333333,11.770388275145965,-0.047145249369737664,-0.033190551265667105,-0.05622724768741598,-0.07500437947643097,-0.08153486813930881,-0.06573389962712634,-0.04189824254713991,long,nr7_breakout,none,none,single,ohlcv,325262,-0.04742534748144277,-0.04058282405446332,Volatilitas,False,False
1h,32,sl3_tp1.5,58473,-0.0659225203904615,-24.241042814332253,0.5961041848374463,0.7997022518981234,-3854.687534791455,-0.002281968075629528,0.08421052631578947,11.666085201717031,52831,-0.05997135700667942,-21.057244457814214,0.5967140504627965,0.8159731739570287,-3168.3467620198803,-0.0024546471986042974,0.08,11.546383751963809,-0.05049482780432279,-0.03633930583619387,-0.0685036739341665,-0.07569974355113614,-0.07660312542854378,-0.07921368064177146,-0.03986582493788743,long,inside_bar_break,none,none,single,ohlcv,325262,-0.04742534748144277,-0.04058282405446332,Volatilitas,False,False
1h,10,sl3_tp1.5,88764,-0.06690889374897376,-30.273765615678773,0.5967734667207426,0.7970291331908653,-5939.101044733907,-0.0022262647229978343,0.021052631578947368,11.729304673065657,84129,-0.05632061715037949,-25.034727685120522,0.5984499994056747,0.8253079280824239,-4738.197200244276,-0.001982776271075092,0.10666666666666667,11.78840827776391,-0.05704998380003786,-0.03967003938361312,-0.06496392336928086,-0.07028090198408926,-0.08040555931170251,-0.07024125159191863,-0.04173899904422348,long,ha_flip,none,none,single,ohlcv,325262,-0.04742534748144277,-0.04058282405446332,Trend/momentum,False,False
1h,22,sl3_tp1.5,45953,-0.06784551841051244,-22.014050446648216,0.5980893521641677,0.7950093483877007,-3117.705107518278,-0.0020417337438847763,0.09473684210526316,11.76290992971079,52808,-0.047437212056972225,-16.73976958496489,0.6066694440236328,0.8503733825300062,-2505.064294304589,-0.0017848746447686103,0.16,11.81517951825481,-0.050068525761209785,-0.06089930274747909,-0.05336662876482303,-0.06946445177736814,-0.08140259267270152,-0.05165735738543082,-0.04277326591621648,long,stoch_rev,none,none,single,ohlcv,325262,-0.04742534748144277,-0.04058282405446332,Oscillator,False,False
1h,50,sl3_tp1.5,33012,-0.0679626588003297,-18.49766075807654,0.6018417545135102,0.7985940343459557,-2243.583292316484,-0.0028646845132283497,0.09574468085106383,10.588604143947656,29598,-0.038387808143833115,-10.011874492198679,0.6214609095209136,0.8796217765295047,-1136.2023454411726,-0.001307258227106435,0.21333333333333335,10.225184134063113,-0.043168735839685085,-0.04977685201319518,-0.08713014852025318,-0.07597802869905998,-0.06935467044568687,-0.052756865222123556,-0.02311749304265179,long,smc_bos,none,none,single,ohlcv,325262,-0.04742534748144277,-0.04058282405446332,SMC/ICT,False,False
1h,48,sl3_tp1.5,47922,-0.06998395907283868,-22.864963752038005,0.6068194148825174,0.7925645184925905,-3353.7712866885754,-0.0019616529506500877,0.06382978723404255,10.92517006802721,49531,-0.04750527083741884,-16.024648679644617,0.6148068886152107,0.8523691466313154,-2352.9835698481925,-0.001602258186810089,0.14,11.116129292766146,-0.05528973836100766,-0.05166232775342227,-0.08766107577297849,-0.053876304183276984,-0.0815134255394503,-0.0590095220096451,-0.03461875645825657,long,cvd_divergence,none,none,single,taker,325262,-0.04742534748144277,-0.04058282405446332,Taker flow (delta/CVD),False,False
1h,44,sl3_tp1.5,9417,-0.07041930303178483,-10.148814872928922,0.6038016353403419,0.7940257968620397,-663.1385766503178,-0.002497579821495271,0.27956989247311825,9.971965594138261,9312,-0.01304628345782462,-1.9077119249806873,0.6465850515463918,0.9575786326603274,-121.48699155926286,0.000404117731598801,0.44,9.016645189003436,-0.08308692284242693,-0.04887038970117456,-0.09815465440013944,-0.08009638771448482,-0.05549168099265311,-0.028386286377669514,0.0014167820950189206,long,vol_dryup_break,none,none,single,ohlcv,325262,-0.04742534748144277,-0.04058282405446332,Volume,False,False
1h,25,sl3_tp1.5,19526,-0.07121261082856077,-15.138334486253678,0.5936187647239578,0.7840346727547398,-1390.4974390384775,-0.0019656843818549397,0.07446808510638298,12.110109597459797,22146,-0.05547297327747518,-12.60998231418969,0.600288991239953,0.8279134549987185,-1228.5044662029652,-0.0020240535886507888,0.17333333333333334,11.755215388783528,-0.035600917569514876,-0.03675585072358947,-0.008233288211725946,-0.0662476089446108,-0.12176305593372505,-0.05637889233795032,-0.05448101290239241,long,mfi_rev,none,none,single,ohlcv,325262,-0.04742534748144277,-0.04058282405446332,Oscillator,False,False
1h,24,sl3_tp1.5,59867,-0.0722246140274045,-26.80944568747525,0.5943006998847445,0.7823586408462202,-4323.870967978625,-0.0023361592696572895,0.042105263157894736,11.982511233233668,58721,-0.0517491123943246,-19.20272051295236,0.6040598763645033,0.8383135988541873,-3038.759628907135,-0.0018390164801552601,0.11333333333333333,11.79760222067063,-0.04685662940621054,-0.0490665517616487,-0.07363111461655672,-0.06090941103491974,-0.09462271947074131,-0.0566843008935937,-0.04643897798241571,long,cci_rev,none,none,single,ohlcv,325262,-0.04742534748144277,-0.04058282405446332,Oscillator,False,False
1h,23,sl3_tp1.5,66310,-0.0727321959226298,-28.323071766282222,0.5946011159704419,0.7820654321451319,-4822.871911629582,-0.002414746201183643,0.05263157894736842,11.722093198612578,67979,-0.04894999983037622,-19.53742856618949,0.607569984848262,0.8464003631880147,-3327.572038469145,-0.0017039000113247278,0.12666666666666668,11.628782418099707,-0.06063967605668102,-0.0534013610258735,-0.06310075119024408,-0.06758786208879457,-0.09231092592834446,-0.05492205522235298,-0.04251073289000238,long,willr_rev,none,none,single,ohlcv,325262,-0.04742534748144277,-0.04058282405446332,Oscillator,False,False
1h,60,sl3_tp1.5,36847,-0.07361225183734463,-21.269571584836832,0.5970635329877602,0.781025691852506,-2712.3906434506375,-0.0021482025855146638,0.09574468085106383,11.058322251472305,37392,-0.0607358871233445,-17.859875435422186,0.6005027813436029,0.814334498698141,-2271.0362913160975,-0.0024041882904378,0.12,11.126925545571245,-0.03221914705475352,-0.047139910126276045,-0.08182415627831643,-0.07971061650341296,-0.08603863575248062,-0.0815996514238261,-0.03855518691689561,long,asia_range_sweep,none,none,single,ohlcv,325262,-0.04742534748144277,-0.04058282405446332,SMC/ICT,False,False
1h,26,sl3_tp1.5,27683,-0.07410680704837899,-18.55219248285594,0.5962504063865911,0.7790848716192174,-2051.4987395202756,-0.0022870363543517945,0.09574468085106383,11.783043745258823,26205,-0.06324017133788605,-15.565827262705298,0.5954970425491318,0.8071354463895885,-1657.208689909304,-0.002454471085465638,0.14,11.75416905170769,-0.06409154541868661,-0.025542376256977764,-0.08918994577943724,-0.0592018010523789,-0.0963752473463493,-0.06935304589832816,-0.05624974300619029,long,zscore_revert,none,none,single,ohlcv,325262,-0.04742534748144277,-0.04058282405446332,Oscillator,False,False
1h,18,sl3_tp1.5,19054,-0.07546109258826889,-15.709586768613535,0.5934187047339141,0.7746611942782046,-1437.8356581768753,-0.002200468513732762,0.1368421052631579,12.041985934711871,18934,-0.05304742978778697,-11.233866238738447,0.5982887926481462,0.8334413082094618,-1004.4000356019585,-0.0022299168602546004,0.17333333333333334,11.928488433505862,-0.08677683769044293,-0.031615857225894904,-0.06644626609986833,-0.06016814994470043,-0.10600545573890956,-0.06422473984686154,-0.039778489568645305,long,rsi_30_70_rev,none,none,single,ohlcv,325262,-0.04742534748144277,-0.04058282405446332,Oscillator,False,False
1h,27,sl3_tp1.5,43843,-0.07581090426162167,-23.963429358078592,0.594644527062473,0.7737882271509379,-3323.777475542279,-0.002482235612221011,0.08421052631578947,12.00869009876149,41128,-0.047127822129190526,-14.651314645150935,0.6083689943590741,0.8511784851699973,-1938.273068529348,-0.001767204904601023,0.16666666666666666,11.646153472087143,-0.04629471391802368,-0.05929797496555289,-0.09722487055475074,-0.05574396984644894,-0.0911822362466286,-0.05976300883012926,-0.03282924918276695,long,bb_revert,none,none,single,ohlcv,325262,-0.04742534748144277,-0.04058282405446332,Volatilitas,False,False
1h,30,sl3_tp1.5,12673,-0.07808683897618071,-13.075977067527703,0.5992267024382546,0.773228113708467,-989.5945103451381,-0.0030648440549747957,0.17204301075268819,10.631815671111813,11407,-0.04014260978624143,-6.572347899677409,0.6151485929692294,0.8726335169063157,-457.906749831656,-0.001153436502013245,0.32,10.845182782501972,-0.0814174100132817,-0.04116190112847734,-0.08360315055866918,-0.08441976374882086,-0.08620505642753636,-0.0692132973092695,-0.012759546445261801,long,squeeze_fire,none,none,single,ohlcv,325262,-0.04742534748144277,-0.04058282405446332,Volatilitas,False,False
1h,34,sl3_tp1.5,34009,-0.07812315437832343,-21.65861072578272,0.5940192302037696,0.769148944556128,-2656.8903572524014,-0.002425640409895422,0.07446808510638298,11.542032991267018,31173,-0.05042410262514709,-13.599127896750662,0.6071600423443364,0.8425765540824635,-1571.8705511337103,-0.0016344885474472229,0.19333333333333333,11.570718249767427,-0.04633647936736571,-0.07518188333651482,-0.0771122125196443,-0.08290476057579192,-0.08398132771758703,-0.04881019652489665,-0.05208241082493612,long,pinbar,none,none,single,ohlcv,325262,-0.04742534748144277,-0.04058282405446332,Candle,False,False
1h,21,sl3_tp1.5,9198,-0.08098095956301107,-11.337277173944974,0.6051315503370298,0.7705214972163679,-744.8628660605758,-0.00229546772950174,0.14893617021276595,9.682757121113285,9657,-0.03381661323811788,-5.043028218403317,0.6276276276276276,0.892384654134388,-326.5670340405044,-0.0009444106447825814,0.36,10.508957233095163,-0.1091446651179093,0.058596276403591774,-0.12009679826469637,-0.07008710596614229,-0.11505292151602993,-0.07136467990459879,0.01266815434759266,long,rsi_divergence,none,none,single,ohlcv,325262,-0.04742534748144277,-0.04058282405446332,Oscillator,False,False
1h,33,sl3_tp1.5,54327,-0.08699121614029955,-30.431711089701547,0.5903878366189924,0.7465994653947239,-4725.971799254054,-0.0029282757757028107,0.05319148936170213,11.642111657187034,53552,-0.06005697712462876,-21.090775778935832,0.6056169704212728,0.8162916794314153,-3216.1712389781196,-0.002109563492979505,0.12,11.477367792052585,-0.0658870009393678,-0.05251909141302792,-0.08909847648190362,-0.08328624198594912,-0.10573547399988588,-0.07246363867744947,-0.04787711832528079,long,engulfing,none,none,single,ohlcv,325262,-0.04742534748144277,-0.04058282405446332,Candle,False,False
4h,75,sl2_trail3,4391,0.13538613634366303,6.543799980459981,0.3955818720109314,1.3247708746905074,594.4805246850244,0.0037465003429371577,0.797752808988764,19.076064677749944,5421,0.07498010391626915,4.362461782112517,0.40361556908319496,1.1772838125521872,406.46714333009504,0.004758701737567604,0.6326530612244898,19.833056631617783,0.22984728568148044,-0.08987547801285366,0.3271805704459139,0.013668995723875355,0.20352817064926162,0.16700606667276832,-0.022247629876162658,short,ichi_tk_x,none,none,single,ohlcv,50928,-0.05170150641610823,0.0013571119306817253,Trend/momentum,True,True
4h,46,sl2_trail3,3191,0.12778877471210878,3.897100227850293,0.3726104669382639,1.2673010877593667,407.77398010633914,0.007605164107277735,0.5777777777777777,16.695079912253213,3575,0.06951379327492674,2.311201645907211,0.33342657342657345,1.1382105635861157,248.5118109578631,0.003495111878531512,0.564625850340136,14.18041958041958,0.4000239474391125,0.20465476343065306,-0.07846098191119011,0.19288751930878473,0.14146968353040779,0.011398994824962651,0.12273897577813608,long,delta_surge,none,none,single,taker,51298,-0.010012281158896299,0.004831023245964232,Taker flow (delta/CVD),True,True
4h,89,sl1.5_tp3,3196,0.11544995923824414,4.577119710687227,0.392991239048811,1.1879090390834233,368.97806972542827,0.0048048416357824725,0.6923076923076923,14.316020025031289,3096,0.03608571443264212,1.4402548409521398,0.37532299741602065,1.056706925861847,111.72137188346001,0.003116674517388061,0.5238095238095238,14.632428940568476,0.1368621197395642,0.055912687546856805,0.14112880493316718,-0.025341675532713614,0.23210254892155585,0.24313718198236414,-0.13956809773939072,short,squeeze_fire,none,none,single,ohlcv,69025,-0.04371747801712634,-0.019866893462672522,Volatilitas,True,True
4h,100,sl1_tp2,1701,0.1092904143182574,3.1388885569693508,0.3950617283950617,1.174390606713051,185.90299475535582,0.0017370932836634815,0.6395348837209303,5.310405643738977,2192,0.018229559482378786,0.6056809553675718,0.36952554744525545,1.0276747334432308,39.959194385374296,-0.001476830958654127,0.5102040816326531,5.8321167883211675,0.12042917747230021,0.01304351817520762,0.04850435853618052,0.012868751371629683,0.21236007406639637,0.12045741275554306,-0.1068077539531548,short,vol_spike_candle,none,none,single,ohlcv,132602,-0.0379515791088008,-0.03334841427117247,Volume,True,True
4h,103,sl1_tp2,2138,0.10423167419313434,3.3506038759206387,0.38961646398503275,1.1651498072332824,222.8473194249212,0.001881695499487172,0.6666666666666666,5.94200187090739,2088,-0.009537767539787386,-0.309829571149933,0.35488505747126436,0.9857947458169566,-19.91485862307606,-0.0018751258640906888,0.43537414965986393,5.802681992337165,-0.18250782925065656,0.2817220170872604,0.24764342551098004,-0.012241335553025987,0.11396994696014053,0.2839498160597305,-0.2829346192370257,short,vol_dryup_break,none,none,single,ohlcv,132602,-0.0379515791088008,-0.03334841427117247,Volume,False,True
4h,73,sl1.5_tp3,7599,0.10373595398283228,6.396645050254255,0.3901829188051059,1.1693385662293174,788.2895143155425,0.0027578387144797803,0.7741935483870968,15.52164758520858,7823,0.008183741190695855,0.5250031482269023,0.3677617282372491,1.0127181137957415,64.02140733481367,0.000353877092102087,0.5306122448979592,15.908730665984915,0.06869249615736704,-0.03526415809481817,0.2321926654085738,-0.05200871268328185,0.21225382643575774,0.1158598249014108,-0.10413234090400132,short,macd_zero_x,none,none,single,ohlcv,69025,-0.04371747801712634,-0.019866893462672522,Trend/momentum,True,True
4h,71,sl1.5_tp4_trail2.5,4674,0.1032058012471603,5.083314579763873,0.3553701326486949,1.2031535115330463,482.3839150292273,0.0028558790489420028,0.6966292134831461,9.596063329054344,5454,0.0658481835695542,3.6712620751125042,0.3722038870553722,1.131741803252396,359.1359931883486,0.003200886114267625,0.6394557823129252,11.120828749541621,0.0004811193727149018,-0.064583609795309,0.20385715115244188,0.006940869432101721,0.16869620298815127,0.12474230889661991,-0.005883376151699062,short,donchian_55,none,none,single,ohlcv,80888,-0.0325619215417913,-0.020942429829001817,Trend/momentum,True,True
4h,70,sl1.5_tp4_trail2.5,8999,0.09880182578396414,6.844809772940676,0.3611512390265585,1.1971362706366326,889.1176302298933,0.0011773597947965938,0.7553191489361702,10.852094677186354,9563,0.016076882561794865,1.218712432291893,0.35752378960577225,1.0314951983490943,153.74322793844428,0.0002872590999550434,0.5374149659863946,11.884345916553382,0.0658551665633578,-0.038312797771900685,0.20858120315141626,-0.08616379417544746,0.20569106707109905,0.11279647941845604,-0.09398409396411736,short,donchian_20,none,none,single,ohlcv,80888,-0.0325619215417913,-0.020942429829001817,Trend/momentum,True,True
4h,60,sl1.5_tp3,4457,0.09826060997934734,4.663749966104314,0.3921920574377384,1.1607272266737396,437.9475386779511,0.003756667726751364,0.7888888888888889,16.310074040834643,4639,0.01772285628919484,0.8700464147609506,0.3688294891140332,1.0275459378965872,82.21633032557486,0.0009763432054944613,0.5374149659863946,15.695408493209744,-0.02819274871532117,0.025383946929446535,0.2613118170614648,-0.05826144597707769,0.17981757008988875,0.16797527191705613,-0.1369332828063247,short,ema_x_20_50,none,none,single,ohlcv,69025,-0.04371747801712634,-0.019866893462672522,MA,True,True
4h,16,sl2_trail3,4180,0.09481194284346768,3.3521186513350067,0.3485645933014354,1.1967962015514233,396.3139210856949,0.004418075098247351,0.5555555555555556,16.9433014354067,3545,0.10963386455164309,3.2759798461969276,0.3365303244005642,1.2145850378343686,388.65204983557476,0.0049046439480644344,0.54421768707483,14.281241184767278,0.13271102142996727,0.2170422989586893,0.028540946151951747,0.010351309621004647,0.1068453111052946,-0.053735516614715845,0.2581354883582203,long,ichi_tk_x,none,none,single,ohlcv,51298,-0.010012281158896299,0.004831023245964232,Trend/momentum,True,True
4h,109,sl1.5_tp4_trail2.5,7797,0.09352254705188012,6.089252005187612,0.3646274208028729,1.188196118705717,729.1952993635093,0.0008404140383841441,0.6808510638297872,10.916634603052456,8008,0.009546422208873096,0.6733523165444105,0.3542707292707293,1.0190615575603015,76.44774904865575,0.0007873128812899616,0.5102040816326531,12.283966033966035,0.014291164727136318,-0.0634311775975179,0.2503390528372297,-0.071819593576625,0.17863431762947038,0.07421363646639673,-0.06131503450304824,short,smc_bos,none,none,single,ohlcv,80888,-0.0325619215417913,-0.020942429829001817,SMC/ICT,True,True
4h,67,sl1.5_tp3,5291,0.09272287764714475,4.787853806856692,0.38915138915138914,1.1505940534099148,490.5967456310429,0.0009803758190942069,0.7340425531914894,15.022680022680023,5550,0.03615299880915246,1.9487242625377361,0.38054054054054054,1.0573310667494058,200.64914339079616,0.0005905682600093204,0.5238095238095238,16.175135135135136,-0.07315053542494111,-0.002787305979378374,0.25525344972754255,-0.16164339097674368,0.24908239538426538,0.1892134166184491,-0.1309845927451379,short,supertrend_flip,none,none,single,ohlcv,69025,-0.04371747801712634,-0.019866893462672522,Trend/momentum,True,True
4h,87,sl1.5_tp4_trail2.5,9532,0.08500000175636192,6.073354854316866,0.3541754091481326,1.1675895913986516,810.2200167416419,0.0003001802149861766,0.7204301075268817,10.565044062106589,9014,0.05776203825344931,4.166488824236391,0.36410028844020415,1.1159453089594382,520.6670128165921,0.0022520968853137944,0.6326530612244898,11.606168182826714,0.06161361776051266,-0.0659098823981446,0.2503214173256188,-0.08329456193239437,0.1676953722310846,0.15371020575978467,-0.053445909665869706,short,bb_breakout,none,none,single,ohlcv,80888,-0.0325619215417913,-0.020942429829001817,Volatilitas,True,True
4h,59,sl1.5_tp4_trail2.5,9974,0.07945773011031312,6.022339658718573,0.3739723280529376,1.1637242534544716,792.5114001202631,0.0014369631556108338,0.8085106382978723,12.455183477040304,10314,0.011290276371580059,0.904445475872231,0.3582509210781462,1.0224455420256813,116.44791049647672,-0.00019024733214370338,0.5170068027210885,12.782819468683343,0.015911020585872546,-0.00996710747666139,0.20003973980841272,-0.058702644785963015,0.16829313428493872,0.11553736290784068,-0.09976188629820498,short,ema_x_9_21,none,none,single,ohlcv,80888,-0.0325619215417913,-0.020942429829001817,MA,True,True
4h,88,sl1.5_tp4_trail2.5,8619,0.07923247972048955,5.404109709018644,0.35386935839424527,1.1562918875900499,682.9047427108994,0.0005278495537081834,0.7419354838709677,10.818772479405963,8976,0.03433916585240101,2.5010489229968753,0.3591800356506239,1.0677181891751402,308.2283526911515,0.0008601734156152805,0.5510204081632653,12.021167557932264,-0.0031658134962915564,-0.09154885702850853,0.20097227161013936,-0.09514293655410629,0.20364115423970405,0.10927871083190537,-0.05990070459466182,short,keltner_breakout,none,none,single,ohlcv,80888,-0.0325619215417913,-0.020942429829001817,Volatilitas,True,True
4h,39,sl2_trail3,9656,0.07242835061470487,4.245749959127167,0.3622618061309031,1.1531680534075992,699.3681535355903,0.0036453525178880173,0.5957446808510638,17.87976387738194,10127,0.12231868281202576,5.880680909151099,0.34324084131529575,1.2521150924558546,1238.721300837385,0.004421776247160613,0.7210884353741497,16.255751950232053,0.09396330205270326,0.18398765037894205,-0.024573479591734254,0.0909889203910942,0.049116310365878026,0.05073883174169866,0.190759915726478,long,vwap_month_x,none,none,single,ohlcv,51298,-0.010012281158896299,0.004831023245964232,VWAP,True,True
4h,65,sl1.5_tp4_trail2.5,8057,0.06948470727724178,4.77483299074321,0.37122998634727566,1.1441349662011668,559.838286532737,0.0009499870247234255,0.6956521739130435,12.22241529105126,9075,0.020419767343817934,1.4893343841199866,0.35955922865013773,1.039388698439328,185.30938864514775,0.0012766265754209534,0.5374149659863946,11.979614325068871,0.09831646402649065,-0.004236387862851405,0.15138604111327061,-0.010344731010913372,0.09387034882949435,0.06786576750226428,-0.037075117566685405,short,ma_ribbon_align,none,none,single,ohlcv,80888,-0.0325619215417913,-0.020942429829001817,MA,True,True
4h,7,sl2_trail3,6173,0.06550546176040287,3.1692399973903487,0.35606674226470114,1.139384341649024,404.3652154469669,0.0056779600635125235,0.6022727272727273,17.707111615098007,4452,-0.0015220474206527426,-0.062419061613957876,0.31446540880503143,0.9969284484851856,-6.77615511674601,0.001922066761410541,0.4217687074829932,16.22933513027853,0.1989662905251157,0.24405956844878474,-0.14907258146929658,0.03219237881658824,0.011700496540038128,-0.1709081948518474,0.11669940559196597,long,ema20_pullback,none,none,single,ohlcv,51298,-0.010012281158896299,0.004831023245964232,MA,False,False
4h,61,sl1_tp2,1338,0.06495322975967782,1.6810787686904167,0.3841554559043348,1.1026996994567908,86.90742141844893,0.003509081313478785,0.5862068965517241,7.3923766816143495,1238,-0.08226023027340638,-2.1280716018389976,0.34168012924071084,0.879824155832892,-101.8381650784771,-0.0032799662806163783,0.4027777777777778,8.12924071082391,0.0028292247988279326,0.016976155293977255,0.08771645225709034,0.07581038467023374,0.077661689409095,-0.0879615472666984,-0.07593730461304335,short,ema_x_50_200,none,none,single,ohlcv,132602,-0.0379515791088008,-0.03334841427117247,MA,False,False
4h,1,sl2_trail3,4403,0.0639365408202671,2.288732003941718,0.3477174653645242,1.1287427488162582,281.51258923163607,0.0014540717587945644,0.550561797752809,15.959118782648195,4616,0.05821616919271868,2.0182767720229604,0.31672443674176776,1.1092170082326673,268.72583699358944,0.0007880051725147411,0.5306122448979592,13.915077989601386,0.17806388626860079,0.0751129848711724,-0.1148538700851352,0.11236690170318019,0.0889165828629058,-0.0981610609759996,0.22109470835562517,long,ema_x_20_50,none,none,single,ohlcv,51298,-0.010012281158896299,0.004831023245964232,MA,True,True
4h,41,sl2_trail3,2452,0.06317176293275187,1.8071420937152927,0.33278955954323003,1.1221431081563498,154.89716271110757,0.003207985059437827,0.4945054945054945,13.347879282218598,2786,0.1730031266186259,4.342021721216323,0.33201722900215364,1.3355859852715068,481.98671075949176,0.009716525046879698,0.6258503401360545,11.101220387652548,0.28163504206260453,-0.015504337678262918,-0.10972677130396637,0.11759070332858415,0.08701838308728142,0.0010076603782672462,0.2958872720371222,long,vol_spike_candle,none,none,single,ohlcv,51298,-0.010012281158896299,0.004831023245964232,Volume,True,True
4h,117,sl1.5_tp4_trail2.5,5741,0.06131512856445945,3.4699963518496975,0.35760320501654763,1.1212764363492145,352.0101530885617,0.0006184812301384677,0.6813186813186813,10.52447308831214,6745,0.011901830129143202,0.7512883830132522,0.35404002965159376,1.0229559845372367,80.2778442210709,-0.0002179606826080777,0.5714285714285714,11.53254262416605,0.038534706198142345,-0.048128202791300714,0.18268238642491297,-0.0008180005170686085,0.0678206544159697,0.00589211595745999,0.019865063936778588,short,break_pwh_pwl,none,none,single,ohlcv,80888,-0.0325619215417913,-0.020942429829001817,SMC/ICT,True,True
4h,104,sl1.5_tp4_trail2.5,14127,0.05849067221918623,5.221535433763261,0.36327599631910523,1.1160765992641206,826.2977264404439,-0.0003563620493119503,0.8085106382978723,11.32023784242939,13945,0.016250210593616487,1.484372882759209,0.35647185371100754,1.0315134277273232,226.6091867279819,-8.554495194136655e-05,0.5782312925170068,12.162710648978129,-0.004100520936037139,-0.08753101517186111,0.20693622637099693,-0.04338661224320114,0.12412167540336218,0.0785042603158582,-0.05208128772515573,short,obv_break_20,none,none,single,ohlcv,80888,-0.0325619215417913,-0.020942429829001817,Volume,True,True
4h,111,sl1.5_tp4_trail2.5,13715,0.05596034687555578,4.983263667596889,0.3658038643820634,1.1123246960411195,767.4961573982475,0.00035798273761508686,0.7446808510638298,11.96769959897922,13584,-0.034800402321551446,-3.2849308327983726,0.3497497055359246,0.9324351588418299,-472.7286651359549,-0.0023208950906333297,0.3741496598639456,12.54556831566549,-0.027665906698149768,-0.0729548578528977,0.1680443761007933,-0.05380033337859994,0.13894400989540692,0.011802434854901423,-0.08731341612442155,short,smc_fvg_retest,none,none,single,ohlcv,80888,-0.0325619215417913,-0.020942429829001817,SMC/ICT,False,False
4h,29,sl2_trail3,7998,0.05483189211947445,2.659877508023691,0.3367091772943236,1.108572752367824,438.54547317155664,0.0017182903723441556,0.5957446808510638,15.47586896724181,7796,0.06280587060787114,2.7328491853036243,0.3141354540790149,1.117087584616765,489.6345672589634,0.0016520561236931528,0.5578231292517006,13.073370959466393,0.08206865923150604,0.14847106950791347,-0.15701634354125127,0.11192604485365422,0.05580400393193387,-0.07553504876322131,0.19681490260471723,long,keltner_breakout,none,none,single,ohlcv,51298,-0.010012281158896299,0.004831023245964232,Volatilitas,True,True
4h,6,sl1.5_tp3,6872,0.05138131261172195,2.9727102101390455,0.3710710128055879,1.078376703880931,353.09238026775324,0.002315639374541267,0.6195652173913043,11.074068684516881,6449,-0.061131018577513026,-3.5247137146207295,0.3273375717165452,0.9114343362479245,-394.2339388063815,-0.0027028865646327982,0.3877551020408163,9.808187315862925,0.13247523028791347,0.13639336542912497,-0.020008181736170094,-0.03913467122494568,0.08345757277468256,-0.1733540807758232,0.042812743631853736,long,ma_ribbon_align,none,none,single,ohlcv,70718,-0.0359408711477107,-0.04136330410254181,MA,False,False
4h,38,sl2_trail3,16493,0.04781191876887096,3.8308248190151364,0.36221427272176077,1.1011379578691718,788.5619762549887,0.002559220653707633,0.648936170212766,18.217304310919783,16485,0.06036672175262201,3.9742838434986942,0.3402487109493479,1.124540318286277,995.1454080919739,0.0019478943547311244,0.6530612244897959,16.74819532908705,0.11679627781810381,0.09933573927141778,-0.06079607836881297,0.034211433312830164,0.07377614483226012,-0.015373873714584365,0.13750768821475287,long,vwap_week_x,none,none,single,ohlcv,51298,-0.010012281158896299,0.004831023245964232,VWAP,True,True
4h,110,sl1.5_tp4_trail2.5,10676,0.04649916749593942,3.640981642451155,0.3535031847133758,1.0920505252184702,496.4251121866493,-0.0004702700631602238,0.6914893617021277,11.7589921318846,10261,0.04834530120314326,3.7820044179929337,0.3692622551408245,1.0977324856414952,496.071135645453,0.0017289570292382992,0.5782312925170068,12.555891238670695,-0.07912438593459947,-0.045099122128861684,0.2148382245995601,-0.05243645917091636,0.09630866479390515,0.15061774323192909,-0.06337441167373392,short,smc_choch,none,none,single,ohlcv,80888,-0.0325619215417913,-0.020942429829001817,SMC/ICT,True,True
4h,5,sl2_trail3,5259,0.043879586830658804,1.7889147732291404,0.35044685301388095,1.090034242122551,230.76274714243465,0.0012754423365145843,0.5,17.46225518159346,5245,0.09101131087840211,3.5503669558804263,0.3349857006673022,1.1801224346614954,477.35432555721906,0.0031160850626323323,0.54421768707483,14.7395614871306,0.12880869897740416,0.1098209391837785,-0.08024382127131628,0.06980964929452296,0.030760969684490682,-0.02172082273554322,0.19534233468191023,long,price_x_ema200,none,none,single,ohlcv,51298,-0.010012281158896299,0.004831023245964232,MA,True,True
4h,64,sl1.5_tp3,5122,0.043701285339792624,2.240908043180384,0.37153455681374464,1.0690087248350746,223.8379835104178,-5.968128076451271e-07,0.632183908045977,15.026747364310816,5058,-0.006794996476116278,-0.3512959218742978,0.3627916172400158,0.9895364755179449,-34.36909217619613,4.42502649532572e-05,0.48299319727891155,15.423685251087386,-0.1820374741913052,-0.1850403585106419,0.2982051251448343,-0.027820467758155002,0.12771604653342625,0.12240344173394556,-0.1298102597197375,short,price_x_ema200,none,none,single,ohlcv,69025,-0.04371747801712634,-0.019866893462672522,MA,False,True
4h,112,sl1.5_tp4_trail2.5,8618,0.04295565672163852,3.010634974290089,0.3569273613367371,1.08399182444463,370.1918496270808,-0.00015230262860204972,0.6382978723404256,11.62079368763054,8587,0.008183977021657277,0.5875661828306019,0.35204378712006523,1.015864682219018,70.27581068497103,0.000990011506416542,0.48299319727891155,12.196343309654129,-0.033337448753262305,-0.055066314558418816,0.21963562992264254,-0.05462189012665846,0.0701302121118597,0.08832310936187683,-0.07923343541666354,short,smc_ob_retest,none,none,single,ohlcv,80888,-0.0325619215417913,-0.020942429829001817,SMC/ICT,True,True
4h,63,sl2_trail3,10970,0.04162928939845432,3.301516229397035,0.3795806745670009,1.0910031896763273,456.6733047010439,-0.0011177982610420497,0.6595744680851063,19.428258887876027,11135,0.044780409285315834,3.6724036291759936,0.38814548720251457,1.0999355941941134,498.62985739199183,0.0015257070110714125,0.5714285714285714,20.791019308486753,-0.024337419988210936,-0.08715943494661474,0.2546689762938271,-0.12462263032125583,0.1246260478273581,0.18060308873532413,-0.09628917338035553,short,price_x_ema50,none,none,single,ohlcv,50928,-0.05170150641610823,0.0013571119306817253,MA,True,True
4h,72,sl1.5_tp4_trail2.5,16690,0.039991401885092336,3.9281887256969092,0.36069502696225286,1.0787544796138246,667.4564974621911,-0.00016083532415777274,0.6276595744680851,11.642360695026962,16116,0.04272510838612767,4.169305194190523,0.3712459667411268,1.0849598730880632,688.5578467508335,0.0013521422516514568,0.6530612244897959,12.176966989327376,-0.028508685935325087,-0.04214619413179072,0.15134964659511868,-0.023411079559627977,0.08397524071547564,0.12793531940033506,-0.045083171302067154,short,macd_x,none,none,single,ohlcv,80888,-0.0325619215417913,-0.020942429829001817,Trend/momentum,True,True
4h,4,sl2_trail3,11057,0.037091969782351256,2.4101966616540365,0.352989056706159,1.0767806529740662,410.12590988345784,0.001299809529367366,0.5319148936170213,17.83214253414127,11388,0.0496481516949953,2.6899050681589927,0.3183175272216368,1.0981467382658976,565.3931515026064,0.000977889485254433,0.5510204081632653,15.511415525114156,0.10867867869627477,0.0757451659409131,-0.10758897519880704,0.07496740251602288,0.04843466185109079,-0.03865108129818489,0.13925968751397647,long,price_x_ema50,none,none,single,ohlcv,51298,-0.010012281158896299,0.004831023245964232,MA,True,True
4h,57,sl2_trail3,6096,0.035989546773156925,1.8146187023461255,0.3686023622047244,1.0755593764444604,219.39227712916463,0.00035162093517729197,0.6111111111111112,19.22260498687664,6828,0.025385236925937065,1.2925468482786762,0.3296719390743995,1.051465902113492,173.33039773029827,-0.0013005294555485521,0.5714285714285714,17.20855301698887,0.09239366485663407,-0.0733301630156172,-0.09209221354309538,0.1525505046317078,0.07433724589564533,-0.048718068127616525,0.11994105417427144,long,sweep_pwh_pwl,none,none,single,ohlcv,51298,-0.010012281158896299,0.004831023245964232,SMC/ICT,True,True
4h,66,sl2_trail3,6897,0.03563506672523879,2.1793640086954182,0.3661012034217776,1.0778361948536477,245.77505520397196,-0.001771623885637719,0.5172413793103449,18.676091054081486,8158,0.05449993879160278,3.6543419355586044,0.39114979161559205,1.1187959536572558,444.6105006618955,0.003044745169505897,0.6462585034013606,19.48394214268203,-0.12325229636953047,0.06477280163024385,0.08101076910747468,0.011629676502287427,0.03230074026342074,0.09429329798372739,0.005571181479394918,short,ema20_pullback,none,none,single,ohlcv,50928,-0.05170150641610823,0.0013571119306817253,MA,True,True
4h,8,sl2_trail3,5235,0.035069832384937154,1.3910234466210736,0.33600764087870105,1.0694495048687658,183.590572535146,-0.0007169649762728561,0.5268817204301075,16.375740210124164,5567,0.048338344828998875,2.014597127912429,0.30770612538171366,1.0904252634346563,269.09956566303674,-0.00026508276668793165,0.5578231292517006,13.602838153403988,0.2175983676219917,0.0904214770114794,-0.18556900041323168,0.10147580626707418,0.04588812840862164,-0.06644755105643844,0.17387327722270016,long,supertrend_flip,none,none,single,ohlcv,51298,-0.010012281158896299,0.004831023245964232,Trend/momentum,True,True
4h,0,sl1.5_tp3,9448,0.03483971158148545,2.3822230490088576,0.3675910245554615,1.0530565953673645,329.16559502187454,0.001871619822029825,0.648936170212766,12.692845046570703,9723,-0.05909769558815118,-4.190723500795587,0.3306592615447907,0.9140360853083476,-574.6068942035939,-0.003083788022806819,0.3469387755102041,10.89396276869279,0.2111019118231108,0.1470000764523269,-0.08601094942667384,0.012273265851376157,0.022444596016811005,-0.10203945367257797,-0.013581251584679316,long,ema_x_9_21,none,none,single,ohlcv,70718,-0.0359408711477107,-0.04136330410254181,MA,False,False
4h,28,sl2_trail3,8677,0.034721403155767806,1.7917373398624517,0.32880027659329264,1.0683218593435346,301.27761518259723,0.0005707928897601817,0.5531914893617021,15.4076293649879,8473,0.07561733050985904,3.3029264817454984,0.3127581730201818,1.1422518677320652,640.7056414100357,0.0022943811521799282,0.6190476190476191,13.499350879263543,0.09900915536677408,0.0898111543729861,-0.16089636246385403,0.037728194775197225,0.07728951161023878,-0.045920186155281074,0.18967518760443805,long,bb_breakout,none,none,single,ohlcv,51298,-0.010012281158896299,0.004831023245964232,Volatilitas,True,True
4h,115,sl1.5_tp4_trail2.5,15533,0.03468303032225843,3.274992068328846,0.3499645915148394,1.067747040608105,538.7315099956402,-0.0021944219780375587,0.6808510638297872,11.494302452842335,15564,0.04200278316372641,4.054249567553876,0.37014906193780517,1.0844537781905679,653.7313171602378,0.0013683167081868534,0.6462585034013606,12.470573117450527,-0.0613278784773329,-0.08331626217016982,0.13435278911278317,-0.06858758792045082,0.1169005313471598,0.10909879537912438,-0.03424812762986037,short,break_pdh_pdl,none,none,single,ohlcv,80888,-0.0325619215417913,-0.020942429829001817,SMC/ICT,True,True
4h,17,sl2_trail3,7886,0.03438779928833128,1.7552293517809336,0.344281004311438,1.0683929300784694,271.1821851877805,0.0010876400979987627,0.5268817204301075,16.863048440273904,7979,0.04051948805428322,1.943702943420223,0.31846096002005264,1.076624529676994,323.30499518512585,-0.0009370403804357173,0.564625850340136,14.587667627522245,0.06781608542069233,0.10819973219313711,-0.11525854328458358,0.07953999779783552,0.031022597424198203,-0.09084432423964636,0.17558980344039027,long,ichi_kumo_break,none,none,single,ohlcv,51298,-0.010012281158896299,0.004831023245964232,Trend/momentum,True,True
4h,76,sl1.5_tp3,8178,0.03288271758078113,2.133990060739746,0.36842748838346784,1.0515859518024107,268.9148643756281,-0.00044020343808572694,0.6989247311827957,14.985326485693324,8673,0.010671451692722636,0.7187895162371443,0.369307044851839,1.0165556159457467,92.55350053098343,0.0007122057991094936,0.4965986394557823,15.26645912602329,-0.148567635077342,0.009601233634441387,0.15636610032508907,-0.11886737730642208,0.12471788846869634,0.1412751705136105,-0.11864361180248874,short,ichi_kumo_break,none,none,single,ohlcv,69025,-0.04371747801712634,-0.019866893462672522,Trend/momentum,True,True
4h,19,sl2_trail3,14202,0.03246510929198848,2.4540016070025503,0.35628784678214337,1.0681726530571576,461.06948216482044,0.0009785783346071269,0.5531914893617021,18.306224475425996,14388,0.03250796930376998,2.0983376170735193,0.3220739505143175,1.064839156186916,467.7246623426425,0.00018336330807379128,0.5374149659863946,16.101542952460385,0.12424345066289066,0.07515850116973215,-0.09036810597825416,0.058049525068002664,0.03484486981801058,-0.056177437542768716,0.12520218345339315,long,rsi_50_x,none,none,single,ohlcv,51298,-0.010012281158896299,0.004831023245964232,Oscillator,True,True
4h,90,sl1.5_tp4_trail2.5,14728,0.03150134447848855,2.9575663807479655,0.3590439978272678,1.0629784154163222,463.9518014791793,-0.0005896486169306776,0.7127659574468085,12.031912004345465,14305,0.011729747725487235,1.0894298950442942,0.35959454736106256,1.0226488684836885,167.79404121309489,0.00034692357173055847,0.5714285714285714,12.71212862635442,-0.07968725539934948,-0.05008667780536135,0.17907046755356204,-0.05630909325289115,0.0807800602300648,0.05582202124560428,-0.0365534873521219,short,nr7_breakout,none,none,single,ohlcv,80888,-0.0325619215417913,-0.020942429829001817,Volatilitas,True,True
4h,42,sl2_tp2,1386,0.030437244436757598,1.1638228738539926,0.5295815295815296,1.0654742759032845,42.18602078934603,0.0102913918297912,0.5465116279069767,14.6991341991342,1195,0.03712465194542895,1.3307020686562219,0.5154811715481171,1.08203466895586,44.3639590747876,0.013672696196449325,0.4965986394557823,14.298744769874476,0.17072786478783603,0.057196786225478746,-0.20569803327144703,-0.12205115181064155,0.14984434468545588,0.103142200860849,-0.009559186216189517,long,vol_spike_reversal,none,none,single,ohlcv,74809,-0.028113193596642397,-0.036013673129505014,Volume,True,True
4h,52,sl2_trail3,11625,0.028805228070042817,1.8936040540543924,0.3490752688172043,1.0597780128341268,334.86077631424774,0.00048265422886882976,0.5531914893617021,18.065978494623657,11178,-0.009832381689121369,-0.5509211083091461,0.3163356593308284,0.980445107671811,-109.90636252099867,-0.0013468379321179274,0.3673469387755102,16.3351225621757,0.11068534083687231,0.08538991725571642,-0.08749711294398725,0.01661328026105075,0.04870442845447177,-0.06270935873440077,0.04602111393155455,long,smc_fvg_retest,none,none,single,ohlcv,51298,-0.010012281158896299,0.004831023245964232,SMC/ICT,False,False
4h,11,sl2_trail3,8520,0.027739174828819477,1.4533383226078689,0.3287558685446009,1.0546974433042653,236.33776954154195,0.00013804261723700012,0.5638297872340425,15.65093896713615,7978,0.040850943258401905,1.8772905364478112,0.311105540235648,1.0748845576679593,325.9088253155304,1.600461687162724e-07,0.54421768707483,12.991601905239408,0.1584092327151125,0.06073436436237962,-0.20978135193112937,0.0706521629461863,0.05828232952212032,-0.08524088863048525,0.1680221110698022,long,donchian_20,none,none,single,ohlcv,51298,-0.010012281158896299,0.004831023245964232,Trend/momentum,True,True
4h,14,sl1.5_tp3,7742,0.027597140639783812,1.7074827977469713,0.3655386205114957,1.04173671226005,213.65706283320628,0.0011596007069996298,0.5806451612903226,12.188840092999225,7954,-0.041360790443116094,-2.636301538003782,0.3366859441790294,0.9394259549327761,-328.9837271845454,-0.0018255861791915044,0.42857142857142855,10.567513200905205,0.19940157556177263,0.1592154601153075,-0.10040764459649028,-0.022336627101626254,0.03240902785291012,-0.07425971501341551,-0.007179980065412024,long,macd_zero_x,none,none,single,ohlcv,70718,-0.0359408711477107,-0.04136330410254181,Trend/momentum,False,True
4h,91,sl1.5_tp4_trail2.5,14940,0.025938538473914245,2.4429131347735304,0.35856760374832664,1.051120570689314,387.52176480027885,-0.0010659003614991388,0.648936170212766,11.74839357429719,14299,0.0014094869389704762,0.13237278110383097,0.35268200573466674,1.0027390303206516,20.154253740338838,-0.0009017371548810252,0.48299319727891155,12.693265263305126,-0.10496391104992961,-0.08822427522428432,0.2004059262439178,-0.05944670601913617,0.07961871430553784,0.05199991404231189,-0.05156379635864428,short,inside_bar_break,none,none,single,ohlcv,80888,-0.0325619215417913,-0.020942429829001817,Volatilitas,True,True
4h,78,sl1.5_tp4_trail2.5,16919,0.025422915576687,2.5412765113688978,0.3591228796028134,1.0497396680749536,430.13030864196736,-0.0009161993329878358,0.6276595744680851,12.139251728825581,17102,0.02277061153508259,2.3055425704285266,0.35937317272833585,1.0445357137151168,389.42299847298244,9.961165822297999e-05,0.5986394557823129,12.57379253888434,-0.053077273875309805,-0.024100339209472396,0.14524813663651165,-0.08841371916120994,0.08582545234293411,0.11441550779879195,-0.07507923478396196,short,rsi_50_x,none,none,single,ohlcv,80888,-0.0325619215417913,-0.020942429829001817,Oscillator,True,True
4h,47,sl2_trail3,1341,0.025093458824824673,0.6718633273964881,0.3795674869500373,1.0533630609763103,33.65032828408989,0.00805604538094829,0.4470588235294118,18.550335570469798,1644,0.026229079064820943,0.42637566263427296,0.3284671532846715,1.0523925161325682,43.12060598256563,-0.00013617788587621968,0.41496598639455784,15.855839416058394,0.26031141005897585,0.04147168768992233,-0.11763724385129003,0.059994073594971616,0.0616036437161037,0.018839673934217652,0.035322960277110196,long,delta_absorption,none,none,single,taker,51298,-0.010012281158896299,0.004831023245964232,Taker flow (delta/CVD),True,True
4h,108,sl1.5_tp4_trail2.5,13941,0.02361161399646486,2.112242151454528,0.35198335843913636,1.0454427030232138,329.1695107247166,0.00019110352828851615,0.6195652173913043,11.113621691413815,14511,0.04230699193035352,3.9152509288330344,0.36965060988215837,1.0839655899641754,613.9167599013599,0.002062362152285593,0.5374149659863946,12.094824615808697,-0.0363418174789703,-0.0036987622205386585,0.12890662117720883,-0.08320838017686553,0.07073410251152702,0.14508907142984315,-0.05950225307181583,short,delta_flip,none,none,single,taker,80888,-0.0325619215417913,-0.020942429829001817,Taker flow (delta/CVD),True,True
4h,30,sl2_trail3,2978,0.02023390415256903,0.5711307041047519,0.32303559435862994,1.0384273597338458,60.25656656635057,0.001197067107437734,0.48314606741573035,15.05742108797851,2613,0.1537352581671038,3.7459542810114472,0.3417527745885955,1.3100511197088116,401.7102295906422,0.004766877087088629,0.6054421768707483,14.70723306544202,0.002111594987498238,0.18817797419970578,-0.3568899762261352,-0.0062676682604993475,0.1614026017869838,0.06516062094680307,0.22588668140280707,long,squeeze_fire,none,none,single,ohlcv,51298,-0.010012281158896299,0.004831023245964232,Volatilitas,True,True
4h,2,sl3_tp1.5,1308,0.020225703165130903,1.1451598142636572,0.6460244648318043,1.071594126654659,26.45521973999122,0.00210903503004988,0.5862068965517241,10.198776758409785,1307,-0.018482759382442475,-1.0070392477882029,0.6289211935730681,0.9412075226184925,-24.156966512852314,-0.0013199868107754886,0.5034013605442177,9.542463657230298,0.060540486820276344,0.08164680066304374,-0.06731555192549125,0.021675486042073113,0.029724820643304693,-0.03794434744490746,-0.000538030389551964,long,ema_x_50_200,none,none,single,ohlcv,82432,-0.017149131757397438,-0.023039408448313696,MA,False,True
4h,13,sl2_trail3,14770,0.019406531273837426,1.4707545716237365,0.34400812457684493,1.0401345528290495,286.6344669145788,-0.00017185019653861644,0.5319148936170213,18.17027758970887,14834,0.03322502211674068,2.182346470747127,0.32364837535391666,1.0672624750034196,492.85997807973126,-0.00035585835020590423,0.5510204081632653,16.9430362680329,0.10772664287687454,0.08021468416863092,-0.06554804525090682,0.029796510104323035,0.005939488290241934,-0.042402045517684964,0.11321619852296838,long,macd_x,none,none,single,ohlcv,51298,-0.010012281158896299,0.004831023245964232,Trend/momentum,True,True
4h,51,sl2_trail3,10155,0.01918631451910866,1.1660186139948943,0.3381585425898572,1.038964664906879,194.83702394154844,-0.00031450158761768364,0.5212765957446809,17.483407188577054,9988,0.019633430455520066,1.0875896336433877,0.30726872246696035,1.0378351399538464,196.09870338973442,-0.0012058987772801853,0.48299319727891155,15.195935122146576,0.17337883115438726,0.012103369798414167,-0.11783507137082935,-0.0017935709653213899,0.07135659577494777,-0.06290201189588449,0.10812786325055299,long,smc_choch,none,none,single,ohlcv,51298,-0.010012281158896299,0.004831023245964232,SMC/ICT,True,True
4h,9,sl2_trail3,15568,0.019084337886928707,1.4880682869774469,0.34692959917780064,1.0395258368393798,297.1049722237061,3.944998135083326e-05,0.5319148936170213,18.077852004110998,15461,0.04348582249589493,2.937318913059376,0.32992691287756293,1.0890355998738124,672.3343016090315,0.0005617781447737899,0.5918367346938775,16.653903369769097,0.11594096335652715,0.09454609353412399,-0.10911664030227543,0.006615494339584131,0.036244651535502624,-0.033828210775436816,0.12640667775111278,long,psar_flip,none,none,single,ohlcv,51298,-0.010012281158896299,0.004831023245964232,Trend/momentum,True,True
4h,98,sl2_trail3,9696,0.017335942194013024,1.2717188271305992,0.35942656765676567,1.0362017280518172,168.0892955131503,-0.002909939404171267,0.5319148936170213,18.54424504950495,9996,0.020383758311069148,1.5878513153563694,0.3748499399759904,1.0440248703077712,203.7560480774472,-0.00010881465981787517,0.5306122448979592,20.480192076830733,0.05078537533836709,-0.14151525124246933,0.2291727632987899,-0.11547567924220033,0.07670758716186306,0.1673296609221728,-0.11911168901944033,short,vwap_month_x,none,none,single,ohlcv,50928,-0.05170150641610823,0.0013571119306817253,VWAP,True,True
4h,55,sl2_trail3,16818,0.01725842020190387,1.4701284917797985,0.3531335473897015,1.0363344284965195,290.2521109556193,0.0008801832056177353,0.48936170212765956,18.89975026757046,16640,-0.006496203194822019,-0.5232017075966872,0.33076923076923076,0.9864849601286464,-108.09682116183839,-0.001252226438294273,0.47619047619047616,17.44110576923077,0.1277403335572865,0.07293478793428762,-0.09287278889685323,0.08384138698785368,-0.012453040736916209,-0.08951379561405723,0.08234646040187632,long,sweep_pdh_pdl,none,none,single,ohlcv,51298,-0.010012281158896299,0.004831023245964232,SMC/ICT,False,False
4h,56,sl2_trail3,13256,0.015791629020918817,1.0949390462719106,0.3385636692818346,1.0319214788351467,209.33383430129982,-0.000662433919364212,0.5319148936170213,17.24441762220881,12915,0.03787505306870477,2.23561066847938,0.3132791327913279,1.073668115299347,489.1563103823221,0.0008959495282836355,0.54421768707483,15.17824235385211,0.13770718590240796,0.08289531793092252,-0.12348414042503394,0.003745814158095373,0.031099109137198832,-0.06657571910947037,0.14502925699737387,long,break_pdh_pdl,none,none,single,ohlcv,51298,-0.010012281158896299,0.004831023245964232,SMC/ICT,True,True
4h,15,sl2_trail3,6941,0.015408109617101567,0.806545770441126,0.34894107477308745,1.031797673624027,106.94768885230198,-0.000575444674869336,0.5106382978723404,17.845267252557267,6412,0.006218365524482425,0.30581170048912243,0.3211166562694947,1.0124064937751391,39.87215974298131,-0.0008653213781583129,0.47619047619047616,15.984248284466625,0.12581325016526346,0.0959525184460149,-0.13849606319337193,0.07859733723783326,-0.008235770973895553,-0.09206831946160113,0.11435625444300672,long,adx_di_x,none,none,single,ohlcv,51298,-0.010012281158896299,0.004831023245964232,Trend/momentum,True,True
4h,105,sl1.5_tp4_trail2.5,7824,0.01416417704713734,0.9588812888794637,0.3407464212678937,1.027302407977546,110.82052121680255,-0.0018078820484380012,0.5274725274725275,11.090874233128835,7488,0.0024367757568409527,0.16280839113250814,0.35523504273504275,1.004631736283979,18.246576867225055,-0.000821671871842954,0.4965986394557823,11.819577991452991,0.010277022448097708,-0.056587858220013505,0.20871002114021048,-0.06510199962580229,0.020710702836537496,0.0971031068880767,-0.09233074867330579,short,delta_surge,none,none,single,taker,80888,-0.0325619215417913,-0.020942429829001817,Taker flow (delta/CVD),True,True
4h,62,sl1.5_tp4_trail2.5,1447,0.013392410711802522,0.3947603030699643,0.34485141672425706,1.0264687330248772,19.37881829997825,-0.0016614899995444743,0.5172413793103449,11.550103662750518,1278,-0.09505093924903645,-2.86525569019672,0.3380281690140845,0.8200952766816535,-121.47510036026857,-0.0028557120421626877,0.3448275862068966,12.175273865414711,-0.16230946214781472,-0.12569986531460106,-0.10530519387644362,0.010161116333181341,0.15177235440145476,-0.04290533956847456,-0.14148829281072026,short,sma_x_50_200,none,none,single,ohlcv,80888,-0.0325619215417913,-0.020942429829001817,MA,False,False
4h,97,sl2_trail3,16394,0.011449383673490542,1.11980742132897,0.36806148590947907,1.0240343874060291,187.70119594320394,-0.0034168759631412996,0.5957446808510638,18.639441258997195,15845,0.04552018568338142,4.386834125284762,0.3886399495108867,1.1000425222014014,721.2673421531786,0.0011028745237863951,0.5986394557823129,20.392426633007258,-0.05827935904471491,-0.09024767313057143,0.15434999007911998,-0.0844085027117231,0.07322377149812334,0.165468016530008,-0.07329748344044407,short,vwap_week_x,none,none,single,ohlcv,50928,-0.05170150641610823,0.0013571119306817253,VWAP,True,True
4h,102,sl2_tp2,1018,0.009200349975329291,0.2950293647627714,0.5147347740667977,1.0187408894155112,9.36595627488522,-0.0010847141228191822,0.5119047619047619,8.856581532416502,1748,-0.03442745288511969,-1.4571310134380295,0.5028604118993135,0.9318622505841412,-60.17918764318922,-0.0029864071179715847,0.375886524822695,9.301487414187642,-0.3493054788935112,-0.025746325027296714,0.19671818488053577,0.06671952381010726,-0.06620479145690497,0.011950004155464322,-0.059727975426269425,short,vol_climax,none,none,single,ohlcv,74809,-0.022997236385073457,-0.01714751481035475,Volume,False,False
4h,58,sl3_tp1.5,5871,0.00675162228218498,0.7894918705018067,0.6516777380344064,1.0227355625001984,39.63877441870802,0.0008265005252154068,0.5869565217391305,9.441492079713848,4688,-0.03610380873260482,-3.659103288566621,0.6164675767918089,0.8905527384983685,-169.25465533845139,-0.003432785349416816,0.38095238095238093,8.771331058020477,0.05317570757617392,0.03274379602501751,-0.0576191028872403,0.00259747832811888,0.01174303912087137,-0.08572823159475944,0.004652224651464668,long,break_pwh_pwl,none,none,single,ohlcv,82432,-0.017149131757397438,-0.023039408448313696,SMC/ICT,False,False
4h,68,sl1.5_tp4_trail2.5,18405,0.006403404380291572,0.6663595550750869,0.3497419179570769,1.012271530418235,117.85465761926639,-0.0015910727557647312,0.6063829787234043,11.414180929095355,17625,0.061983442573210784,6.290290868684376,0.37753191489361704,1.124590497415653,1092.45817535284,0.0024258554529717692,0.6870748299319728,12.243744680851064,-0.09682527876633437,-0.02184193797415009,0.09150370750848448,-0.08338136379366164,0.055499417754687044,0.13267252785399272,-0.01609106952795138,short,psar_flip,none,none,single,ohlcv,80888,-0.0325619215417913,-0.020942429829001817,Trend/momentum,True,True
4h,54,sl2_trail3,14390,0.004149123047971143,0.32784065733360046,0.3480889506601807,1.0085934375174526,59.70588066030475,0.000561562522476322,0.425531914893617,18.478943710910354,14193,-0.02158585070152042,-1.5818732024542257,0.32206017050658775,0.9562269735866129,-306.3679790066793,-0.002679382990849549,0.41496598639455784,17.132600577749596,0.09757749100535318,0.06932085824684409,-0.1246439462935806,0.025674707619605053,0.007164040595170509,-0.10428647770799294,0.06533346435889499,long,smc_sweep_swing,none,none,single,ohlcv,51298,-0.010012281158896299,0.004831023245964232,SMC/ICT,False,False
4h,45,sl2_trail3,11181,0.0032343369539637587,0.20337556082838984,0.32796708702262767,1.0064341401342713,36.163121482268785,-0.0011740898828672495,0.48936170212765956,16.42142921026742,10496,0.06912107023936359,3.521524392636851,0.32517149390243905,1.1348596714857413,725.4947532323603,0.002459448729663567,0.5918367346938775,14.655392530487806,0.10909718476458263,0.0777175534675394,-0.13157400689568916,-0.01323997262701519,0.02068803349276436,-0.05439247210844642,0.19457970774225725,long,obv_break_20,none,none,single,ohlcv,51298,-0.010012281158896299,0.004831023245964232,Volume,True,True
4h,113,sl1.5_tp4_trail2.5,17423,0.0029802621794142075,0.30354823496582745,0.34965275784882055,1.0057220852466944,51.92510795193374,-0.000534665260004251,0.5106382978723404,11.505251678815359,16163,0.03934640743755,3.82120027768137,0.3704757780115078,1.0767834060452177,635.9559834131207,0.0018735914167422674,0.6190476190476191,12.04559797067376,-0.029284579210998717,0.012058651776493907,0.1088382626639702,-0.08924453810775149,0.016793119171698734,0.13584258574353858,-0.05889679869393093,short,smc_sweep_swing,none,none,single,ohlcv,80888,-0.0325619215417913,-0.020942429829001817,SMC/ICT,True,True
4h,40,sl2_trail3,22794,0.002677722872769633,0.268512578925448,0.3493024480126349,1.0055862526993935,61.03601516191102,0.0006037404500439111,0.4148936170212766,18.809642888479424,22544,0.02012335917873803,1.7935330260187439,0.3391589779985806,1.042167117707067,453.6610093254702,0.0012198268400508952,0.5102040816326531,17.65112668559262,0.14498967621937148,0.11421267753034219,-0.09667526659980542,0.040835553816891634,-0.04890771662588966,-0.04922585711133075,0.0915076681423654,long,vwap_reclaim,none,none,single,ohlcv,51298,-0.010012281158896299,0.004831023245964232,VWAP,True,True
4h,36,sl2_trail3,22104,0.002178040534731197,0.21545131625586378,0.3488508867173362,1.0045564061147847,48.143407979698374,0.00013593842953979013,0.44680851063829785,18.871652189648934,21887,0.021267296350412683,1.851867094631463,0.3386028235939142,1.0444491765388673,465.4773152214824,0.0012070039959618582,0.4965986394557823,17.599579659158405,0.14493112370772282,0.10213816574563953,-0.09641479821635723,0.037012475585034246,-0.04390320347391216,-0.052184767564535016,0.09725242549239567,long,vwap_1sd_break,none,none,single,ohlcv,51298,-0.010012281158896299,0.004831023245964232,VWAP,True,True
4h,95,sl1.5_tp4_trail2.5,31800,0.002163962905397349,0.29846923784350105,0.34830188679245283,1.0041679246980078,68.8140203916357,-0.001524762608979755,0.574468085106383,11.532830188679245,29648,-0.011597249349954153,-1.5540940361799493,0.3479830005396654,0.9781177482799672,-343.8352487274407,-0.0011951860631145821,0.48299319727891155,12.132251753912573,-0.07336231027422434,-0.07357682228848385,0.13521875103248707,-0.058753212907167285,0.03074508451991775,0.044093746946839416,-0.07150708328541822,short,vwap_1sd_break,none,none,single,ohlcv,80888,-0.0325619215417913,-0.020942429829001817,VWAP,False,True
4h,12,sl2_trail3,5108,0.0021252020282633835,0.08353177933321575,0.31186374314800314,1.0039730877801814,10.855531960369362,-0.0009205952345254004,0.45555555555555555,13.90113547376664,4291,0.05827668378307414,1.892851774527537,0.3206711722209275,1.1065422701372314,250.06525011317115,0.001805843751554093,0.5238095238095238,11.69610813330226,0.05249181921556402,0.019513621236560457,-0.2321020021742597,0.12133932356649152,-0.009620313683667604,-0.12692818500813238,0.22518262225064795,long,donchian_55,none,none,single,ohlcv,51298,-0.010012281158896299,0.004831023245964232,Trend/momentum,True,True
4h,101,sl3_tp1.5,1593,0.0006210764825389494,0.03716051169914346,0.6484620213433773,1.0020282992430403,0.9893748366845463,-0.0008428743224214442,0.5057471264367817,8.657250470809792,2395,-0.034791752698041335,-2.507336841181777,0.6338204592901879,0.893513104282656,-83.326247711809,-0.002682061581807146,0.3741496598639456,8.740709812108559,-0.11556128070603708,-0.06538366405345519,0.10767585730249869,0.044889980186066394,-0.03646367746897589,0.01679257215328737,-0.06960215373407784,short,vol_spike_reversal,none,none,single,ohlcv,83911,-0.011885099206137423,-0.013265070717109077,Volume,False,False
4h,92,sl2_trail3,8522,0.0001674565200190858,0.011317359424309175,0.3527340999765313,1.000338227737656,1.4270644636026493,-0.0006576209893598896,0.5714285714285714,17.798404130485803,7330,0.03693493614829424,2.225598500312044,0.3710777626193724,1.0762554951233236,270.7330819669968,0.0015428273406159997,0.5578231292517006,18.50218281036835,-0.09973013309852427,-0.06095258712648173,0.21936954539551337,-0.08822345656437452,0.01352773588128428,0.13056389592113848,-0.05694984045453045,short,engulfing,none,none,single,ohlcv,50928,-0.05170150641610823,0.0013571119306817253,Candle,True,True
4h,35,sl2_trail3,22783,-0.0032586868718321323,-0.3306805583166755,0.3480226484659615,0.9932266977692162,-74.24266300095147,0.00010268831101098735,0.425531914893617,18.77540271254883,22403,0.023567820399084154,2.092939597503038,0.34071329732625094,1.0496002406072724,527.9898804006823,0.001488836864638288,0.5578231292517006,17.738963531669867,0.1272232701488908,0.09703648711148728,-0.0912572823063554,0.03851893002404422,-0.05587159639935785,-0.044852218081416234,0.09409032380388564,long,vwap_x,none,none,single,ohlcv,51298,-0.010012281158896299,0.004831023245964232,VWAP,False,True
4h,43,sl2_tp2,733,-0.005149967217533986,-0.14535353225578704,0.514324693042292,0.9890700436216044,-3.7749259704524114,0.006918172496247367,0.4880952380952381,18.128240109140517,612,0.07416746935156461,1.9554137104807652,0.5310457516339869,1.1784066108854703,45.39049124315754,0.020013519291998644,0.5310344827586206,17.22875816993464,0.008582661537891466,0.22513843904378603,-0.14514321459495377,-0.06540798274866123,-0.0135887561034565,0.26426032718349457,-0.1355225903187086,long,vol_climax,none,none,single,ohlcv,74809,-0.028113193596642397,-0.036013673129505014,Volume,False,True
4h,49,sl2_trail3,12246,-0.0075466612261276735,-0.5181524701334923,0.32859709292830314,0.9848122553089677,-92.4164133751595,-0.00200926109691263,0.43478260869565216,18.138820839457782,13127,0.009698435778811647,0.6051985455372085,0.3248266930753409,1.0196218616761474,127.31136646846049,-0.002097850246235124,0.47619047619047616,17.052106345699702,0.08579209591089688,0.018826124365438686,-0.1209847702306836,0.04250919052439393,-0.013865867063334548,-0.0530932847351282,0.07444298560163311,long,delta_flip,none,none,single,taker,51298,-0.010012281158896299,0.004831023245964232,Taker flow (delta/CVD),False,True
4h,96,sl1.5_tp4_trail2.5,30340,-0.008153573160475451,-1.1050671749841794,0.346802900461437,0.9843490262311243,-247.37940968882518,-0.001004646580610561,0.46808510638297873,11.332630191166777,28034,-0.008032912332807446,-1.0440334793594186,0.349040450881073,0.9847695935132118,-225.19466433792394,-0.0010291759998613146,0.4965986394557823,11.718270671327673,-0.09386786040149314,-0.07840327094722088,0.16857041585248272,-0.08158360112699875,0.006390472618498473,0.03736448986773884,-0.055673800452468385,short,vwap_2sd_revert,none,none,single,ohlcv,80888,-0.0325619215417913,-0.020942429829001817,VWAP,False,True
4h,74,sl2_trail3,6676,-0.009186439059270269,-0.5854409534168729,0.35964649490713,0.9806724807195122,-61.328667159688315,-0.004807241277227878,0.5053763440860215,19.41072498502097,6359,0.0042737871561707415,0.2710950648808031,0.36986947633275674,1.0093974223556645,27.177012526089747,-0.0029351702336087525,0.46258503401360546,20.667872306966505,0.0032054098008453707,-0.18269598664857115,0.2299203191307122,-0.1993101416918329,0.07396847518588685,0.08291367608628761,-0.08223528484720419,short,adx_di_x,none,none,single,ohlcv,50928,-0.05170150641610823,0.0013571119306817253,Trend/momentum,False,True
4h,79,sl1.5_tp4_trail2.5,19438,-0.01068791899109534,-1.151229445317915,0.34484000411564975,0.9798231640230187,-207.75176934891124,-0.0009169249055108964,0.44680851063829785,11.238862022841856,18322,-0.010020527965404388,-1.030828714018329,0.34646872612160245,0.9815675177860417,-183.5961133821392,-0.0003329854529302657,0.4217687074829932,11.253847833205981,-0.0702079380016274,-0.033686222480004246,0.09372355664102765,-0.041349792049978344,-0.014011881324612275,0.05341924118895584,-0.07500230896530205,short,rsi2_extreme,none,none,single,ohlcv,80888,-0.0325619215417913,-0.020942429829001817,Oscillator,False,True
4h,94,sl3_tp1.5,31482,-0.010779336509978128,-2.943033931519514,0.623943840924973,0.9641051058723208,-339.3550720071314,-0.0019113007239063174,0.3617021276595745,11.011053935582238,29649,-0.013852588837027136,-3.669532746983229,0.6307463995412999,0.9538016424656672,-410.71540642901755,-0.0016258870470496497,0.35374149659863946,11.205065938142939,-0.04973143195942536,-0.05099226081350687,0.04478898297904367,-0.030859921861171157,0.001198330826227237,0.014102917437792496,-0.04275739713599685,short,vwap_x,none,none,single,ohlcv,83911,-0.011885099206137423,-0.013265070717109077,VWAP,False,False
4h,21,sl1.5_tp4_trail2.5,2199,-0.01103597522063024,-0.40265458522547554,0.36243747157799,0.9791814052007871,-24.268109510165896,0.0002567318936557381,0.4482758620689655,11.808549340609368,2334,-0.07710241105796223,-3.0087295194488965,0.3170522707797772,0.8567465223016599,-179.95702740928382,-0.0040782517258328745,0.3724137931034483,11.162810625535561,0.24984636366595234,-0.13848184136627167,-0.0565804623342453,0.04843590114473448,-0.018414116625401857,-0.027024815509553313,-0.13425518983064175,long,rsi_divergence,none,none,single,ohlcv,83824,-0.043206366173928534,-0.037016086622042865,Oscillator,False,False
4h,24,sl2_trail3,16600,-0.011439705408940844,-0.9918161407668759,0.3452409638554217,0.976392993787058,-189.89910978841803,-0.0010175695391390393,0.4574468085106383,19.174879518072288,16785,0.02012642079907287,1.4759061382235619,0.33619302949061663,1.0420237421704297,337.8219731124381,-0.0012050853967020567,0.5102040816326531,17.878522490318737,0.09024449136007835,0.04241273551602049,-0.16156774183627995,0.015457467507873824,0.009024357786971665,-0.04433708006354118,0.09105079055444891,long,cci_rev,none,none,single,ohlcv,51298,-0.010012281158896299,0.004831023245964232,Oscillator,False,False
4h,106,sl3_tp1.5,3200,-0.013811864163288121,-1.160982499315999,0.6384375,0.9563974246764347,-44.19796532252199,-0.0012209686350778013,0.5,9.0009375,3333,-0.04186745895988119,-3.523725579570584,0.6321632163216322,0.875043241696793,-139.544240713284,-0.0024123737542785504,0.4013605442176871,8.318631863186319,0.01953465455168297,0.026697301872203233,-0.021332216383772525,0.0032617702595516235,-0.0471210443861344,0.015364711399138758,-0.09547481434555241,short,delta_absorption,none,none,single,taker,83911,-0.011885099206137423,-0.013265070717109077,Taker flow (delta/CVD),False,False
4h,10,sl2_trail3,20382,-0.014004534494283093,-1.3139784854760883,0.3400549504464724,0.9715367381722562,-285.440422062478,-0.0012737971055148507,0.40425531914893614,18.74688450593661,20342,0.0031388337695516504,0.17635839519396132,0.3339396322878773,1.0063348102147212,63.85015654021967,-3.7434845534489946e-05,0.5374149659863946,17.626044636712223,0.14559860371871494,0.07268231672173593,-0.1577771586201002,0.01803167576434825,-0.03361776528048697,-0.07432994596015619,0.08368368256302809,long,ha_flip,none,none,single,ohlcv,51298,-0.010012281158896299,0.004831023245964232,Trend/momentum,False,False
4h,99,sl3_tp1.5,33698,-0.014573064623143228,-4.111053418874928,0.6211644607988605,0.9518532877811716,-491.08313167068053,-0.0023178352601775764,0.4148936170212766,11.052733099887234,32486,-0.013988302238678262,-3.886554753193353,0.6288247244967062,0.9532814778370682,-454.42398652570205,-0.0018270636791694285,0.35374149659863946,11.151696115249646,-0.06078363714981266,-0.05361351529230478,0.03404417960740181,-0.038839287712020346,0.004032674280714448,0.020587144943877506,-0.05034099203342148,short,vwap_reclaim,none,none,single,ohlcv,83911,-0.011885099206137423,-0.013265070717109077,VWAP,False,False
4h,114,sl1.5_tp4_trail2.5,22153,-0.01607791899208637,-1.8746252102798289,0.3445131584886923,0.9692536282726636,-356.1741394316894,-0.0016793563280388198,0.4574468085106383,11.559924163770145,20272,0.008734303078696586,0.9520787242615624,0.3512726913970008,1.016537901005639,177.0617920113372,-9.374642252769476e-05,0.564625850340136,11.782803867403315,-0.07085843269618522,-0.05226986051118869,0.09457287274137623,-0.09516403099501806,0.012858193193736276,0.1034766339397281,-0.09218519686862876,short,sweep_pdh_pdl,none,none,single,ohlcv,80888,-0.0325619215417913,-0.020942429829001817,SMC/ICT,False,True
4h,50,sl3_tp1.5,8641,-0.01677135814505275,-2.3679060653273916,0.6315241291517185,0.9457682629225342,-144.92130573140082,-0.0015546132271403354,0.35106382978723405,10.226709871542646,7030,-0.041710798459765254,-5.173126980903885,0.6145092460881935,0.8744969848445158,-293.22691317214975,-0.003820801807693167,0.3401360544217687,9.48421052631579,0.012383731551007405,0.02500304055882706,-0.09754863862706054,-0.01644052651098826,-0.011481588191011917,-0.09562656383537625,0.011111772011017802,long,smc_bos,none,none,single,ohlcv,82432,-0.017149131757397438,-0.023039408448313696,SMC/ICT,False,False
4h,69,sl1.5_tp4_trail2.5,26305,-0.019185022042516715,-2.4336066365848117,0.3437369321421783,0.9634710455532381,-504.6620048284022,-0.0018491618135529817,0.4574468085106383,11.700475194829881,24171,0.020373863211534584,2.4391104559140433,0.35939762525340285,1.039320800314961,492.45664768600244,0.00048347443721966565,0.5918367346938775,12.399238757188366,-0.0839161318070476,-0.036256784701441405,0.09398040546702467,-0.10354284769775225,0.006900055885074956,0.07835155689138336,-0.041260839313432676,short,ha_flip,none,none,single,ohlcv,80888,-0.0325619215417913,-0.020942429829001817,Trend/momentum,False,True
4h,37,sl2_trail3,20989,-0.021207631609813073,-2.0507346999470726,0.339272952498928,0.9572952396356812,-445.12697985836655,-0.0007967944278573451,0.35106382978723405,18.51884320358283,21042,0.022935048996172765,1.8665449621549874,0.34012926527896586,1.0483646899121815,482.59930097746735,0.0008589801173759534,0.5102040816326531,17.631879098944967,0.06504949771263685,0.06466321970918831,-0.10331962143995432,0.027138872516436117,-0.06766111064467187,-0.03424118704771008,0.08244025595834004,long,vwap_2sd_revert,none,none,single,ohlcv,51298,-0.010012281158896299,0.004831023245964232,VWAP,False,False
4h,80,sl3_tp1.5,3164,-0.02167691552335235,-1.7827517972292024,0.6368520859671302,0.9335966248107869,-68.58576071588683,-0.0012778681046491287,0.4772727272727273,8.8173198482933,2291,-0.009926999233986458,-0.692031867306011,0.6586643387167176,0.9690939930658944,-22.742755245062973,-0.0024341499343408135,0.46938775510204084,7.986905281536447,-0.050480031820917294,-0.09583693205900216,0.12146148881283812,-0.04740950853870878,-0.005497008588588649,0.08359751810209626,-0.09174181840933214,short,rsi_divergence,none,none,single,ohlcv,83911,-0.011885099206137423,-0.013265070717109077,Oscillator,False,False
4h,23,sl2_trail3,17756,-0.024955357070809193,-2.257080900771976,0.34157467898175264,0.9497443569412426,-443.107320149288,-0.0014565061347380772,0.32978723404255317,18.772640234287003,18675,0.0035876008336233776,0.30928169631653446,0.33606425702811243,1.0074153879190597,66.99844556791658,-0.0007749495859701594,0.46938775510204084,17.820669344042837,0.08594025872948427,0.059282295950857024,-0.15560515854998422,0.054361378431649426,-0.054105117916455926,-0.06165006025629585,0.07557829307263428,long,willr_rev,none,none,single,ohlcv,51298,-0.010012281158896299,0.004831023245964232,Oscillator,False,False
4h,34,sl2_trail3,8528,-0.025660094105050473,-1.5357645113460028,0.33653846153846156,0.9492877932478498,-218.82928252787045,-0.000802869606017058,0.4891304347826087,18.564610694183866,7853,-0.006642291261147422,-0.35895430693119984,0.3370686361899911,0.9861832447970968,-52.1619132737907,-0.0007743505479881669,0.5170068027210885,18.079714758690947,0.00903341955868444,0.1120312436729131,-0.17608518833074516,-0.028177106287386854,-0.01217130308737964,-0.08571659965833374,0.08871332838748203,long,pinbar,none,none,single,ohlcv,51298,-0.010012281158896299,0.004831023245964232,Candle,False,False
4h,31,sl2_trail3,13052,-0.026132842588135377,-1.9355769739622346,0.3308305240576157,0.9476893102287148,-341.0858614603429,-0.0035643260538065023,0.3829787234042553,18.10511798958014,12741,-0.014799438697834738,-1.0597384037681628,0.3229730790361824,0.9699315481012334,-188.5596484491124,-0.0029254225682925294,0.42857142857142855,16.800486618004864,0.054495544911978666,0.02829634923294115,-0.17724662153684048,-0.03381690219116409,0.016497609529018065,-0.06892238196979979,0.040033285628257836,long,nr7_breakout,none,none,single,ohlcv,51298,-0.010012281158896299,0.004831023245964232,Volatilitas,False,False
4h,33,sl2_trail3,8108,-0.026247869871999934,-1.4549485135845204,0.32498766650222005,0.9490983772348562,-212.81772892217546,-0.0022567720759076744,0.37362637362637363,17.963986186482487,8524,0.07202974989691509,3.623017061310342,0.3424448615673393,1.1471907851355587,613.9815881213042,0.0021931958217361815,0.5850340136054422,17.57965743782262,0.1486090692620777,0.18636083228106076,-0.17777960758797284,-0.0010182261973879852,-0.05966509231330328,0.007123769902631986,0.12990640937694825,long,engulfing,none,none,single,ohlcv,51298,-0.010012281158896299,0.004831023245964232,Candle,False,False
4h,107,sl3_tp1.5,12226,-0.02650279125308736,-4.291784195812846,0.6330770489121544,0.9192027645110233,-324.02312586024607,-0.0014090008176498088,0.3010752688172043,9.0967610011451,10862,-0.029492860762773295,-4.454371833485882,0.6445406002577794,0.9112547668400417,-320.35145360524353,-0.0015374537714225127,0.3197278911564626,8.270023936659916,-0.044729076162927664,-0.02348414496586027,0.021835166098821444,-0.018165874053044928,-0.04898061523641515,0.01330646978059552,-0.0691933222978556,short,cvd_divergence,none,none,single,taker,83911,-0.011885099206137423,-0.013265070717109077,Taker flow (delta/CVD),False,False
4h,26,sl2_trail3,6951,-0.026775834498635756,-1.5044363669594694,0.3413897280966767,0.9452120744548561,-186.11882560001715,-0.00349184579722385,0.4065934065934066,19.688246295497052,6648,-0.018000318803208813,-0.9883466977098562,0.33107701564380265,0.9623021083539187,-119.66611940373218,-0.0025105296536568444,0.4217687074829932,18.41395908543923,0.1878263035496624,-0.050808861469343714,-0.10814909648882017,0.029518141087288504,-0.04459921492591399,-0.022375017684324455,-0.012969132121046062,long,zscore_revert,none,none,single,ohlcv,51298,-0.010012281158896299,0.004831023245964232,Oscillator,False,False
4h,22,sl2_trail3,13011,-0.02738422037526888,-2.1194934085234234,0.3368688033202675,0.945823799173849,-356.2960913026234,-0.0010653856268608647,0.35106382978723405,18.79171470294366,15730,-0.005417759752819208,-0.4525333688814098,0.3411315956770502,0.9886466830105588,-85.22136091184615,-0.0006027466254880644,0.46938775510204084,18.0886840432295,0.03872263881345702,0.04876515824132904,-0.14688196642705828,0.06042643223900408,-0.04218385507055901,-0.05969237545810743,0.05772472054576875,long,stoch_rev,none,none,single,ohlcv,51298,-0.010012281158896299,0.004831023245964232,Oscillator,False,False
4h,83,sl1.5_tp4_trail2.5,19502,-0.029215731063987452,-3.173443958096693,0.34063173007896624,0.9455715921374809,-569.7651872098833,-0.0024740597106064355,0.3404255319148936,11.544149318018665,17936,0.021274961239665647,2.184886431314502,0.3629014272970562,1.0408361359887621,381.58770479464306,0.00047755892593527886,0.54421768707483,12.125669045495094,-0.08241769850386556,-0.040874681757456274,0.09197795517384469,-0.1064324782275508,-0.013228826433964122,0.10496418844182959,-0.06278837962902561,short,cci_rev,none,none,single,ohlcv,80888,-0.0325619215417913,-0.020942429829001817,Oscillator,False,True
4h,32,sl2_trail3,13364,-0.030617140252364613,-2.3174619806955747,0.33141275067345105,0.938560775463007,-409.1674623326007,-0.0034962131903255676,0.34408602150537637,18.049536067045796,12362,0.022431167581251802,1.4154951683691959,0.33683869923960524,1.046269383639872,277.2940936394348,0.0002816130111927067,0.5238095238095238,16.76371137356415,0.08571874086110624,-0.03070744149889176,-0.13990294703247783,-0.009836853299604134,-0.01313259762959091,-0.02348818723768698,0.06690274656354252,long,inside_bar_break,none,none,single,ohlcv,51298,-0.010012281158896299,0.004831023245964232,Volatilitas,False,False
4h,53,sl3_tp1.5,10065,-0.033366409095332616,-5.15920119039149,0.6045702930948833,0.8926694104609708,-335.83290754452275,-0.001429819943007517,0.2765957446808511,11.306010928961749,8856,-0.06683227963248428,-9.508620155965847,0.5768970189701897,0.801133932006118,-591.8666684252807,-0.0053623494837915725,0.2789115646258503,11.497177055103885,0.002684921638390073,-0.007683658512177619,-0.11913231295372304,-0.018237227698197776,-0.025288810508588028,-0.1061458219085188,-0.027554234911552254,long,smc_ob_retest,none,none,single,ohlcv,82432,-0.017149131757397438,-0.023039408448313696,SMC/ICT,False,False
4h,20,sl3_tp1.5,18394,-0.03404812522587665,-7.137746107489473,0.6041100358812657,0.8895738745919772,-626.281215404775,0.00015491256442619748,0.2978723404255319,11.742633467435033,17925,-0.046246378013418604,-9.648422590140807,0.5837099023709902,0.8521903253075517,-828.9663258905284,-0.0039019875885401003,0.2108843537414966,12.086304044630404,0.003121613290814791,0.028268655227677787,-0.09137235119666952,-0.028556955292617123,-0.04263693383399516,-0.07874548032236556,-0.010291143202756368,long,rsi2_extreme,none,none,single,ohlcv,82432,-0.017149131757397438,-0.023039408448313696,Oscillator,False,False
4h,86,sl3_tp1.5,11369,-0.03433497745623656,-5.389716632862759,0.6246811504969655,0.895675030986276,-390.3543586999534,-0.002658214456069812,0.32978723404255317,9.803412789163515,10689,-0.022295035105684334,-3.407456718746242,0.6415006081017869,0.9303392101454185,-238.31163024465985,-0.0018916909248085534,0.3401360544217687,9.32697165310132,-0.07083145623992389,-0.03844734577576732,0.029500223219119246,-0.044500838818500574,-0.04310981140702349,0.020197980893982035,-0.06020701964070265,short,bb_revert,none,none,single,ohlcv,83911,-0.011885099206137423,-0.013265070717109077,Volatilitas,False,False
4h,93,sl3_tp1.5,7959,-0.035088931065739674,-4.631278012375876,0.6233195125015706,0.8928310439540966,-279.2728023522221,-0.0029082891358092767,0.3655913978494624,10.256062319386858,7582,-0.0014668258687776418,-0.1918669227202046,0.6507517805328409,0.9951837969425152,-11.12147373707208,-0.00014088969080841058,0.47619047619047616,9.752703772091797,-0.08751955815471851,-0.06094559402215851,0.020645067115245986,-0.04378645488783291,-0.032315213610090425,0.0396156376041113,-0.04252762137569987,short,pinbar,none,none,single,ohlcv,83911,-0.011885099206137423,-0.013265070717109077,Candle,False,False
4h,81,sl3_tp1.5,14008,-0.03611215708411408,-6.327793014045694,0.6215733866362079,0.8897032265894709,-505.8590964342701,-0.002861524512884182,0.27956989247311825,10.193817818389492,12021,-0.012711896396928124,-2.0513656756914527,0.6505282422427419,0.9600738158849377,-152.809706587473,-0.0007828013094989114,0.42857142857142855,9.186257382913235,-0.1018331358507669,-0.06031071999136249,0.04141786986340647,-0.03576343697029901,-0.0415895012643203,0.01112103735529136,-0.039766297748692725,short,stoch_rev,none,none,single,ohlcv,83911,-0.011885099206137423,-0.013265070717109077,Oscillator,False,False
4h,27,sl2_trail3,12109,-0.037700202969593,-2.864355068126456,0.33949954579238584,0.9238439324674329,-456.51175775880165,-0.0020160482648636712,0.3333333333333333,18.889173342142207,10975,0.010523502186786915,0.7081282358745771,0.3477904328018223,1.02246375003811,115.4954364999864,-0.0014172555853383217,0.4965986394557823,18.194350797266516,0.03237070261373981,0.0498272150552828,-0.13973513291637105,0.020895634148304816,-0.062409362100149905,-0.05814226646425166,0.092068379528403,long,bb_revert,none,none,single,ohlcv,51298,-0.010012281158896299,0.004831023245964232,Volatilitas,False,False
4h,44,sl2_trail3,1743,-0.03972094856732593,-0.8970637799051808,0.3017785427423982,0.9287453738689678,-69.23361335284909,-0.002926378464763587,0.3333333333333333,13.293172690763052,1893,-0.047940718228012213,-1.162926766527868,0.2731114632857897,0.9180168991248876,-90.75177960562712,-0.005061714711860301,0.3698630136986301,11.225567881669308,0.0667615553577225,0.19281992446197072,-0.3587093925381261,0.035255431161217245,-0.11156608831436199,-0.2212561156768822,0.10261954806518186,long,vol_dryup_break,none,none,single,ohlcv,51298,-0.010012281158896299,0.004831023245964232,Volume,False,False
4h,3,sl3_tp1.5,1418,-0.03993557221120926,-2.275539516132454,0.6064880112834978,0.8758956919948703,-56.62864139549473,-0.0035401073054337163,0.43023255813953487,11.026093088857547,1379,-0.014530599281940464,-0.8426299857241845,0.6105873821609862,0.951447926321612,-20.0376964097959,-4.166620240690031e-05,0.4965986394557823,10.780275562001451,0.03171007821965212,-0.10925120714446078,-0.06860101525136765,-0.02301712144500283,-0.023515674387334495,-0.05247437154886893,0.015041063233188304,long,sma_x_50_200,none,none,single,ohlcv,82432,-0.017149131757397438,-0.023039408448313696,MA,False,False
4h,18,sl3_tp1.5,4860,-0.040888216285087875,-4.484311134707733,0.5886831275720165,0.865657465222087,-198.71673114552706,-0.001849916583110429,0.34408602150537637,12.322016460905349,4937,-0.0030658501056695037,-0.3480633796864787,0.6042130848693539,0.9890489312889812,-15.13610197169034,0.0017920414754670178,0.48299319727891155,12.663358314766052,0.015335506067934396,-0.007694461011431035,-0.05697315021068995,-0.054852820675779276,-0.04516992174634114,0.023917432967792317,-0.038654886681658604,long,rsi_30_70_rev,none,none,single,ohlcv,82432,-0.017149131757397438,-0.023039408448313696,Oscillator,False,False
4h,82,sl3_tp1.5,17922,-0.04251706556368484,-8.464915765417302,0.6127106349737752,0.8705537168630146,-761.9908490323597,-0.003992899401135429,0.2127659574468085,10.673139158576053,16286,-0.00464894277067162,-0.8887338770998781,0.6503131524008351,0.9848787186151736,-75.712681963158,-0.0006217479633844475,0.4489795918367347,9.953149944737811,-0.0768530538557828,-0.07271923305642568,0.013558209069159572,-0.03923442682275584,-0.04649070926384298,0.02337605538574001,-0.03356195858323701,short,willr_rev,none,none,single,ohlcv,83911,-0.011885099206137423,-0.013265070717109077,Oscillator,False,False
4h,116,sl3_tp1.5,6245,-0.04285800913756953,-5.005946859336735,0.6123298638911129,0.8709057403114373,-267.6482670641217,-0.004398633263812194,0.3225806451612903,10.124419535628503,5539,-0.0017750263884132856,-0.19874195916740264,0.6535475717638562,0.9941577983212658,-9.83187116542119,-0.00037708465793937293,0.5306122448979592,9.4276945296985,-0.06081834308113711,-0.07192994194658353,0.012331823898076882,-0.07043208159155398,-0.02998919421497084,0.059300388217063085,-0.05631708324559365,short,sweep_pwh_pwl,none,none,single,ohlcv,83911,-0.011885099206137423,-0.013265070717109077,SMC/ICT,False,False
4h,48,sl2_trail3,12560,-0.04860971632368115,-3.8133267712665533,0.3379777070063694,0.9045163190923131,-610.5380370254352,-0.0016078481990724743,0.391304347826087,18.26035031847134,13311,-0.02511150990581783,-1.873480432428151,0.33183081661783487,0.9491312898657368,-334.25930835634114,-0.0025936537210252027,0.41496598639455784,17.498685297873937,0.08277097497580825,0.04498293557374359,-0.14779409350236392,0.0007819340326717612,-0.08733516057033337,-0.11345441257380648,0.07812792327070263,long,cvd_divergence,none,none,single,taker,51298,-0.010012281158896299,0.004831023245964232,Taker flow (delta/CVD),False,False
4h,25,sl2_trail3,4919,-0.04887056605405636,-2.1942710771380645,0.3277088839194958,0.9011949879794556,-240.39431441990325,-0.004859179710467917,0.27956989247311825,18.777800365928034,5812,0.033383658842254554,1.637280574505333,0.34532002752924984,1.0728328423710851,194.02582519118346,0.0014572857391074625,0.5102040816326531,19.100825877494838,0.05366010694923408,0.14650548568819363,-0.24741062123298707,-0.015261262519016319,-0.050297786594739886,0.02094971951914626,0.04707627604333476,long,mfi_rev,none,none,single,ohlcv,51298,-0.010012281158896299,0.004831023245964232,Oscillator,False,False
4h,84,sl3_tp1.5,5159,-0.04901805849999628,-5.174142664606775,0.6127156425663889,0.8544183070760273,-252.8841638014808,-0.005440198719246549,0.34408602150537637,10.173289397169993,5284,-0.021139393764449267,-2.286439877362469,0.6381529144587433,0.9333216228478814,-111.70055665134993,-0.00272595132565352,0.43537414965986393,9.685844057532172,-0.023193603148364765,-0.09003955230847023,0.058540892837493516,-0.06195799860364845,-0.07871873241443993,0.01930280670930667,-0.05860334979937958,short,mfi_rev,none,none,single,ohlcv,83911,-0.011885099206137423,-0.013265070717109077,Oscillator,False,False
4h,85,sl3_tp1.5,7414,-0.05715027605533008,-7.21054901260016,0.6048017264634475,0.8329522443995718,-423.7121466742172,-0.005592461810384365,0.3333333333333333,10.390072835176692,6609,-0.016281089397221938,-1.9783868402425724,0.6418520199727644,0.9479776817333853,-107.60171982623979,-0.0022888098083429422,0.4897959183673469,10.253290966863368,-0.07875969024619876,-0.07144337931972798,0.002534189138728524,-0.0740847033791001,-0.055926356312734384,0.015353057864903678,-0.04233736135567805,short,zscore_revert,none,none,single,ohlcv,83911,-0.011885099206137423,-0.013265070717109077,Oscillator,False,False
4h,77,sl3_tp1.5,5636,-0.0693957620969897,-7.536325292936019,0.5988289567068843,0.8037845157490761,-391.11451517863395,-0.006574470284618236,0.2903225806451613,9.922285308729595,4871,-0.04263521797632315,-4.360950943062224,0.6292342434818312,0.8720869874736492,-207.67614676267007,-0.006278133200853243,0.3673469387755102,9.45308971463765,-0.08374078259286649,-0.047488771942423104,0.027113612945906296,-0.09226809131858424,-0.09772575364657961,-0.004397693237141695,-0.07262296173697791,short,rsi_30_70_rev,none,none,single,ohlcv,83911,-0.011885099206137423,-0.013265070717109077,Oscillator,False,False
1d,43,sl1_tp2,70,0.9672534823127316,5.923260748517944,0.6714285714285714,4.150235178284691,67.70774376189121,0.10465187885566148,0.8222222222222222,9.957142857142857,96,0.032379912531797034,0.23636937379944195,0.3229166666666667,1.055292349130676,3.1084716030525152,-0.008631994734618917,0.373134328358209,9.791666666666666,,,,,1.5069401639470361,-0.09207082841340739,0.19238800803277417,long,vol_climax,none,none,single,ohlcv,21454,-0.00036445135951596947,-0.04211656572392026,Volume,True,True
1d,42,sl1_tp2,168,0.7851489744365349,7.237846440534472,0.6190476190476191,3.1940948220661274,131.90502770533786,0.08157324901056599,0.8253968253968254,9.18452380952381,218,-0.1666127010336586,-1.9013703516902436,0.2706422018348624,0.75548767094884,-36.32156882533758,-0.03148736612278566,0.37168141592920356,8.711009174311927,,,0.6087780466724447,0.8282830627902082,1.1424930619315539,-0.26767642161793087,0.08767666043644563,long,vol_spike_reversal,none,none,single,ohlcv,21454,-0.00036445135951596947,-0.04211656572392026,Volume,False,False
1d,16,sl2_trail3,599,0.40976007815782,3.6943915755972254,0.3589315525876461,1.8305830060547243,245.44628681653418,0.0547392038037146,0.6385542168674698,13.520868113522537,465,0.3717761346057429,1.5787385660506186,0.33763440860215055,1.764518810010377,172.87590259167044,0.07200940563845087,0.4233576642335766,11.20215053763441,0.3411204212256019,0.770820687235443,0.036927050927199875,0.09601706662917477,0.47671466165996024,-0.3307379793280188,0.8114615415782721,long,ichi_tk_x,none,none,single,ohlcv,8486,0.18153802494570417,0.09807292050419286,Trend/momentum,True,True
1d,14,sl2_trail3,1196,0.31761842539822543,4.356521958626233,0.358695652173913,1.654168477464076,379.8716367762776,0.037598230487049036,0.5632183908045977,14.331939799331103,1155,0.15364732204333384,1.2795472113244164,0.2995670995670996,1.2931858837668169,177.4626569600506,0.016626412521631575,0.4142857142857143,12.425108225108225,0.6008118123190305,1.1921708390577144,-0.2760432703075264,0.4904510240524602,0.09479390977967116,-0.26681446174787704,0.5293058010043338,long,macd_zero_x,none,none,single,ohlcv,8486,0.18153802494570417,0.09807292050419286,Trend/momentum,True,True
1d,29,sl2_trail3,1492,0.30548286733775143,4.703485395499383,0.35187667560321717,1.5856259810800146,455.7804380679251,0.039283989443871216,0.5813953488372093,12.02278820375335,1290,0.22527982418987696,2.1963536979480214,0.3457364341085271,1.446367482181702,290.6109732049413,0.03129340862787528,0.4857142857142857,10.043410852713178,0.30935442042304234,0.9765999364815108,-0.3804905220696034,0.42557067006763455,0.11705663019224972,-0.17361839945318083,0.4912119732852488,long,keltner_breakout,none,none,single,ohlcv,8486,0.18153802494570417,0.09807292050419286,Volatilitas,True,True
1d,13,sl2_trail3,2348,0.29819610905356103,6.211567631002218,0.36115843270868825,1.686526542076425,700.1644640577613,0.036111536149092925,0.6818181818181818,17.084752981260646,2611,0.0590680133401091,1.036057426578827,0.3205668326311758,1.11809659947527,154.22658283102487,0.0016503577541994955,0.44285714285714284,15.214094216775182,0.5984201192083067,0.7222456596040582,-0.0386649875613126,0.31671580701756247,0.18465281705997155,-0.26407682960183215,0.5036494533111875,long,macd_x,none,none,single,ohlcv,8486,0.18153802494570417,0.09807292050419286,Trend/momentum,True,False
1d,8,sl2_trail3,871,0.2828355964643345,3.3764922855009836,0.3340987370838117,1.5413210255641403,246.34980452043536,0.02422575833714546,0.5116279069767442,13.088404133180253,840,0.2806885897346938,1.8668518205286215,0.3380952380952381,1.5603496726399515,235.7784153771428,0.038929949620661215,0.45,11.295238095238096,0.30685700605206756,0.8442615875166773,-0.370155900947663,0.7694207145425879,0.0970038034244813,-0.03340408075089894,0.5162580925988884,long,supertrend_flip,none,none,single,ohlcv,8486,0.18153802494570417,0.09807292050419286,Trend/momentum,True,True
1d,1,sl2_trail3,692,0.2741286738440871,3.076867497987791,0.3265895953757225,1.5372536212164065,189.69704230010828,0.035785395873250386,0.5348837209302325,12.77456647398844,688,0.11007939174658445,0.6637353327029135,0.29069767441860467,1.1941915472934872,75.7346215216501,0.016017156274240482,0.39285714285714285,11.23546511627907,0.6446628693572132,1.2490347438369769,-0.392732475820625,0.4213801634978578,0.07862825413116326,-0.44111331206899285,0.5893773950644777,long,ema_x_20_50,none,none,single,ohlcv,8486,0.18153802494570417,0.09807292050419286,MA,True,True
1d,47,sl2_trail3,253,0.268571409314333,2.3241766380352606,0.39920948616600793,1.7773925701333657,67.94856655652625,0.04716779414172438,0.5147058823529411,20.656126482213438,230,0.5380912789352156,1.3881880084877258,0.3869565217391304,2.273431062625285,123.7609941550996,0.1495371864004851,0.4528301886792453,16.304347826086957,,0.5155170187404958,0.24867954513717502,0.06580198477020825,0.14822395422703555,-0.07996228612618958,1.2610973361768596,long,delta_absorption,none,none,single,taker,8486,0.18153802494570417,0.09807292050419286,Taker flow (delta/CVD),True,True
1d,0,sl2_trail3,1500,0.26748508410989874,4.32010813710622,0.3453333333333333,1.5437043151741652,401.2276261648481,0.030543522635623765,0.5747126436781609,15.028,1415,0.17805888900258018,1.798305059730312,0.334982332155477,1.3584873153490014,251.95332793865094,0.021439401537610373,0.4928571428571429,13.017667844522968,0.5934084197777161,0.9592835010208802,-0.30841276649234356,0.43378325963471553,0.08332321920997941,-0.20562073691429308,0.5370696470424452,long,ema_x_9_21,none,none,single,ohlcv,8486,0.18153802494570417,0.09807292050419286,MA,True,True
1d,19,sl2_trail3,2298,0.26367182604505396,5.448794177003572,0.35291557876414276,1.571999338273717,605.917856251534,0.031403603889858,0.6704545454545454,16.500870322019146,2281,0.1410750464868781,2.0663133950410963,0.3292415607189829,1.2883147398662702,321.79218103656893,0.016523504503635197,0.5214285714285715,13.744410346339325,0.5632706275672513,0.6975158088595185,-0.21983175682164535,0.45807881716768606,0.1013191802841609,-0.25454694613064155,0.5695752138333423,long,rsi_50_x,none,none,single,ohlcv,8486,0.18153802494570417,0.09807292050419286,Oscillator,True,True
1d,45,sl2_trail3,2087,0.25965253821563694,5.038988397256228,0.3540967896502156,1.5386775287425483,541.8948472560343,0.03286871804853404,0.6781609195402298,14.346430282702444,1966,0.10370991955034367,1.4914127073288677,0.3143438453713123,1.2030224935796698,203.89370183597566,0.010111763401887401,0.4357142857142857,12.388606307222787,0.4202182305509681,0.7251836157752198,-0.22935859012183252,0.3884899397898816,0.10642211992468735,-0.22798734840759588,0.40025622462256705,long,obv_break_20,none,none,single,ohlcv,8486,0.18153802494570417,0.09807292050419286,Volume,True,True
1d,28,sl2_trail3,1661,0.25660594595883063,4.231459657044571,0.3347381095725467,1.4858625254248818,426.2224762376177,0.031199099475093788,0.5116279069767442,12.245635159542445,1461,0.205430470684844,2.0891505820912064,0.33127994524298426,1.406206126199234,300.1339176705571,0.026012088188638427,0.4928571428571429,10.734428473648187,0.44341699968248366,0.8930450370107405,-0.3728480968727498,0.34891744878484293,0.07766816490737614,-0.18252543338998906,0.46156953917061444,long,bb_breakout,none,none,single,ohlcv,8486,0.18153802494570417,0.09807292050419286,Volatilitas,True,True
1d,51,sl2_trail3,1690,0.25447490589408844,4.480626569511695,0.3479289940828402,1.5373059325317244,430.0625909610095,0.025898409864871238,0.6896551724137931,15.672189349112426,1751,0.09067623407714384,1.2013506431831482,0.3198172472872644,1.1759223765707814,158.77408586907887,0.0035393841834984122,0.45714285714285713,13.176470588235293,0.3601204824808153,0.662607027570562,-0.17552698715048173,0.4764646020134631,0.1084330569625538,-0.24183927599329488,0.47964109344082934,long,smc_choch,none,none,single,ohlcv,8486,0.18153802494570417,0.09807292050419286,SMC/ICT,True,False
1d,12,sl2_trail3,951,0.2537003665883284,3.1573787970290303,0.3322818086225026,1.460590317053273,241.2690486255003,0.03615136926126441,0.5232558139534884,10.243953732912724,607,0.2973272601104009,1.5274172114002875,0.3130148270181219,1.5373826375910653,180.47764688701335,0.046934049559326105,0.4057971014492754,8.14332784184514,0.19861415962428025,0.8822045354963169,-0.5299939820121145,0.2619588522581272,0.039629623707470606,-0.2802207771240709,0.6095550061280214,long,donchian_55,none,none,single,ohlcv,8486,0.18153802494570417,0.09807292050419286,Trend/momentum,True,True
1d,17,sl2_trail3,1201,0.2498713672538664,3.700655193508107,0.32722731057452126,1.515212794746109,300.09551207189355,0.028716128854368004,0.5930232558139535,14.454621149042465,1116,0.17364012396594547,1.48980456981436,0.300179211469534,1.3311959502630837,193.78237834599514,0.021675088270967726,0.4928571428571429,11.737455197132617,0.6340224132291964,0.8328770563869856,-0.40912630412919093,0.28271223485520175,0.14387035506698168,-0.35665123823700595,0.7515981254680387,long,ichi_kumo_break,none,none,single,ohlcv,8486,0.18153802494570417,0.09807292050419286,Trend/momentum,True,True
1d,6,sl2_trail3,1021,0.24445193774284452,3.5441274873142423,0.33496571988246815,1.4930483240217707,249.58542843544424,0.031085792799316135,0.5930232558139535,13.473065621939275,828,0.18147558928868804,1.2656191452786851,0.3007246376811594,1.3319706941905447,150.2617879310337,0.020538965512933233,0.4676258992805755,11.595410628019323,0.4319707025063038,0.5161989132546686,-0.4361454851992024,0.13617433899136383,0.2742748599795968,-0.4684214846080283,0.8067320158338701,long,ma_ribbon_align,none,none,single,ohlcv,8486,0.18153802494570417,0.09807292050419286,MA,True,True
1d,11,sl2_trail3,1576,0.24291121742171917,3.9591078903275165,0.3299492385786802,1.459048744885287,382.82807865662943,0.030042045282265357,0.5348837209302325,11.91751269035533,1247,0.19765521540549,1.842330337454197,0.3279871692060946,1.3804997189572565,246.47605361064603,0.02428500518020322,0.4928571428571429,10.436246992782678,0.33397579620489537,0.9657707170837186,-0.37850694502698723,0.29210820224930595,0.06681574045586718,-0.08693222221130965,0.3856117654160528,long,donchian_20,none,none,single,ohlcv,8486,0.18153802494570417,0.09807292050419286,Trend/momentum,True,True
1d,58,sl2_trail3,2236,0.24282651530921967,4.8984574523893425,0.3443649373881932,1.491935821651596,542.9600882314152,0.026389123918800095,0.5955056179775281,14.73747763864043,2018,0.12518585123728002,1.7046104573657777,0.3191278493557978,1.2458229051791627,252.6250477968311,0.015339423473964471,0.45,12.079286422200198,0.41886855326255756,0.7463099798553676,-0.233472476319467,0.363631264700083,0.08828563685046058,-0.24077716571132138,0.4592355055704584,long,break_pwh_pwl,none,none,single,ohlcv,8486,0.18153802494570417,0.09807292050419286,SMC/ICT,True,True
1d,9,sl2_trail3,2568,0.2259241698512919,5.0988404107332785,0.35085669781931467,1.4919948414071749,580.1732681781176,0.02563409216379363,0.6923076923076923,16.192757009345794,2540,0.141193384457303,2.3668218486655275,0.33858267716535434,1.2975758786842906,358.6311965215496,0.01893639994678155,0.4857142857142857,14.64251968503937,0.49409141929590794,0.670526150717279,-0.23660580975872184,0.3930146771290919,0.09907480949866437,-0.17444327489133454,0.48216369869223574,long,psar_flip,none,none,single,ohlcv,8486,0.18153802494570417,0.09807292050419286,Trend/momentum,True,True
1d,5,sl2_trail3,739,0.21458526430185162,2.6434863505520934,0.3274695534506089,1.4421949223505726,158.57851031906836,0.014425724330381817,0.5128205128205128,15.508795669824087,646,0.12417857524626773,0.7506681486423739,0.29876160990712075,1.2309505842358806,80.21935960908895,0.0048249571432043515,0.42748091603053434,11.120743034055728,0.8776721089657284,0.38428817707246943,-0.4174926751882491,0.10556737342856402,0.28768891168145994,-0.3575989411827377,0.6367405975173821,long,price_x_ema200,none,none,single,ohlcv,8486,0.18153802494570417,0.09807292050419286,MA,True,True
1d,26,sl2_trail3,897,0.21128913999464216,3.274080242256154,0.3656633221850613,1.5351219341884401,189.52635857519402,0.015544611364133027,0.6235294117647059,21.375696767001116,869,-0.06610142317169583,-1.395426249069038,0.285385500575374,0.8554604743894462,-57.44213673620368,-0.023734374742336983,0.34558823529411764,18.689298043728424,0.569937964057026,-0.055290396334072116,-0.05675930364409677,0.613072755323501,0.13977522974042783,-0.17230829371400277,0.06253590603476246,long,zscore_revert,none,none,single,ohlcv,8486,0.18153802494570417,0.09807292050419286,Oscillator,False,False
1d,50,sl2_trail3,1281,0.21088994401175473,3.156687578285729,0.32708821233411395,1.3996264134173237,270.1500182790578,0.0276853176001775,0.4772727272727273,12.547228727556597,930,0.13596723464256225,1.111707026613847,0.3053763440860215,1.2588089221900567,126.4495282175829,0.02496152662058347,0.4357142857142857,11.044086021505377,0.3283044199280738,0.8275574374148197,-0.336782753037028,0.15907674163844446,0.05477728186699334,-0.19609504839139144,0.3811347146395934,long,smc_bos,none,none,single,ohlcv,8486,0.18153802494570417,0.09807292050419286,SMC/ICT,True,True
1d,39,sl2_trail3,2976,0.20911507922277864,5.235681977031811,0.3528225806451613,1.4478265265668893,622.3264757669892,0.025074462402140705,0.6853932584269663,17.118615591397848,3230,0.06943174853938475,1.417013352218732,0.3219814241486068,1.145260149803154,224.26454778221273,0.0008878683105097637,0.45714285714285713,15.007120743034056,0.35913372605175314,0.6286258650148301,-0.2624441087762099,0.31125627194793565,0.14206394900132718,-0.26444608845631223,0.4431821356224944,long,vwap_month_x,none,none,single,ohlcv,8486,0.18153802494570417,0.09807292050419286,VWAP,True,False
1d,38,sl2_trail3,3676,0.20744631145592868,6.146782043418627,0.36996735582154516,1.4832226809265738,762.5726409119939,0.029871837394045926,0.7032967032967034,18.802502720348205,3749,0.09119344179414855,2.0824875899518034,0.32435316084289145,1.1998697285841766,341.88421328626293,0.008243918547628622,0.4785714285714286,16.62469991997866,0.4207258205715336,0.5017256453801991,-0.017902981245554506,0.22013836508760812,0.13417857071583075,-0.17211605051828077,0.3787473907090058,long,vwap_week_x,none,none,single,ohlcv,8486,0.18153802494570417,0.09807292050419286,VWAP,True,False
1d,30,sl2_trail3,418,0.20614114066709038,1.5781370553598708,0.2942583732057416,1.3733788512525837,86.16699679884378,0.03158868349722414,0.4177215189873418,12.14354066985646,361,0.5168820534377006,1.606252624970786,0.33518005540166207,2.0364252928955513,186.5944212910099,0.08258312173138478,0.4580152671755725,11.512465373961218,1.1674204152830616,1.301063376522252,-0.19225433523256433,-0.20885578336813918,-0.15116010270137006,-0.12548813213192395,0.8020944158306138,long,squeeze_fire,none,none,single,ohlcv,8486,0.18153802494570417,0.09807292050419286,Volatilitas,True,True
1d,4,sl2_trail3,1748,0.20580444506507173,3.886158633369114,0.33810068649885583,1.4285106440697461,359.7461699737454,0.02024130916470552,0.6395348837209303,15.732837528604119,1694,0.17085545326814697,2.050726790399506,0.3305785123966942,1.3459777670284883,289.42913783624095,0.02349368488472808,0.5428571428571428,13.164108618654073,0.5281343596294406,0.6783067133960029,-0.3610998801064408,0.3908910859971992,0.09303368642732426,-0.2560401570552944,0.5987602730722584,long,price_x_ema50,none,none,single,ohlcv,8486,0.18153802494570417,0.09807292050419286,MA,True,True
1d,52,sl2_trail3,2023,0.19356734241062354,4.161467309604455,0.34849233811171526,1.4104957867199002,391.5867336966914,0.02308255264030151,0.6292134831460674,15.871478002965892,1766,0.020978927680090638,0.33680356244395054,0.30690826727066817,1.041019761636017,37.048786283040066,0.004694373260504081,0.38571428571428573,14.811438278595697,0.5873606267218823,0.49812063608272583,-0.20823417068538358,0.3294445906945851,0.0464626305619204,-0.26541463663319637,0.33741138789274505,long,smc_fvg_retest,none,none,single,ohlcv,8486,0.18153802494570417,0.09807292050419286,SMC/ICT,True,False
1d,44,sl2_trail3,258,0.19149963806242631,1.3589197049143797,0.32558139534883723,1.3561031911164891,49.406906620105985,0.037636240093792545,0.38666666666666666,11.267441860465116,320,0.23727259768538742,1.6191784272634515,0.34375,1.4568325183286541,75.92723125932397,0.028846360370829237,0.49166666666666664,8.921875,-0.10216385533478528,1.4189543742619586,-0.2533228986805943,-0.12582122216440392,0.01247306688030728,-0.13510581786948608,0.3741296222055547,long,vol_dryup_break,none,none,single,ohlcv,8486,0.18153802494570417,0.09807292050419286,Volume,True,True
1d,56,sl2_trail3,3550,0.19093713421136027,5.470281849558916,0.34450704225352113,1.425788063611688,677.826826450329,0.025560722205881105,0.6813186813186813,18.218591549295773,3620,0.0656591588640259,1.4539318080042596,0.31408839779005526,1.1386003447587627,237.68615508777376,0.005576866843385998,0.45,15.736187845303867,0.3284935648953731,0.5728786263890626,-0.07996944795277677,0.26308419288717766,0.08447342666627104,-0.22680074630368546,0.4075340989372463,long,break_pdh_pdl,none,none,single,ohlcv,8486,0.18153802494570417,0.09807292050419286,SMC/ICT,True,False
1d,49,sl2_trail3,1457,0.18874954049444165,3.342687432870031,0.3404255319148936,1.426516853780927,275.0080805004015,0.01805234793072233,0.6,18.119423472889498,1772,-0.059646114742732174,-1.3793556096531774,0.29853273137697517,0.880837534358291,-105.69291532412142,-0.015510456159088935,0.38405797101449274,15.70880361173815,0.5741116431256108,0.42164091598436454,-0.1307931128875071,0.32907628565425695,0.09479565070866736,-0.29638247221947506,0.2145759022613878,long,delta_flip,none,none,single,taker,8486,0.18153802494570417,0.09807292050419286,Taker flow (delta/CVD),False,False
1d,24,sl2_trail3,2562,0.18348453825418723,4.7658757425032805,0.3524590163934426,1.4399911316162957,470.0873870072277,0.019533504426228785,0.6551724137931034,19.615534738485557,2753,0.08152780831189783,1.5592413718464888,0.3189248092989466,1.1804483912757728,224.44605628265475,0.0026185215281050314,0.5214285714285715,17.147475481293135,0.5440430481063471,0.37119758995210755,-0.046613815415389746,0.3496828812506984,0.08411860430152741,-0.1761681457181803,0.4301882315850719,long,cci_rev,none,none,single,ohlcv,8486,0.18153802494570417,0.09807292050419286,Oscillator,True,False
1d,57,sl2_trail3,2575,0.17928021143652506,4.851801446115112,0.36699029126213595,1.4222477606797006,461.64654444905204,0.02420548270132471,0.735632183908046,18.61747572815534,2716,0.10160685372293371,1.7646588404699526,0.3078055964653903,1.2161644066786448,275.96421471148795,0.008149576214122427,0.4857142857142857,16.531296023564064,0.66087991193378,0.44530922183151256,-0.07378607394593154,0.19570114542707454,0.09723606266431681,-0.22670594245330408,0.5226197335254033,long,sweep_pwh_pwl,none,none,single,ohlcv,8486,0.18153802494570417,0.09807292050419286,SMC/ICT,True,False
1d,40,sl2_trail3,4037,0.17685340758922902,5.615569405233629,0.3542234332425068,1.4016875295468778,713.9572064377176,0.026363223544991175,0.717391304347826,18.99083477830072,4110,0.0733371131154992,1.836580872487284,0.3214111922141119,1.1610940354782584,301.4155349047017,0.008930306007662071,0.4714285714285714,16.937469586374696,0.4169847904187601,0.4516028789351147,-0.08353360664293956,0.20599696610377907,0.11830986087152158,-0.1734482388115117,0.34750080917000586,long,vwap_reclaim,none,none,single,ohlcv,8486,0.18153802494570417,0.09807292050419286,VWAP,True,False
1d,10,sl2_trail3,3307,0.175449888845631,4.999504927771721,0.34351375869368006,1.3958171339383862,580.2127824125017,0.022243169215182008,0.7,18.796189900211672,3458,0.07527648052512194,1.613962910001177,0.31463273568536726,1.1619787665091368,260.3060696558717,0.007178485286341556,0.4642857142857143,16.31260844418739,0.4375672040379883,0.4880565466766929,-0.08674894334999829,0.2849611506152165,0.05680234370636613,-0.22501289175093578,0.4338707689918355,long,ha_flip,none,none,single,ohlcv,8486,0.18153802494570417,0.09807292050419286,Trend/momentum,True,False
1d,32,sl2_trail3,2261,0.17364520110309567,3.988440996094692,0.3396727111897391,1.3655861948795804,392.6117996940993,0.020528896282728644,0.5842696629213483,16.712958867757628,2194,-0.010228118429082578,-0.16055302620819256,0.28395624430264355,0.9804026375938705,-22.440491833407176,-0.006306073953120197,0.35,14.701458523245215,0.4621710863744395,0.5713732890315314,-0.20888092097950792,0.35261252785272235,-0.019963281716611176,-0.26821508142066164,0.33329756130359395,long,inside_bar_break,none,none,single,ohlcv,8486,0.18153802494570417,0.09807292050419286,Volatilitas,False,False
1d,48,sl2_trail3,2016,0.1729922701438507,3.8449583082027696,0.37003968253968256,1.4021826718847938,348.752416610003,0.024741584730130738,0.5977011494252874,19.461805555555557,2205,0.08033832213202019,1.2648884905584385,0.3292517006802721,1.1784245607159787,177.14600030110452,0.007216293845209003,0.5428571428571428,18.23174603174603,0.5474662339502683,0.48236783983538256,0.036514862271540875,0.1763254865355467,0.10878136941558667,-0.08638160553255966,0.28271221023089277,long,cvd_divergence,none,none,single,taker,8486,0.18153802494570417,0.09807292050419286,Taker flow (delta/CVD),True,False
1d,36,sl2_trail3,3942,0.17188631852805317,5.3838919836341255,0.35641806189751396,1.38876067723228,677.5758676375856,0.024995503856665723,0.7065217391304348,18.865296803652967,4001,0.06782643802051766,1.6600567684544159,0.32191952011997,1.146986059785496,271.37357852009114,0.007545892071023954,0.4714285714285714,16.959260184953763,0.4184328303823152,0.4528653808813312,-0.09747503306206472,0.19445828180917527,0.11722620337829474,-0.18953078533542056,0.3538392677765102,long,vwap_1sd_break,none,none,single,ohlcv,8486,0.18153802494570417,0.09807292050419286,VWAP,True,False
1d,35,sl2_trail3,3942,0.17188631852805317,5.3838919836341255,0.35641806189751396,1.38876067723228,677.5758676375856,0.024995503856665723,0.7065217391304348,18.865296803652967,4001,0.06789769085893482,1.6617964582659819,0.32191952011997,1.147140471166561,271.65866112659825,0.007555100661214231,0.4714285714285714,16.960009997500624,0.4184328303823152,0.4528653808813312,-0.09747503306206472,0.19445828180917527,0.11722620337829474,-0.18953078533542056,0.35398970714669864,long,vwap_x,none,none,single,ohlcv,8486,0.18153802494570417,0.09807292050419286,VWAP,True,False
1d,37,sl2_trail3,3942,0.17174207859211035,5.379707924845447,0.35641806189751396,1.3884298405462656,677.007273810099,0.02498513510242052,0.7065217391304348,18.865043125317097,4001,0.0678360323363704,1.6602769856002635,0.32191952011997,1.1469872111643324,271.4119653778179,0.007546323690977656,0.4714285714285714,16.960509872531865,0.4184328303823152,0.4528653808813312,-0.09747503306206472,0.19380753096435102,0.11721212870789656,-0.18964792481727255,0.35398970714669864,long,vwap_2sd_revert,none,none,single,ohlcv,8486,0.18153802494570417,0.09807292050419286,VWAP,True,False
1d,31,sl2_trail3,2234,0.17053374965014742,3.857339464263545,0.3352730528200537,1.3758357807900032,380.9723967184293,0.0225732472871385,0.5955056179775281,17.158907788719784,2104,0.019167971252784417,0.3078382194972856,0.2970532319391635,1.0391767087040156,40.32941151585841,-0.0011250093971463357,0.36428571428571427,15.750475285171103,0.1591697688406645,0.6625403414907358,-0.12673718391163247,0.3189512060180185,-0.009304613921861247,-0.24642262761110878,0.35250836918378003,long,nr7_breakout,none,none,single,ohlcv,8486,0.18153802494570417,0.09807292050419286,Volatilitas,True,False
1d,23,sl2_trail3,2725,0.16557463986022408,4.745189836590702,0.371743119266055,1.3971574156884956,451.1908936191106,0.02073409459972581,0.6629213483146067,20.02275229357798,3083,0.09274914137051232,1.8369292400766348,0.31852092118066816,1.2000594953039436,285.9456028452895,0.007905149693250018,0.45,17.075900097307816,0.28929178081050433,0.3964128540273321,-0.05765244642161039,0.24149353709866914,0.14512273223868516,-0.15043857182262727,0.3694974335688078,long,willr_rev,none,none,single,ohlcv,8486,0.18153802494570417,0.09807292050419286,Oscillator,True,False
1d,60,sl1.5_tp3,675,0.16455829221827956,3.1309395022031126,0.42962962962962964,1.3000163711576207,111.0768472473387,0.023554500037658674,0.6190476190476191,20.545185185185186,624,0.061012993548359984,1.1281563576384441,0.3958333333333333,1.1024797367032357,38.07210797417663,0.007243040717216598,0.5611510791366906,18.072115384615383,-0.420571847832467,0.2783525250723105,0.513733069789904,0.37630095930657825,-0.04647001691040264,-0.02466079873081339,0.18498801061116382,short,ema_x_20_50,none,none,single,ohlcv,11194,-0.08361203083791405,-0.023077943711740427,MA,True,True
1d,2,sl2_trail3,188,0.16204180964939802,1.3819520346909602,0.3776595744680851,1.3339284567962961,30.46386021408683,0.028458042634350148,0.4507042253521127,11.813829787234043,142,0.1359025484650568,0.6640772490895865,0.31690140845070425,1.2638283109037833,19.298161882038066,0.01752341817587249,0.3707865168539326,10.584507042253522,,-0.1957514861809304,,0.16616653373904455,0.4423080662595389,-0.46694587802558174,0.5770111532143045,long,ema_x_50_200,none,none,single,ohlcv,8486,0.18153802494570417,0.09807292050419286,MA,True,False
1d,33,sl2_trail3,459,0.15876479589298326,1.7427371476762208,0.3420479302832244,1.32786999714898,72.87304131487932,0.009659558073321865,0.5142857142857142,18.050108932461875,433,0.12590236715420386,1.5264579733105557,0.3187066974595843,1.2703893331296567,54.51572497777027,-0.005259938453984146,0.4806201550387597,16.914549653579677,0.3679088673716731,-0.5467717659015613,0.23210172803471313,0.21396414322641183,0.12318159668407087,-0.3538764737448323,0.44207846153977554,long,engulfing,none,none,single,ohlcv,8486,0.18153802494570417,0.09807292050419286,Candle,True,False
1d,103,sl1_tp2,268,0.15656511695369504,1.7971617912335185,0.41044776119402987,1.262743440039954,41.959451343590274,0.004106197608075592,0.47368421052631576,7.220149253731344,220,0.08960466261097663,0.9639570466149678,0.41363636363636364,1.1496008713848176,19.71302577441486,0.008560474056350999,0.46551724137931033,8.913636363636364,,-0.5547411618068757,0.016161576051579623,0.07958159559293347,0.6189588680247488,-0.03262836810211773,0.2259415045601973,short,vol_dryup_break,none,none,single,ohlcv,21151,-0.05899014570582072,0.00490961641235527,Volume,True,True
1d,55,sl2_trail3,3742,0.15656103505839217,4.863714156125401,0.35168359166221275,1.3526819135510508,585.8513931885035,0.0229895299790994,0.6304347826086957,18.5264564404062,3732,0.06086420727312279,1.54703804143419,0.32556270096463025,1.1311213816697787,227.14522154329427,0.004116847980675845,0.44285714285714284,17.09914255091104,0.4063117212417765,0.4878856409887385,-0.09358647310859329,0.18773391008646684,0.07317507803363833,-0.18186791987482429,0.32733741936977295,long,sweep_pdh_pdl,none,none,single,ohlcv,8486,0.18153802494570417,0.09807292050419286,SMC/ICT,True,False
1d,87,sl1.5_tp3,1249,0.15247323935121943,3.9209046167024346,0.42193755004003203,1.272260252406955,190.43907594967305,0.013413790693634648,0.6666666666666666,18.268214571657325,1246,-0.12202630671392012,-3.367052912968399,0.3418940609951846,0.8144507267248526,-152.04477816554447,-0.015304736225843074,0.381294964028777,19.185393258426966,-0.2927172144986352,-0.11632666725707141,0.3075627048651596,0.19001483086009044,0.2182254208963137,-0.1504694381127914,-0.08567941668135884,short,bb_breakout,none,none,single,ohlcv,11194,-0.08361203083791405,-0.023077943711740427,Volatilitas,False,False
1d,54,sl2_trail3,2314,0.14828717292852697,3.688641416951394,0.3474503025064823,1.3343413597651832,343.13651815661143,0.02215098714275498,0.6206896551724138,17.529386343993085,2383,0.11979841295365955,1.9083949829851048,0.31934536298783045,1.2607420899241666,285.4796180685707,0.013133482375711743,0.4857142857142857,16.504825849769198,0.6461955448262763,0.2784020279278357,0.022485873770441152,0.14370207570648258,0.056922459483849705,-0.20213755694031907,0.4672982338601618,long,smc_sweep_swing,none,none,single,ohlcv,8486,0.18153802494570417,0.09807292050419286,SMC/ICT,True,False
1d,75,sl1_tp2,931,0.14353943935988048,3.1369065678234747,0.4070891514500537,1.2478092030256749,133.6352180440487,0.010995144436749385,0.6024096385542169,8.576799140708916,1101,0.03999813524763587,0.9571517848512513,0.3832879200726612,1.0635625526186518,44.03794690764709,0.006200651521927974,0.5142857142857142,9.362397820163487,-0.26634750546044217,0.03206072154836915,0.16376192122150918,0.10798462154792737,0.2223395421243229,0.11576281007762092,-0.04282446556461014,short,ichi_tk_x,none,none,single,ohlcv,21151,-0.05899014570582072,0.00490961641235527,Trend/momentum,True,True
1d,46,sl1.5_tp3,497,0.14116190777097967,2.2034923892176006,0.39436619718309857,1.2343596503113314,70.1574681621769,0.018879767915391293,0.5333333333333333,12.227364185110664,460,0.0648820843708199,0.9957735220404986,0.3521739130434783,1.106242446345534,29.845758810577152,0.007054529360025271,0.5298507462686567,9.567391304347826,0.6797460235718675,0.3296518012019642,0.018154686086791202,0.1395003377300382,0.07358647287658336,0.11528945124823661,0.02972713108730788,long,delta_surge,none,none,single,taker,11297,0.05396345784315561,0.023633218744689263,Taker flow (delta/CVD),True,True
1d,7,sl2_trail3,814,0.13342404551291906,1.7146325402351277,0.32678132678132676,1.272308143321298,108.60717304751611,0.01264429396862207,0.4057971014492754,15.298525798525798,373,-0.0678119396533577,-0.8421323647052029,0.2761394101876676,0.8701951164335395,-25.29385349070242,-0.010354262158171174,0.32978723404255317,13.048257372654156,0.46527953953851675,0.49557913633028916,,0.20200675713643812,-0.1811595579853613,-0.37347792166195337,0.40212351567958526,long,ema20_pullback,none,none,single,ohlcv,8486,0.18153802494570417,0.09807292050419286,MA,False,False
1d,109,sl1_tp2,1366,0.1243224248605279,3.2756375063031373,0.39824304538799415,1.2091043393365104,169.8244323594811,0.006797973822811083,0.6091954022988506,7.975841874084919,1754,-0.06522036843877443,-2.0457061919679056,0.34948688711516535,0.9008908971523327,-114.39652624161035,-0.004521211557150923,0.37857142857142856,8.350627137970353,-0.10588890837063995,-0.12397499890153957,0.20745066396387962,0.16253020873178298,0.16652520069354157,-0.0648458725469793,-0.06566286980345773,short,smc_bos,none,none,single,ohlcv,21151,-0.05899014570582072,0.00490961641235527,SMC/ICT,False,False
1d,65,sl1.5_tp4_trail2.5,1312,0.12300874558815442,3.47508870383965,0.3978658536585366,1.277830071083304,161.3874742116586,0.011506843117788728,0.6705882352941176,14.37576219512195,1423,0.09915006645051493,2.988483376777574,0.4125087842586086,1.2194862626269614,141.09054455908273,0.01570403261462368,0.5714285714285714,15.677442023893184,-0.36525068205215894,0.15978925450257592,0.13370332798614856,0.2198662015228272,0.1256150217182745,0.17286427899778647,0.01928400893224122,short,ma_ribbon_align,none,none,single,ohlcv,12971,-0.07864249856439272,0.01882195630236874,MA,True,True
1d,63,sl1_tp2,2189,0.11817561900397312,3.94181031990878,0.3924166285975331,1.1978978164083818,258.68642999969717,0.006637980603446771,0.686046511627907,7.820465966194609,2023,0.021020928476266864,0.6861144109038582,0.370242214532872,1.033132599310908,42.525338307487864,0.0009497660109142997,0.5214285714285715,8.195254572417202,-0.3467012023795676,-0.005131937279809889,0.33167940309208294,0.1595342719827691,0.1448746232240273,0.08212948774192824,-0.043887449459328605,short,price_x_ema50,none,none,single,ohlcv,21151,-0.05899014570582072,0.00490961641235527,MA,True,True
1d,25,sl1.5_tp4_trail2.5,610,0.11804181169849544,2.2696173894813496,0.36885245901639346,1.2692417277835977,72.00550513608222,0.008343097248972553,0.6511627906976745,14.467213114754099,723,0.013464448201239395,0.30504080785964915,0.32503457814661135,1.030476913041311,9.734796049496083,-0.006902248501593312,0.47101449275362317,13.745504840940525,-0.2523881776754825,0.41614589614717196,-0.14984804381774086,0.08745464015043551,0.29421610538255766,-0.016653374961396482,0.041259354151863464,long,mfi_rev,none,none,single,ohlcv,13577,0.0644849412577466,0.023073187006697214,Oscillator,True,False
1d,62,sl1.5_tp4_trail2.5,203,0.11512357122678764,1.2135754737702835,0.3793103448275862,1.2353891416568223,23.37008495903789,0.004365933614504807,0.5079365079365079,12.67487684729064,190,0.2016832264987337,2.4310253755708016,0.5052631578947369,1.5709421017400915,38.3198130347594,0.03750910985069389,0.5700934579439252,18.289473684210527,,-0.07419386740669198,-0.03206819743822936,0.3254368043292328,0.2429219658050486,0.3092865662449989,-0.18936305696940095,short,sma_x_50_200,none,none,single,ohlcv,12971,-0.07864249856439272,0.01882195630236874,MA,True,True
1d,73,sl1.5_tp3,1221,0.11154002773200697,2.8402688721929406,0.39803439803439805,1.1925068587700263,136.1903738607805,0.013711230813209947,0.6666666666666666,18.695331695331696,1057,0.0372972198603033,0.9049230807241919,0.391674550614948,1.0620236204415452,39.42316139234059,0.0035503008674602535,0.5071428571428571,18.301797540208135,-0.2703492806322897,-0.033315411417644214,0.1737636008939066,0.38567957360063837,0.07636133158380985,0.022834703828157967,0.0517871270212974,short,macd_zero_x,none,none,single,ohlcv,11194,-0.08361203083791405,-0.023077943711740427,Trend/momentum,True,True
1d,22,sl2_trail3,2101,0.10978726849942892,3.0598411873519895,0.35649690623512614,1.2520428430161803,230.66305111730017,0.016613824317510403,0.6627906976744186,19.78914802475012,2583,0.07005484839283958,2.0482259830862235,0.33062330623306235,1.1586553533008055,180.95167339870463,0.0051392654948948105,0.5285714285714286,18.2137049941928,0.17540109741672746,0.4946549634443088,-0.0470274204386041,0.1595059873905159,0.05468435549869621,-0.12354623798227718,0.28434251088144763,long,stoch_rev,none,none,single,ohlcv,8486,0.18153802494570417,0.09807292050419286,Oscillator,True,False
1d,3,sl1.5_tp4_trail2.5,228,0.10661847911068187,1.1165458382967786,0.3508771929824561,1.1999214380130092,24.309013237235465,0.016985946484211277,0.47368421052631576,8.131578947368421,188,0.014320481702386718,0.1482243895809682,0.3404255319148936,1.0273832004655024,2.692250560048703,-0.0001843541751256895,0.3813559322033898,8.452127659574469,,0.02680290960617908,,0.2688731749276065,0.044611054232203906,-0.13346733954769296,0.10605085351278104,long,sma_x_50_200,none,none,single,ohlcv,13577,0.0644849412577466,0.023073187006697214,MA,True,False
1d,34,sl2_trail3,1224,0.10475900572593175,2.2680448998538663,0.36356209150326796,1.2467501333198119,128.22502300854046,0.009765485350978924,0.4942528735632184,19.519607843137255,1231,0.04887704366437527,0.6894405414129824,0.2867587327376117,1.0970144630543432,60.16764075084596,0.005007062395211578,0.4142857142857143,17.84727863525589,0.869028741103956,-0.1308182898382871,0.14043260892821585,0.1532828477673826,0.0006146054961424877,-0.23215373536883088,0.38341368276262244,long,pinbar,none,none,single,ohlcv,8486,0.18153802494570417,0.09807292050419286,Candle,True,False
1d,20,sl2_trail3,2455,0.10372537209951387,2.9411325348137285,0.3490835030549898,1.232457184343103,254.64578850430652,0.019990371950081062,0.5340909090909091,18.579633401221997,2587,0.10977650118895632,2.101771071772489,0.3401623502126015,1.2626515325045693,283.99180857583,0.01638568064569713,0.5285714285714286,18.177812137611134,0.6079102856550339,0.4942846456660177,-0.07929976773597043,0.07782184519109217,-0.03808191237595448,-0.11169944145935745,0.3626037569108311,long,rsi2_extreme,none,none,single,ohlcv,8486,0.18153802494570417,0.09807292050419286,Oscillator,True,False
1d,59,sl1.5_tp4_trail2.5,1618,0.10293338419350134,3.2502388490232175,0.3992583436341162,1.2256937212838621,166.54621562508518,0.007945801238384528,0.6666666666666666,14.221260815822003,1417,0.027820975598659425,0.84098620717912,0.36838390966831336,1.057268152873372,39.42232242330041,0.0039298136579793775,0.5071428571428571,15.251940719830628,-0.19757149113993006,-0.025013820278504142,0.17978802846484182,0.16417518571543507,0.1425696351778965,-0.021336782998010815,0.0780306120540316,short,ema_x_9_21,none,none,single,ohlcv,12971,-0.07864249856439272,0.01882195630236874,MA,True,True
1d,70,sl1.5_tp3,1278,0.10237483731421353,2.682241141276089,0.40688575899843504,1.1765640092154905,130.8350420875649,0.00984458645112072,0.6511627906976745,17.91549295774648,1481,-0.12071921585044922,-3.667706366575035,0.349763673193788,0.813912162329004,-178.7851586745153,-0.01611594621001984,0.32142857142857145,19.24307900067522,-0.29735029699843946,-0.16080576443267428,0.2052487677619226,0.17134307985542022,0.15244937238533174,-0.17552336532255236,-0.05581105651992,short,donchian_20,none,none,single,ohlcv,11194,-0.08361203083791405,-0.023077943711740427,Trend/momentum,False,False
1d,41,sl2_trail3,515,0.10105326305809641,1.04378387900646,0.283495145631068,1.1812994975826023,52.04243047491965,0.015068937100339441,0.46835443037974683,10.580582524271845,599,0.379473990951438,1.9565631734986808,0.32387312186978295,1.7152950440422643,227.30492057991137,0.05572457689817971,0.48905109489051096,8.130217028380635,0.11048451408904457,0.5395082598538405,-0.2961370321001347,0.20256683908816508,-0.040304272050362626,-0.040491333252451224,0.6232533348164925,long,vol_spike_candle,none,none,single,ohlcv,8486,0.18153802494570417,0.09807292050419286,Volume,True,False
1d,78,sl1_tp2,3035,0.09905181105453989,3.893375995637693,0.38517298187808896,1.1634708723341827,300.6222465505286,0.00804419786325037,0.7159090909090909,7.892586490939045,2883,0.05036143847168017,1.960015679208501,0.38362816510579256,1.0812788490588767,145.19202711385392,0.005022500421578293,0.5714285714285714,8.18522372528616,-0.3121096970785285,-0.07635147409974503,0.37437474193995407,-0.00824059607580649,0.20670288117444025,0.17948535658746342,-0.08248808178537478,short,rsi_50_x,none,none,single,ohlcv,21151,-0.05899014570582072,0.00490961641235527,Oscillator,True,True
1d,27,sl2_trail3,1684,0.09249287194542583,2.30542472887473,0.35451306413301664,1.2229739361101226,155.7579963560971,0.01060291391456331,0.5057471264367817,21.232185273159146,1738,0.05780710889236781,0.7804112341229761,0.2945914844649022,1.1288747936883066,100.46875525493525,-0.0032283354141735675,0.4460431654676259,18.00115074798619,0.46415780380150323,0.32637673887750057,-0.17354247091476976,0.19648079982871808,0.060147761715806415,-0.1375791981695234,0.32569692962524727,long,bb_revert,none,none,single,ohlcv,8486,0.18153802494570417,0.09807292050419286,Volatilitas,True,False
1d,15,sl2_trail3,1209,0.09160458530519627,1.6659444282194733,0.3027295285359802,1.180829642992423,110.7499436339823,0.00946002354484039,0.47674418604651164,15.702233250620347,989,-0.02021288288738437,-0.39638816301769003,0.28816986855409504,0.961179777840858,-19.99054117562314,9.619791429486432e-05,0.4357142857142857,13.196157735085945,0.6585005793436111,0.5017167762276757,-0.24790736090730076,0.2800362255585266,-0.17902407921123598,-0.18850736054399006,0.1611633083685793,long,adx_di_x,none,none,single,ohlcv,8486,0.18153802494570417,0.09807292050419286,Trend/momentum,False,False
1d,89,sl1.5_tp4_trail2.5,527,0.09137455795455998,1.6347659084202972,0.3681214421252372,1.2001768895765093,48.15439204205311,0.002295615877355206,0.5061728395061729,12.749525616698293,525,-0.145794651420638,-3.2153021041142273,0.3523809523809524,0.7028633421066053,-76.54219199583494,-0.014671541715705476,0.38235294117647056,15.710476190476191,-0.20522502505144538,-0.10909153519902678,-0.025397794540748475,0.2904612594458818,0.17151818289040247,-0.07761836892812872,-0.2325644655020134,short,squeeze_fire,none,none,single,ohlcv,12971,-0.07864249856439272,0.01882195630236874,Volatilitas,False,False
1d,66,sl1_tp2,1565,0.08884317140858611,2.491102624310768,0.38210862619808306,1.1436970860337519,139.03956325443727,0.005824137414077143,0.5194805194805194,7.6146964856230035,2358,0.06479811461591795,2.249378278678705,0.39016115351993214,1.1037306061098187,152.7939542643345,0.00811727229557379,0.5338345864661654,7.845631891433418,,0.03907466744853622,0.2385147653927935,-0.056206949666802584,0.06818611962551847,0.24861976856249604,-0.09402960693634285,short,ema20_pullback,none,none,single,ohlcv,21151,-0.05899014570582072,0.00490961641235527,MA,True,True
1d,110,sl1.5_tp3,1591,0.0879567246334893,2.570013957598184,0.39220615964802014,1.1498194006006708,139.93914889188147,0.01063182080808996,0.6896551724137931,17.783783783783782,1489,-0.08075375730270411,-2.4076411403960485,0.3478844862323707,0.8741023571779933,-120.24234462372641,-0.012639613782009665,0.37857142857142856,17.879113498992613,-0.33532597381555773,-0.22183977296777987,0.3032611236946373,0.10206497493463595,0.19918115919929016,-0.05945198623248311,-0.10381329689480348,short,smc_choch,none,none,single,ohlcv,11194,-0.08361203083791405,-0.023077943711740427,SMC/ICT,False,False
1d,88,sl1.5_tp3,1258,0.0848825954960387,2.2163225923409726,0.40222575516693165,1.1447958882307507,106.78230513401668,0.005097726095112661,0.6162790697674418,17.896661367249603,1248,-0.08975036201539699,-2.4678050252189276,0.36378205128205127,0.8602826294089274,-112.00845179521544,-0.01093592457014919,0.4357142857142857,19.490384615384617,-0.16806192138554987,-0.20766853486529285,0.1229704570902174,0.18259706010974158,0.1439065986220718,-0.1850716048628851,0.04772861250240877,short,keltner_breakout,none,none,single,ohlcv,11194,-0.08361203083791405,-0.023077943711740427,Volatilitas,False,False
1d,68,sl1_tp2,3100,0.07764349670112893,3.072306034655452,0.3735483870967742,1.1251793360237576,240.69483977349967,0.006021104592161976,0.6931818181818182,6.962258064516129,2949,-0.025003210449182547,-1.0042168085994434,0.3604611732790777,0.961141692621823,-73.73446761463933,-0.001962795007738382,0.45714285714285713,7.93048491013903,-0.12556254077830625,-0.010841872603278157,0.4145420203795987,-0.09444513186249595,0.09393132093594615,0.1016336205789028,-0.14750047862178012,short,psar_flip,none,none,single,ohlcv,21151,-0.05899014570582072,0.00490961641235527,Trend/momentum,False,False
1d,71,sl1_tp2,745,0.07642451192917285,1.509092945631037,0.3946308724832215,1.1254897319001134,56.93626138723377,-0.003353192545741651,0.575,7.201342281879195,1079,-0.05016985681918338,-1.222283132302959,0.35495829471733087,0.9237509584537064,-54.133275507898865,-0.0076144457317327725,0.43478260869565216,8.657089898053753,,-0.41176760221190906,0.017166548758665766,0.15331197662264542,0.2846346223848752,-0.21793997458471448,0.15453730333505522,short,donchian_55,none,none,single,ohlcv,21151,-0.05899014570582072,0.00490961641235527,Trend/momentum,False,False
1d,67,sl1.5_tp3,940,0.07227894398441523,1.64916235203246,0.4031914893617021,1.1239615751675418,67.94220734535031,0.005870658637687656,0.5348837209302325,19.406382978723403,784,-0.04854103229124479,-1.0380280333702818,0.36862244897959184,0.9228949994758783,-38.05616931633592,-0.018565263791062554,0.4142857142857143,17.784438775510203,-0.10318748095338337,-0.24160136072611496,0.34363456644086215,-0.010870857044620067,0.11717022073478209,-0.28193377448129486,0.18724548161357502,short,supertrend_flip,none,none,single,ohlcv,11194,-0.08361203083791405,-0.023077943711740427,Trend/momentum,False,False
1d,83,sl1_tp2,3401,0.06490715302240153,2.6726464068251583,0.3601881799470744,1.102736495475721,220.7492274291876,0.004428017430352164,0.6590909090909091,6.13701852396354,2837,-0.02097674232837211,-0.822005267917573,0.35671483961931616,0.9674491308458458,-59.51101798559168,-0.0033715784125024446,0.5,7.281635530489954,-0.014887479707346402,-0.06489964831494498,0.30774516315932104,-0.16473883297873973,0.2201126890991972,0.18995455454474988,-0.1864052500018206,short,cci_rev,none,none,single,ohlcv,21151,-0.05899014570582072,0.00490961641235527,Oscillator,False,False
1d,76,sl1.5_tp4_trail2.5,1446,0.06350674445270191,1.8717704278624014,0.3644536652835408,1.131244966009992,91.83075247860697,0.0015492974344653019,0.5647058823529412,13.221300138312586,1417,0.07378218368156737,2.1879562379921276,0.3888496824276641,1.1559214706355543,104.54935427678097,0.005848049468584197,0.5571428571428572,15.230063514467185,-0.21195496414261253,-0.13267512498219197,0.24563104780022815,0.10551742340695594,0.07047548024501749,0.07410496975037731,0.07345527108630961,short,ichi_kumo_break,none,none,single,ohlcv,12971,-0.07864249856439272,0.01882195630236874,Trend/momentum,True,True
1d,21,sl1.5_tp4_trail2.5,312,0.06157301410924053,0.8395043074255029,0.40064102564102566,1.1279425668594185,19.210780402083046,0.01979445924124505,0.56,12.33974358974359,516,-0.09470670283854596,-1.7636530445393646,0.29457364341085274,0.8215118719018952,-48.86865866468971,-0.018658640039940177,0.3870967741935484,12.073643410852712,,0.0012524648532549864,-0.0203826169513457,-0.07173747205770575,0.27082351387915937,-0.2922070008408373,0.19540139039926951,long,rsi_divergence,none,none,single,ohlcv,13577,0.0644849412577466,0.023073187006697214,Oscillator,False,False
1d,53,sl2_trail3,1395,0.05899504045125738,1.2266998776851539,0.3154121863799283,1.1184325437225506,82.29808142950404,0.009097886169224863,0.48314606741573035,15.456630824372759,1153,0.05393604038997705,0.5505056805682566,0.3026886383347788,1.1065891157992898,62.18825456964354,0.007099084359044497,0.4,15.125758889852559,0.45722428070275556,0.2926222330764185,-0.16321695963289795,0.11424135702984792,-0.09735713169113641,-0.28455587858723447,0.3735911409418125,long,smc_ob_retest,none,none,single,ohlcv,8486,0.18153802494570417,0.09807292050419286,SMC/ICT,True,False
1d,72,sl1_tp2,2723,0.05859151832867383,2.1936758789736817,0.369812706573632,1.0941887900787575,159.54470440897884,0.002780617866536957,0.625,7.677561513037092,2817,-0.03345929994498457,-1.3139866790118029,0.35676251331203407,0.948287612695936,-94.25484794502152,-0.0034626162921834853,0.45,8.357827476038338,-0.11931191142278137,-0.1488220822933824,0.3193376945569592,0.010034162073686294,0.09662907323911014,0.08641434368704524,-0.17116311940328885,short,macd_x,none,none,single,ohlcv,21151,-0.05899014570582072,0.00490961641235527,Trend/momentum,False,False
1d,92,sl1_tp2,414,0.05524342273755993,0.7880970079960461,0.3526570048309179,1.0858020761821578,22.870777013349812,0.00551627680725755,0.5238095238095238,4.934782608695652,260,-0.24081207635017848,-3.0072144661405207,0.27307692307692305,0.674073678739486,-62.6111398510464,-0.008763217677570411,0.3125,6.003846153846154,-0.48099946200484256,-0.5705342916565722,0.5073829217992177,-0.21052245800764485,0.3647438988351632,-0.057993274590976,-0.35140616630327626,short,engulfing,none,none,single,ohlcv,21151,-0.05899014570582072,0.00490961641235527,Candle,False,False
1d,61,sl3_tp1.5,167,0.0506865036889924,1.1622952416767571,0.6526946107784432,1.2271064290374596,8.464646116061731,0.013356008029414798,0.6363636363636364,15.197604790419161,148,0.1809716003354846,4.411938434446038,0.777027027027027,2.270596008978223,26.783796849651722,0.06810805391919317,0.7555555555555555,14.20945945945946,,0.05985991425420463,0.10627235356127773,-0.011449980833288404,0.06009014536453672,0.2512336518968685,-0.13390648258775448,short,ema_x_50_200,none,none,single,ohlcv,13561,-0.039078990868430155,-0.01729191081308415,MA,True,True
1d,18,sl2_trail3,746,0.04849419356674264,0.9734180216009272,0.37131367292225204,1.1290475162103035,36.17666840079001,0.008498640279091987,0.4146341463414634,22.49597855227882,885,0.04572922472350375,0.9240945817102716,0.3231638418079096,1.1142700229486995,40.470363880300816,-0.004261442819590357,0.43703703703703706,19.394350282485874,0.45333524704034145,0.4673222498394007,-0.11226612873060425,0.2871121028488609,-0.16798814878897428,0.04315746822949958,0.049444773470366125,long,rsi_30_70_rev,none,none,single,ohlcv,8486,0.18153802494570417,0.09807292050419286,Oscillator,True,False
1d,117,sl1.5_tp3,2028,0.04705876998351571,1.5706011008875964,0.378698224852071,1.0784284595967446,95.43518552656985,0.003769169775656388,0.625,18.131656804733726,2071,-0.062194263923454285,-2.2107225884992903,0.37083534524384354,0.9001178986357894,-128.80432058547382,-0.008454068173083914,0.4142857142857143,19.23804925156929,-0.3387744723016026,-0.1262483434595093,0.34900033399435787,0.10079319123059417,0.011829820785972485,0.01945619367879272,-0.14913612705326465,short,break_pwh_pwl,none,none,single,ohlcv,11194,-0.08361203083791405,-0.023077943711740427,SMC/ICT,False,False
1d,98,sl1_tp2,4513,0.04666040477549903,2.2513968326431093,0.3640593840017727,1.0743135347066572,210.57840675182712,0.0037238037651014075,0.5842696629213483,7.189452692222469,4617,0.032715184881842836,1.6131189844768656,0.37903400476499893,1.0521049523904165,151.04600859946837,0.003755364903117592,0.5785714285714286,7.935455923760017,-0.09204637116014516,-0.10276323897965346,0.2960501043386941,-0.022189523002974016,0.058085822617638734,0.15905002008881466,-0.09756587702979025,short,vwap_month_x,none,none,single,ohlcv,21151,-0.05899014570582072,0.00490961641235527,VWAP,True,True
1d,101,sl1_tp2,328,0.040761526194896654,0.5218709033536856,0.3567073170731707,1.063327670711455,13.369780591926101,0.0028182363644865755,0.4411764705882353,5.472560975609756,625,-0.03291653296629445,-0.5988890476739501,0.3728,0.950226547624348,-20.572833103934034,-0.002684531422174191,0.416,6.2832,,-0.23634244316048786,0.2337829935122813,0.21462074334994058,0.019322579033097476,-0.03241886063633715,-0.033206316854624024,short,vol_spike_reversal,none,none,single,ohlcv,21151,-0.05899014570582072,0.00490961641235527,Volume,False,False
1d,111,sl1.5_tp4_trail2.5,2086,0.02856549602533077,1.080878855327116,0.37488015340364333,1.06123387336495,59.58762470883999,0.0007395743092759632,0.5172413793103449,14.15340364333653,2157,0.03930973770085359,1.5777594200730685,0.4195642095503013,1.0892161183579887,84.79110422074119,0.006606076461580127,0.5571428571428572,15.393138618451554,-0.17807738202821422,-0.06741686398070677,0.1490273632156211,-0.031615031978145254,0.08411956340975585,0.1319328926526034,-0.06393783796594991,short,smc_fvg_retest,none,none,single,ohlcv,12971,-0.07864249856439272,0.01882195630236874,SMC/ICT,True,True
1d,69,sl1_tp2,4963,0.02455263687200318,1.2470984333584054,0.3548257102558936,1.0386039261075037,121.85473679575179,0.0025775951306428093,0.5730337078651685,7.0272012895426155,4403,0.0334744885348087,1.6126878622568233,0.3754258460140813,1.0534613554050924,147.3881730187627,0.003685895474229481,0.5571428571428572,7.612309788780377,0.007332889331770588,0.038011153971879,0.14915796307074453,-0.14729339466518387,0.07727278253999305,0.16145164610460025,-0.1045934080879362,short,ha_flip,none,none,single,ohlcv,21151,-0.05899014570582072,0.00490961641235527,Trend/momentum,True,True
1d,112,sl1.5_tp4_trail2.5,1286,0.02330913112938352,0.6627774034914498,0.3701399688958009,1.0466853220509467,29.975542632387207,0.00030657053335220375,0.5294117647058824,12.324261275272162,1384,0.06521158039495709,1.948820729118809,0.4046242774566474,1.1389494883054048,90.2528272666206,0.01022225676152539,0.5642857142857143,14.467485549132949,-0.3402097942943589,-0.11681275574103982,0.33633725428935984,-0.13487337239309036,0.11043010186519546,0.17154807260438207,-0.057688228357992026,short,smc_ob_retest,none,none,single,ohlcv,12971,-0.07864249856439272,0.01882195630236874,SMC/ICT,True,True
1d,102,sl1_tp2,205,0.01996395551001678,0.20244126530362208,0.35121951219512193,1.0305421136596595,4.09261087955344,0.0009705423969441193,0.5,4.014634146341463,390,-0.12516518017198944,-1.7982993448696356,0.3282051282051282,0.8248387439847116,-48.81442026707588,-0.016833468245598993,0.40540540540540543,4.825641025641025,,-0.2495528939336676,0.20414725928829952,0.23798138058886392,-0.06113193058580934,-0.07277502788636553,-0.1501695710355827,short,vol_climax,none,none,single,ohlcv,21151,-0.05899014570582072,0.00490961641235527,Volume,False,False
1d,93,sl1.5_tp4_trail2.5,1375,0.019589901435630157,0.5475621530807133,0.34254545454545454,1.0369452895944455,26.936114473991466,0.002607542591854312,0.5116279069767442,10.453818181818182,1277,-0.05197902720921041,-1.4683871825130965,0.3500391542678152,0.9052359360318756,-66.37721774616169,-0.004906766407088213,0.4,11.106499608457321,-0.1183791846863364,-0.2801056887333253,0.3761135617328237,-0.17824815514078693,0.1903057389495673,0.05495860370239183,-0.14825472170551895,short,pinbar,none,none,single,ohlcv,12971,-0.07864249856439272,0.01882195630236874,Candle,False,False
1d,74,sl2_tp2,1269,0.01752746576949557,0.6403220172404557,0.5059101654846335,1.0371325953108577,22.242354061489877,0.0028447359139639576,0.632183908045977,15.58628841607565,886,0.10032870664439113,3.138980852555808,0.5654627539503386,1.2412122248293167,88.89123408693054,0.02030319790115629,0.6214285714285714,17.10158013544018,-0.42223270127055695,-0.08472801442071219,0.25614785261465284,-0.18460053505288102,0.17725330205272707,0.12492701746781013,0.07713293108721968,short,adx_di_x,none,none,single,ohlcv,11848,-0.05142060351360348,-0.03058156254779822,Trend/momentum,True,True
1d,104,sl1.5_tp4_trail2.5,2014,0.01330593403233675,0.4795371879413761,0.3545183714001986,1.0271852644893393,26.798151141126215,-0.007601634065446034,0.5172413793103449,13.09930486593843,1961,0.013538433826755474,0.4995847326387934,0.3880673125956145,1.0286695228275007,26.548868734267483,0.0008088748372601594,0.4928571428571429,15.22386537480877,-0.13120064509384344,-0.14973898988034928,0.08515693416061061,0.09139659308052843,0.02161108367718779,0.03981538977271836,-0.017952671449291975,short,obv_break_20,none,none,single,ohlcv,12971,-0.07864249856439272,0.01882195630236874,Volume,True,False
1d,113,sl1.5_tp4_trail2.5,2779,0.010478737809968426,0.43268676692649244,0.3641597697013314,1.0204685606610453,29.120412373902255,0.0007919161055280412,0.5054945054945055,11.44080604534005,2461,0.032793409778286056,1.335023413472852,0.411214953271028,1.068801078607642,80.70458146436198,0.005991008745928515,0.5642857142857143,13.471353108492483,-0.19123152923240638,-0.16427297739776378,0.27059403572327134,-0.10191467255060913,0.10771209064976008,0.22540583238754014,-0.16123297025632147,short,smc_sweep_swing,none,none,single,ohlcv,12971,-0.07864249856439272,0.01882195630236874,SMC/ICT,True,True
1d,97,sl1_tp2,7022,0.004782738174230104,0.29067952159508326,0.3510395898604386,1.0074558359617534,33.58438745944379,-0.0012860610054348223,0.5824175824175825,6.97379663913415,6663,0.02770157469068858,1.6395128286679863,0.375056280954525,1.043893621957507,184.575592164058,0.003423379652522418,0.5571428571428572,7.484016208914904,-0.03171420092162817,-0.0899802147588788,0.08898842225040719,-0.12130207916322368,0.09744218272626619,0.09079412461432235,-0.03772487879172224,short,vwap_week_x,none,none,single,ohlcv,21151,-0.05899014570582072,0.00490961641235527,VWAP,True,True
1d,90,sl3_tp1.5,2517,0.004312367406715009,0.34550111604427397,0.6301152165276123,1.0155482028440823,10.854228762701679,0.003732647104072691,0.5568181818181818,13.271752085816448,2569,-0.09187512743603145,-7.192236660915158,0.5683145192681978,0.7241439445816571,-236.0272023831648,-0.022187213555637197,0.2571428571428571,13.510704554301284,-0.10092053062185398,0.0050855614932746795,0.01153308043603543,-0.0535437703994926,0.05232070544626311,-0.025712444648444393,-0.1600776083490856,short,nr7_breakout,none,none,single,ohlcv,13561,-0.039078990868430155,-0.01729191081308415,Volatilitas,False,False
1d,91,sl1.5_tp4_trail2.5,2472,0.004197017352988421,0.17020950841484672,0.3697411003236246,1.0086103679588168,10.375026896587379,-0.00511224572744697,0.4431818181818182,13.26294498381877,2300,-0.04280736248083884,-1.7441543876745915,0.3691304347826087,0.9139804007059944,-98.45693370592933,-0.003812280472470024,0.45,14.826086956521738,-0.19844626953900124,-0.034060881848066264,0.19554889318097854,-0.024684757947977094,-0.008668620766100253,0.1185673450235675,-0.17812476309804287,short,inside_bar_break,none,none,single,ohlcv,12971,-0.07864249856439272,0.01882195630236874,Volatilitas,False,False
1d,116,sl1.5_tp4_trail2.5,3280,-0.011169538237876194,-0.49962954002493204,0.3469512195121951,0.9787074051327678,-36.63608542023392,-0.0019192366366612955,0.45555555555555555,11.109756097560975,2892,0.06454734198078863,2.7611752671347527,0.4114799446749654,1.1350469986630085,186.6709130084407,0.004961315629497802,0.5785714285714286,13.074688796680498,-0.21152866191887137,-0.126011169865041,0.2695597857136642,-0.10148645396883779,0.028426994425599456,0.24658272767470088,-0.11648371055067444,short,sweep_pwh_pwl,none,none,single,ohlcv,12971,-0.07864249856439272,0.01882195630236874,SMC/ICT,False,True
1d,115,sl1_tp2,6327,-0.015064807994280345,-0.8751054226205554,0.3451872925557136,0.976711991534461,-95.31504017981175,-0.005127728316373514,0.5222222222222223,7.237079184447605,6062,-0.012577317630483139,-0.7225263313873076,0.36407126360936987,0.9802730774298108,-76.24369947598879,-0.0007874544065650967,0.45714285714285713,7.906301550643352,-0.1624305146941116,-0.09994243167163026,0.0816846278311129,-0.13697321713261132,0.07821475457711037,0.0985393146961936,-0.1256913860908618,short,break_pdh_pdl,none,none,single,ohlcv,21151,-0.05899014570582072,0.00490961641235527,SMC/ICT,False,False
1d,86,sl1_tp2,2780,-0.020440974549579088,-0.7720326735107539,0.32697841726618704,0.9692585524526612,-56.82590924782986,-0.0010386991591731904,0.47674418604651164,4.869064748201438,2075,0.0019944788858787623,0.06540174997749476,0.3571084337349398,1.0030649965669105,4.138543688198432,-0.003605149449628982,0.5142857142857142,6.082891566265061,-0.2078435547977512,-0.09492576693466896,0.07550018586279915,-0.050656526544888676,0.057221193031187285,0.10540527622451074,-0.06502951684749987,short,bb_revert,none,none,single,ohlcv,21151,-0.05899014570582072,0.00490961641235527,Volatilitas,False,False
1d,64,sl1.5_tp3,723,-0.027662911002367452,-0.5593750013933039,0.35269709543568467,0.9559551256918554,-20.000284654711667,-0.0002907177932238325,0.5256410256410257,16.99308437067773,560,0.11379904829419173,2.0157737604335693,0.43214285714285716,1.2047511898298093,63.727467044747364,0.02042588164816693,0.5952380952380952,17.732142857142858,-0.6711208289550883,-0.10556377874208063,0.6524370023412956,-0.2109640454180887,0.04700407055090976,0.33322734508767027,-0.20103285580079922,short,price_x_ema200,none,none,single,ohlcv,11194,-0.08361203083791405,-0.023077943711740427,MA,False,True
1d,81,sl3_tp1.5,2396,-0.033145407626012875,-2.3156124380662413,0.6264607679465777,0.9040079353784714,-79.41639667192685,-0.003388070937467595,0.42696629213483145,7.708681135225375,1527,0.023232252446785565,1.3630495422240103,0.6699410609037328,1.0787090499646168,35.47564948624156,0.004981617407417865,0.5683453237410072,7.8068107400130975,-0.15897221563578023,-0.10241654554830286,0.11992373303947004,-0.11531782164517895,0.029792188124244483,0.05167242032417837,-0.006698730682244759,short,stoch_rev,none,none,single,ohlcv,13561,-0.039078990868430155,-0.01729191081308415,Oscillator,False,True
1d,105,sl2_tp2,1256,-0.035810101832053326,-1.2902406828709498,0.47929936305732485,0.9291475896334038,-44.97748790105898,-0.0020441309999468605,0.4823529411764706,10.496815286624203,1164,0.08187314631781005,2.922804196470663,0.5661512027491409,1.1931996042862423,95.3003423139309,0.02015965552524469,0.5971223021582733,14.13831615120275,-0.15284458106919815,-0.036604815908389626,0.24656315252434996,-0.06279498153098799,-0.07650690243252001,0.2559363740287287,-0.05867480152330439,short,delta_surge,none,none,single,taker,11848,-0.05142060351360348,-0.03058156254779822,Taker flow (delta/CVD),False,True
1d,84,sl3_tp1.5,1116,-0.03773738680615228,-1.803670988117367,0.6200716845878136,0.8907670809778592,-42.11492367566595,-0.006555396405717,0.45454545454545453,8.275089605734767,975,-0.015014996319188624,-0.7067903939412438,0.6369230769230769,0.9505131247868241,-14.639621411208909,-0.011255219610047898,0.5285714285714286,9.671794871794871,-0.10865415526861692,-0.14535915048470485,0.1069287294673508,-0.15377986408481087,0.0822377433076342,0.13069853015258018,-0.10767510795140403,short,mfi_rev,none,none,single,ohlcv,13561,-0.039078990868430155,-0.01729191081308415,Oscillator,False,True
1d,79,sl3_tp1.5,3337,-0.03823242763839696,-3.190373910786921,0.6194186394965537,0.88787567636289,-127.58161102933066,-0.004289246980882652,0.38202247191011235,9.293377284986516,3071,-0.009196511407354602,-0.747156379575295,0.65613806577662,0.9709337420345786,-28.242486531985982,0.002983477684008884,0.5,8.976554868121132,-0.10218797616394487,-0.12726853030362661,0.08092697936356759,-0.042843065264112495,-0.022872637571055083,0.09203104147256301,-0.1099636400701446,short,rsi2_extreme,none,none,single,ohlcv,13561,-0.039078990868430155,-0.01729191081308415,Oscillator,False,True
1d,82,sl1_tp2,4581,-0.04079205945090169,-1.9960819619002392,0.3237284435712727,0.939014131437058,-186.86842434458063,-0.0019383208334894395,0.48314606741573035,5.4553590919013315,3413,0.04274010439435989,1.7829587398959756,0.3700556694989745,1.0672413690706637,145.8719762979503,0.002622894005608585,0.5642857142857143,6.142396718429534,-0.25048476786584795,-0.12882045125780517,0.09073094434847423,-0.16786453531379378,0.09557810605979142,0.19455040806728638,-0.10546613300723483,short,willr_rev,none,none,single,ohlcv,21151,-0.05899014570582072,0.00490961641235527,Oscillator,False,True
1d,94,sl1_tp2,8923,-0.0416795668694332,-2.8841599518782335,0.3335201165527289,0.9367067115055235,-371.9067751759525,-0.005779509239167457,0.43478260869565216,6.654040121035526,7794,0.017110427247089447,1.0971502848449517,0.37054144213497564,1.0269223681168724,133.35866996381515,0.0015697769942620854,0.5214285714285715,7.385809597125994,-0.17591051902440974,-0.14204435620865294,0.07162943352677476,-0.11146568413919401,0.029240810167532907,0.10703879790804494,-0.07544017135295145,short,vwap_x,none,none,single,ohlcv,21151,-0.05899014570582072,0.00490961641235527,VWAP,False,True
1d,95,sl1_tp2,8923,-0.0416795668694332,-2.8841599518782335,0.3335201165527289,0.9367067115055235,-371.9067751759525,-0.005779509239167457,0.43478260869565216,6.654040121035526,7794,0.01711065000730031,1.0971646999766358,0.37054144213497564,1.0269227280549482,133.36040615689862,0.001568949376804357,0.5214285714285715,7.385937900949449,-0.17591051902440974,-0.14204435620865294,0.07162943352677476,-0.11146568413919401,0.029240810167532907,0.10703923711702128,-0.07544017135295145,short,vwap_1sd_break,none,none,single,ohlcv,21151,-0.05899014570582072,0.00490961641235527,VWAP,False,True
1d,96,sl1_tp2,8923,-0.04183196983380789,-2.895056457173693,0.3335201165527289,0.9364752086846633,-373.2666668270678,-0.0057979433851312575,0.43478260869565216,6.655272890283537,7793,0.017665470473346302,1.1325050600292,0.3707173104067753,1.027803514524859,137.66701139878774,0.001598129278670597,0.5214285714285715,7.387398947773643,-0.1759140766263679,-0.14204435620865294,0.07162219656219698,-0.11145639418223258,0.02881730671411222,0.10704072374740523,-0.07433983582674612,short,vwap_2sd_revert,none,none,single,ohlcv,21151,-0.05899014570582072,0.00490961641235527,VWAP,False,True
1d,99,sl1_tp2,9668,-0.04551270221102151,-3.2816945705211262,0.3321266032271411,0.9310393355398685,-440.0168049761559,-0.005886259205660843,0.391304347826087,6.586367397600331,8477,0.010514833912299933,0.7039936752308036,0.36876253391530023,1.0164687996907158,89.13424707456653,0.0007986583183488903,0.5357142857142857,7.42125752034918,-0.17809683418553446,-0.15510611289478268,0.0896202498411766,-0.1164756053504334,0.017485376256583255,0.0909988777783304,-0.07036896513849558,short,vwap_reclaim,none,none,single,ohlcv,21151,-0.05899014570582072,0.00490961641235527,VWAP,False,True
1d,114,sl1.5_tp4_trail2.5,5544,-0.048524668568391084,-2.8961700008177793,0.33676046176046176,0.9086257650129361,-269.0207625431602,-0.005229303694015092,0.41304347826086957,11.352813852813853,4520,0.02960029205997252,1.6040001393601222,0.3911504424778761,1.0608943060836635,133.7933201110758,0.003006567396817573,0.5357142857142857,13.199557522123893,-0.24678773676636753,-0.09886855615043678,0.23489088963082308,-0.17003204983732115,-0.016180758172987628,0.18389243428706953,-0.1121179574219621,short,sweep_pdh_pdl,none,none,single,ohlcv,12971,-0.07864249856439272,0.01882195630236874,SMC/ICT,False,True
1d,80,sl3_tp1.5,623,-0.05441534333487392,-1.8990025312714587,0.6131621187800963,0.8502813644429432,-33.90075889762645,-0.013707355792942695,0.5125,7.184590690208668,337,-0.0408678788656637,-1.081248477382089,0.6261127596439169,0.8789242408968744,-13.772475177728666,-0.013580119171436107,0.5084745762711864,6.614243323442136,-0.032510170219253905,-0.13215576877985674,,-0.03344393771953517,-0.04652481713083223,0.09685226850229874,-0.11220939664636495,short,rsi_divergence,none,none,single,ohlcv,13561,-0.039078990868430155,-0.01729191081308415,Oscillator,False,False
1d,85,sl3_tp1.5,1380,-0.06462675823439686,-3.4132655643554477,0.5992753623188406,0.8214663986768292,-89.18492636346767,-0.013893187769838335,0.4186046511627907,8.608695652173912,1032,-0.042451509470287745,-2.0426219358819813,0.6124031007751938,0.8681220009486047,-43.809957773336954,-0.019936867382119562,0.44285714285714284,9.297480620155039,-0.12172748601951701,-0.1655615054417036,0.2504374643606109,-0.12528826409713256,-0.02051784942712465,0.1418933443000346,-0.1512405371960712,short,zscore_revert,none,none,single,ohlcv,13561,-0.039078990868430155,-0.01729191081308415,Oscillator,False,False
1d,108,sl3_tp1.5,1523,-0.06829009002104301,-3.9380891091464867,0.5935653315824031,0.8013491487991036,-104.00580710204851,-0.013142806815610062,0.36904761904761907,10.63230466185161,1845,0.031573429348965294,2.1429366744670384,0.6737127371273712,1.1178697722298325,58.25297714884096,0.014714471908597556,0.5428571428571428,11.123035230352304,-0.22199026118253426,-0.1576980773639717,0.14254119641009613,-0.13929944205567857,-0.06408978138490772,0.13141210543827717,-0.061066846896916556,short,delta_flip,none,none,single,taker,13561,-0.039078990868430155,-0.01729191081308415,Taker flow (delta/CVD),False,False
1d,106,sl3_tp1.5,947,-0.0690710940476151,-2.966460361607727,0.6071805702217529,0.8145260064791467,-65.4103260630915,-0.01595633460477396,0.4523809523809524,6.474128827877508,733,-0.035139384340124875,-1.3737348417812265,0.6439290586630286,0.8946729161432716,-25.757168721311533,-0.0075605227399924545,0.44029850746268656,7.148703956343793,-0.042954450157376554,-0.029226356918643084,0.08529619796234825,-0.06199935125915848,-0.1322434803971601,0.05908629591607319,-0.09647096450688442,short,delta_absorption,none,none,single,taker,13561,-0.039078990868430155,-0.01729191081308415,Taker flow (delta/CVD),False,False
1d,107,sl3_tp1.5,2286,-0.06983928839457282,-4.647700407740708,0.6058617672790901,0.8135237645059031,-159.65261326999345,-0.01261279596152898,0.38372093023255816,6.660542432195975,1622,-0.012581996607551348,-0.7317536632171955,0.655980271270037,0.9614486765839821,-20.407998497448286,-0.0003162753662756573,0.44285714285714284,6.450678175092478,-0.13100291197422856,-0.14901504696505685,0.14314632697470078,-0.0814924394243462,-0.05194723390934628,0.07827018771348875,-0.07459520955697499,short,cvd_divergence,none,none,single,taker,13561,-0.039078990868430155,-0.01729191081308415,Taker flow (delta/CVD),False,False
1d,77,sl3_tp1.5,1130,-0.08638395252362645,-4.083987306005052,0.5867256637168141,0.77166814317294,-97.61386635169788,-0.018492024913073356,0.367816091954023,8.223893805309734,835,-0.01579852598371082,-0.6847219831090124,0.6383233532934132,0.9486796231149197,-13.191769196398534,-0.01616770236435303,0.4928571428571429,8.298203592814371,-0.1150516605662276,-0.16981518794547232,0.3258199076143692,-0.18381959679899804,-0.014784037827555363,0.12513747338203451,-0.1016092693354941,short,rsi_30_70_rev,none,none,single,ohlcv,13561,-0.039078990868430155,-0.01729191081308415,Oscillator,False,False
1d,100,sl3_tp1.5,182,-0.08900573517744069,-1.9161305661058596,0.532967032967033,0.7230880714685547,-16.199043802294206,-0.04463589042320056,0.40625,13.126373626373626,184,-0.02097891054097175,-0.4648122421853261,0.6358695652173914,0.9220044820031572,-3.8601195395388017,0.018561922184968094,0.5638297872340425,11.945652173913043,,-0.18031061597000936,0.09394452648956647,-0.29229144349961583,-0.014949254510783388,-0.017042871327962707,-0.022836721049512017,short,vol_spike_candle,none,none,single,ohlcv,13561,-0.039078990868430155,-0.01729191081308415,Volume,False,False
