strategy,H,L,q,side,regime,univ,n_is,mean_is,t_is,sharpe_is,cagr_is,maxdd_is,n_oos,mean_oos,t_oos,sharpe_oos,cagr_oos,maxdd_oos,y2020,y2021,y2022,y2023,y2024,y2025,y2026
baseline_buyhold,1,0,0.0,long,none,all,1768,0.0009312643365796495,0.864661591413872,0.39287235464780074,-0.04536132700597617,-0.9407435502208265,637,-0.0008199582083672538,-0.5421617288549978,-0.4103983193331129,-0.4344965287548683,-0.8389320534602879,0.0022888266900952833,0.005707087246182764,-0.004428316454150802,0.0012130254329730372,9.371565870694972e-05,-0.0027693437336508103,0.001795945161958106
baseline_buyhold,7,0,0.0,long,none,all,252,0.014705947280947209,2.0017086099954384,0.9105378404098621,0.4862923243201649,-0.8360247270870063,91,0.002260013625717569,0.23214444333490095,0.17572558946270628,-0.09821273103703365,-0.6951249613557522,0.029530634031719002,0.042339386263774655,-0.020704186167861356,0.01353807955242638,0.01110654376325763,-0.010047781515002198,0.019426148953563566
xsec,1,1,0.1,mom_long,none,all,1768,0.0017536540577002162,1.3174021203971034,0.5985820096531606,0.06682738614931805,-0.9805708474310041,637,0.0034426045283992286,1.8069094756586948,1.367770118269883,1.3164656773991097,-0.7084039886477116,0.00531393384378749,0.008482279930530641,-0.0056493596966754895,-0.00022869353256415087,0.0014167757868852667,-0.001459967437312916,0.0100214235265056
xsec,1,1,0.1,mom_short,none,all,1737,-0.003540107573519968,-2.7259358325978793,-1.2495744928407904,-0.8267878923504877,-0.9998678795959363,637,-0.0036712754049374667,-1.9927022403566648,-1.5084090352538082,-0.8251623429522525,-0.9741851484815146,-0.006211354177520051,-0.006765279834214285,0.0019561300420848186,-0.003931638101661837,-0.003400124374248153,-0.001483854608492269,-0.006606601106049589
xsec,1,1,0.1,mom_ls,none,all,1768,-0.0008621907469429305,-1.3974723719071664,-0.6349631656572821,-0.3451198743869266,-0.9128595477488746,637,-0.00011433543826911944,-0.1326751709096283,-0.10043067273217221,-0.11945320248554248,-0.5603839010070534,-0.0001351075943856267,0.0008585000481581783,-0.0018466148272953356,-0.002080165817112994,-0.000991674293681443,-0.0014719110229025924,0.0017074112102280045
xsec,1,1,0.1,rev_long,none,all,1737,0.0007401075735199681,0.5698939121867255,0.26124052069674364,-0.22239922772672693,-0.9801331437609649,637,0.0008712754049374688,0.47291261479636315,0.3579790530654793,-0.0737684102805507,-0.7589772673551406,0.003411354177520052,0.003965279834214285,-0.004756130042084817,0.0011316381016618388,0.0006001243742481542,-0.0013161453915077298,0.0038066011060495907
xsec,1,1,0.1,rev_short,none,all,1768,-0.004553654057700214,-3.4208534373286597,-1.5543176176366607,-0.8873580306260372,-0.9999891754045868,637,-0.006242604528399228,-3.2765370469083264,-2.4802291008694506,-0.9342740513152199,-0.9936162693250311,-0.008113933843787488,-0.011282279930530641,0.0028493596966754913,-0.0025713064674358476,-0.004216775786885265,-0.0013400325626870824,-0.012821423526505598
xsec,1,1,0.1,rev_ls,none,all,1768,-0.0019132617417448516,-3.1010213231250368,-1.4089969545623395,-0.5494059569206218,-0.9853637817047266,637,-0.002685664561730879,-3.116452869974385,-2.359050726098764,-0.6567353027187535,-0.850994718213567,-0.002523524327438477,-0.0036585000481581787,-0.0009533851727046632,-0.0007198341828870043,-0.0018083257063185555,-0.001328088977097406,-0.004507411210228003
xsec,1,1,0.1,mom_long,btc,all,1015,0.004011655186858767,2.254184200714413,1.3517700273425208,0.6444634300251624,-0.8276619376190064,287,0.004942398952054851,1.6150439038396767,1.8213349300172226,0.8160252639401577,-0.5814736594586346,0.005997343081779384,0.013215634345005884,-0.010048456549064458,0.0005651374496351524,0.0013270053099638435,-0.00196356419553995,0.016054721471366485
xsec,1,1,0.1,mom_short,btc,all,723,-0.0030192995309643363,-1.4257569893756463,-1.0130311337496491,-0.49338724077660034,-0.9658628617296426,350,-0.0040766795138889,-1.6989830367436383,-1.7350078847799935,-0.6413650435736843,-0.8529451169397977,-0.01899485387568888,-0.0014427602756154484,0.0007789194027348954,-0.0026756383912445144,-0.006775047595148186,-0.0030056704933473363,-0.00531957887106059
xsec,1,1,0.1,mom_ls,btc,all,1738,0.0005434051938361432,0.7964382642623846,0.36498386292903445,0.050138051072577516,-0.7331754827874568,637,-6.569333297780843e-06,-0.006863015533375832,-0.005195073518750318,-0.10274962776892826,-0.6387479560562821,0.000291935408311901,0.0038166981967955923,-0.0006339498064053679,-0.00022796445559497406,-0.0005872240912990337,-0.0012501601580272197,0.0016622198248869443
xsec,1,1,0.1,rev_long,btc,all,1014,0.001111452952975315,0.6799728273117944,0.40796134295329345,-0.04939916464055438,-0.8664938917793469,287,0.00037688015011864967,0.13174390325949517,0.14857167179967132,-0.12435981407854901,-0.6569218604576419,-0.00013961796086017843,0.007238864872467551,-0.009806193074658402,0.0017093979684538075,-0.0009072524003040345,-0.0029325374048001173,0.005702033852124299
xsec,1,1,0.1,rev_short,btc,all,753,-0.0015100004772275338,-0.7551950670127093,-0.5257848747276065,-0.3625821150947919,-0.9238770742210766,350,-0.005012773101001617,-2.0928890871108035,-2.137266229018365,-0.7026938662269058,-0.8941494832188218,-0.006466158236629259,-0.0035863223933262907,0.0018238945520307657,-0.0008455869409156233,-0.004417766323709335,-0.0018141635531455133,-0.008724739736785241
xsec,1,1,0.1,rev_ls,btc,all,1767,-2.8344835980089084e-06,-0.0044734839286654695,-0.002033171619727005,-0.11802768830942856,-0.7432477073457364,637,-0.0012922338950286608,-1.401827903721066,-1.0611368989404515,-0.4351679205512271,-0.755110971801862,-0.0010001825503961304,0.0015581981486374138,-0.00018733497911003168,0.0004522013615180208,-0.0009955497976175897,-0.0011782491351246265,-0.0014451913853410596
xsec,1,1,0.1,mom_long,none,top50,1768,0.001495357372062296,1.1104183944596433,0.5045357554997226,-0.03862100352055409,-0.9814022573051854,637,0.0016064596157500204,0.6908636089254623,0.5229606755722316,-0.023618319769693086,-0.8123061310865359,0.00531393384378749,0.008482279930530641,-0.005631101518514263,-5.993695054857956e-05,-1.7456255935429276e-05,-0.0015013013931183495,0.005776800675444707
xsec,1,1,0.1,mom_short,none,top50,1737,-0.00351540483612284,-2.659864942333636,-1.2192874632613744,-0.8286557659531762,-0.999874042179053,637,-0.00043437155374552976,-0.1761909926007052,-0.13337069622688433,-0.5904058834198533,-0.9390248732685038,-0.006211354177520051,-0.006765279834214285,0.0019813662237745592,-0.0038016787481807614,-0.0034376591159927888,-0.0003220850179664937,-0.0005850501771254877
xsec,1,1,0.1,mom_ls,none,top50,1768,-0.0009792042891796475,-1.5494625139579912,-0.7040222352212724,-0.37534080028231387,-0.9294854413697454,637,0.0005860440310022448,0.4433181763664489,0.3355770516942382,0.011852851500531836,-0.6164117735002106,-0.0001351075943856267,0.0008585000481581783,-0.0018248676473698515,-0.0019308078493646705,-0.0017275576859641089,-0.0009116932055424216,0.0025958752491596097
xsec,1,1,0.1,rev_long,none,top50,1737,0.0007154048361228403,0.5412976120490806,0.2481319189408593,-0.24218221793526173,-0.9796624303024838,637,-0.002365628446254468,-0.9595527618602215,-0.7263493895272788,-0.7906967904312001,-0.9672315985307339,0.003411354177520052,0.003965279834214285,-0.004781366223774558,0.001001678748180763,0.0006376591159927904,-0.002477914982033505,-0.002214949822874513
xsec,1,1,0.1,rev_short,none,top50,1768,-0.004295357372062295,-3.1896347494096577,-1.4492598340328173,-0.8781565258907684,-0.9999882182627842,637,-0.004406459615750018,-1.89501345871061,-1.4344618905707816,-0.8974418104942854,-0.9905686288549599,-0.008113933843787488,-0.011282279930530641,0.0028311015185142636,-0.002740063049451419,-0.002782543744064569,-0.001298698606881649,-0.008576800675444708
xsec,1,1,0.1,rev_ls,none,top50,1768,-0.0017962481995081343,-2.8422797336354666,-1.2914337153511903,-0.5331046631627601,-0.9847241835504289,637,-0.003386044031002245,-2.5614028733528125,-1.938896418563223,-0.7644236820808052,-0.9407727266212407,-0.002523524327438477,-0.0036585000481581787,-0.0009751323526301473,-0.0008691921506353282,-0.0010724423140358896,-0.001888306794457577,-0.00539587524915961
xsec,1,1,0.1,mom_long,btc,top50,1015,0.0037713602516656797,2.1019942240734433,1.260506035331566,0.5583007123178552,-0.8307012346675171,287,-7.148780773666004e-05,-0.021104951956402558,-0.023800706657660688,-0.23945467628397965,-0.6996881646561377,0.005997343081779384,0.013215634345005884,-0.010048456549064458,0.0009263827027027117,6.014509616517107e-06,-0.0006376148789020311,0.0008394621158658005
xsec,1,1,0.1,mom_short,btc,top50,723,-0.0029701854468939517,-1.386636748493557,-0.9852353577032018,-0.49270127329405666,-0.9656308671146587,350,0.00044160690224784576,0.13016163508872808,0.13292155265283878,-0.2830200571783583,-0.8733410132624067,-0.01899485387568888,-0.0014427602756154484,0.0008100383429942039,-0.002695539145096122,-0.0065220665052449335,-0.0022749180094752577,0.003594117293630212
xsec,1,1,0.1,mom_ls,btc,top50,1738,0.0004834541361727093,0.7019922710772212,0.3217020858250482,0.025766202919953463,-0.6982715701660525,637,0.00010521618129224904,0.08741287015154962,0.06616862292003313,-0.12232784717606959,-0.6645878300231812,0.000291935408311901,0.0038166981967955923,-0.0006213317155604976,-0.00010738537809640561,-0.0010047429565023206,-0.0007404690675986409,0.0012400511660171556
xsec,1,1,0.1,rev_long,btc,top50,1014,0.0011041559390937339,0.6603563232293025,0.39619208537695716,-0.06210478233625949,-0.8545301248675524,287,-0.0012973620365064498,-0.36175169161845355,-0.40795856408056713,-0.4022986251300137,-0.7954685983877091,-0.00013961796086017843,0.007238864872467551,-0.009806193074658402,0.0015105029655996974,-0.0007399615756494719,-0.004552110475839424,0.003939824088602065
xsec,1,1,0.1,rev_short,btc,top50,753,-0.0012274384838850913,-0.6038070543271149,-0.4203849181309395,-0.3399584728853221,-0.9087787226436311,350,-0.005782376503009097,-1.8095342357987139,-1.8479031861951665,-0.7862812763255513,-0.9517684286367237,-0.006466158236629259,-0.0035863223933262907,0.0018013802445008733,-0.0005958898902094818,-0.0027299941539349905,-0.0004855469419013918,-0.011929314512195815
xsec,1,1,0.1,rev_ls,btc,top50,1767,5.527813918380664e-05,0.08552754895466227,0.03887175812237845,-0.10421815318139549,-0.698554600506077,637,-0.001880827849709996,-1.5766272776135841,-1.1934541862884047,-0.5744441762063193,-0.8426238863296522,-0.0010001825503961304,0.0015581981486374138,-0.0001964640681906455,0.0004234224712682657,-0.0006771852705382108,-0.0012287758620562186,-0.0027558240831424543
xsec,1,1,0.2,mom_long,none,all,1768,0.0014558354530532203,1.2589958695132897,0.5720442270816541,0.0908398702028459,-0.9605028735152172,637,0.0011286392241093288,0.7086215103366879,0.5364028137870431,0.12428637335539405,-0.7700712421764964,0.0034383043317003695,0.008801320570175911,-0.005644258704396994,0.0008177513692603513,0.00018456508299657598,-0.002289968702533626,0.005716109419788295
xsec,1,1,0.2,mom_short,none,all,1759,-0.003403896031599236,-2.866125895098868,-1.305595893563534,-0.8050837191294977,-0.999836755506158,637,-0.002671919473631461,-1.5992975321693046,-1.2106148117500553,-0.7279931067530965,-0.9445929208392927,-0.00538389371276727,-0.006826405385610178,0.0019041526760419265,-0.004377965882713846,-0.002700745920752582,-0.0004891446398681958,-0.005601010702762314
xsec,1,1,0.2,mom_ls,none,all,1768,-0.0009653665267491412,-2.509155319859116,-1.1400734905758778,-0.32095286805761225,-0.8714149993778101,637,-0.0007716401247610659,-1.4652678548004254,-1.1091588228717646,-0.2694451292651895,-0.5898305381115618,-0.0008938776817143861,0.000987457592282867,-0.001870053014177534,-0.0017801072567267472,-0.0012580904188780027,-0.001389556671200911,5.754935851299078e-05
xsec,1,1,0.2,rev_long,none,all,1759,0.0006038960315992379,0.5084885196393109,0.23162992396828533,-0.2092877173182387,-0.9642122117918098,637,-0.00012808052636853744,-0.07666356406383264,-0.058031757262412886,-0.3130681771265078,-0.8158115704740387,0.0025838937127672717,0.004026405385610179,-0.004704152676041925,0.0015779658827138466,-9.92540792474171e-05,-0.002310855360131803,0.0028010107027623154
xsec,1,1,0.2,rev_short,none,all,1768,-0.0042558354530532186,-3.6804154243428426,-1.6722536171397466,-0.854218835694394,-0.999961701027395,637,-0.003928639224109328,-2.466614841206895,-1.867145044360302,-0.823639462390807,-0.9706864266469661,-0.006238304331700369,-0.01160132057017591,0.0028442587043969957,-0.00361775136926035,-0.0029845650829965742,-0.0005100312974663724,-0.008516109419788295
xsec,1,1,0.2,rev_ls,none,all,1768,-0.0018275067764182784,-4.749741627187664,-2.1581185004304295,-0.49990219355366516,-0.9710153917306493,637,-0.002028359875238933,-3.8516536760901348,-2.9155731789828376,-0.5386038161674418,-0.7443284397067257,-0.0018650799730087395,-0.003787457592282866,-0.0009299469858224646,-0.0010198927432732514,-0.0015419095811219955,-0.001410443328799088,-0.0028575493585129893
xsec,1,1,0.2,mom_long,btc,all,1015,0.003439346295073204,2.3696790486007138,1.4210289963458997,0.6182988733799162,-0.7620175895263201,287,0.0026384498708147833,1.0442353710405006,1.1776165043649227,0.3285087817286063,-0.6049079841971725,0.0031400891109824142,0.014045972166906928,-0.011299080319382867,0.0018610013205127604,-0.00019947172093130543,-0.0024976134687349186,0.010902842698999304
xsec,1,1,0.2,mom_short,btc,all,745,-0.0025805600405803502,-1.2707028840857604,-0.8894311010077632,-0.45878834169119564,-0.9679435794926698,350,-0.003457067990643648,-1.57023142600009,-1.6035262543063118,-0.5796101807442194,-0.8014923150639128,-0.009573503176031718,-0.0034300968703807632,0.0008066122834286014,-0.0019990849601850603,-0.0059253891175966205,-0.0026242763658499905,-0.004423517530527646
xsec,1,1,0.2,mom_ls,btc,all,1760,0.00044557365320083543,0.7416576163881002,0.3377486014375059,0.046432065736129235,-0.7176020991402647,637,-0.0003553678836745947,-0.4270879182942294,-0.32329128846036187,-0.1895831173218785,-0.6283359939963773,-0.00017329084172477743,0.003695351020189095,-0.00074093055635966,0.00032240487631083313,-0.0009836548028470471,-0.0012814267681450396,0.0008873214282067001
xsec,1,1,0.2,rev_long,btc,all,1014,0.0012088125141525615,0.850545596272999,0.5102993969190388,0.034787454253842665,-0.8034342876686377,287,-0.0010855787178468143,-0.42393457167151966,-0.4780841199372599,-0.2865524719153849,-0.7218942879401307,0.0009933938239353988,0.006115285401614112,-0.009412441896528073,0.0026722511070770877,-0.001539509736335861,-0.004578678888293257,0.0045351370109624626
xsec,1,1,0.2,rev_short,btc,all,753,-0.0015821787403702402,-0.8419098925211803,-0.5861578110172319,-0.35253424174772574,-0.9176772900499988,350,-0.002690594493810856,-1.3265389236684855,-1.3546665518471992,-0.4961343447355312,-0.7543064262339619,-0.006957334363875884,-0.003074045312181596,0.0015260739360388026,-0.0013498166926246777,-0.0038443996971005917,-0.0007055266358580153,-0.004994253489459831
xsec,1,1,0.2,rev_ls,btc,all,1767,9.721363285768674e-06,0.017007835879963216,0.007729959417654988,-0.09349700194398902,-0.6828949954349952,637,-0.0009837277589135284,-1.2272831395768011,-0.929012342667393,-0.3523496574073106,-0.6598939144103982,-0.0006725278215339599,0.0013078934279062292,-0.00027087754218212546,0.0007025121330375808,-0.0011255643839690435,-0.001291870096944128,-0.00057022793030629
xsec,1,1,0.2,mom_long,none,top50,1768,0.0014323512622272155,1.229469073448293,0.5586282710470021,0.07547477377081258,-0.9621855092043324,637,-0.0004552379839967619,-0.2512763017831115,-0.19020776726128816,-0.42191367554258985,-0.887925879903945,0.0034383043317003695,0.008801320570175911,-0.00563621148699348,0.0007153648439561262,0.00016520387535554583,-0.002762331822196325,0.0026406783797636815
xsec,1,1,0.2,mom_short,none,top50,1759,-0.0033723895026745677,-2.8132376339319927,-1.281503896517882,-0.8045688053972506,-0.9998397197137505,637,-0.0005380537269271049,-0.28402162171511147,-0.21499488068314324,-0.46056228997289406,-0.8539280620042282,-0.00538389371276727,-0.006826405385610178,0.0018975959111385001,-0.004370347968875226,-0.002550383448028138,-0.0002783531161928767,-0.0008865490317726688
xsec,1,1,0.2,mom_ls,none,top50,1768,-0.0009614355496569139,-2.4512776711357356,-1.1137758865638259,-0.3212465882440648,-0.8702706323367793,637,-0.0004966458554619336,-0.6566271973837311,-0.4970448556075931,-0.2193250426437643,-0.6633203785689282,-0.0008938776817143861,0.000987457592282867,-0.00186930778792749,-0.0018274915624595497,-0.0011925897863362962,-0.0015203424691946008,0.0008770646739955062
xsec,1,1,0.2,rev_long,none,top50,1759,0.0005723895026745693,0.4774856786010771,0.21750731267003853,-0.22426414910656978,-0.9709876488951322,637,-0.0022619462730728936,-1.1940102197222642,-0.9038258537271906,-0.7125988197916551,-0.9257257341229606,0.0025838937127672717,0.004026405385610179,-0.004697595911138499,0.001570347968875227,-0.00024961655197186023,-0.002521646883807122,-0.00191345096822733
xsec,1,1,0.2,rev_short,none,top50,1768,-0.004232351262227214,-3.632869340155447,-1.650650319116019,-0.8539839027374131,-0.9999660910958978,637,-0.0023447620160032363,-1.294231036632912,-0.9796896645298928,-0.7116118473523163,-0.939594526631181,-0.006238304331700369,-0.01160132057017591,0.002836211486993481,-0.0035153648439561246,-0.002965203875355544,-3.7668177803673104e-05,-0.005440678379763679
xsec,1,1,0.2,rev_ls,none,top50,1768,-0.0018314377535105055,-4.6691846561188886,-2.1215161958741073,-0.5015045247430562,-0.9738896932602686,637,-0.002303354144538065,-3.045318832075013,-2.30520463544435,-0.5969994967635524,-0.8259051078675865,-0.0018650799730087395,-0.003787457592282866,-0.0009306922120725088,-0.0009725084375404488,-0.001607410213663702,-0.0012796575308053977,-0.0036770646739955042
xsec,1,1,0.2,mom_long,btc,top50,1015,0.003452870111418068,2.364490465649973,1.4179175510101683,0.6189454391283242,-0.7405974165706448,287,-0.0012679967018677657,-0.47569343530496017,-0.5364541902799058,-0.31359013077671616,-0.7341630675866996,0.0031400891109824142,0.014045972166906928,-0.011299080319382867,0.0020672297079095633,-0.0003489990855920305,-0.002688554604853614,0.0010178101056640095
xsec,1,1,0.2,mom_short,btc,top50,745,-0.0025490782095194853,-1.2461790872270977,-0.8722656188843916,-0.45812237084382745,-0.9677128526332923,350,-0.0016628253792542042,-0.6369918292774212,-0.650498458451366,-0.43871007503371473,-0.8328167044981049,-0.009573503176031718,-0.0034300968703807632,0.0007985270834632279,-0.001960780108263537,-0.005735635795834498,-0.003332068539794735,0.00027432100458295495
xsec,1,1,0.2,mom_ls,btc,top50,1760,0.0004561363343742393,0.7542097681551702,0.3434648128141322,0.048780466295733405,-0.6893597809577765,637,-0.0007424677677982887,-0.7943888056504641,-0.6013257915207492,-0.3113908794348098,-0.7053774698300621,-0.00017329084172477743,0.003695351020189095,-0.0007442089388113732,0.0003990653623658686,-0.001006043187956396,-0.0015100041788226025,0.00028749837199536715
xsec,1,1,0.2,rev_long,btc,top50,1014,0.0011772878393614891,0.8187717829690785,0.4912361534693549,0.023256479152617082,-0.8259580681387789,287,-0.0036336190198132576,-1.3214946189887777,-1.4902903281278168,-0.5422824066038676,-0.8326752424210202,0.0009933938239353988,0.006115285401614112,-0.009412441896528073,0.002678749184756604,-0.0016722786677905107,-0.005765141232039604,-0.00020380600559450176
xsec,1,1,0.2,rev_short,btc,top50,753,-0.001508809918364379,-0.7957707642538059,-0.5540346459758292,-0.3477528211609686,-0.9142544352226907,350,-0.003011224164657459,-1.218330637751679,-1.244163842165045,-0.560562451318127,-0.8247080896200152,-0.006957334363875884,-0.003074045312181596,0.00151615084701082,-0.0005765281831877834,-0.0041164724516364005,3.1792287460474725e-05,-0.006542625973288148
xsec,1,1,0.2,rev_ls,btc,top50,1767,1.6308998467507754e-05,0.02824205943451542,0.012835846655657904,-0.09330566476547264,-0.6923492415978003,637,-0.0016458219123363547,-1.79206657369831,-1.3565345372718791,-0.503417368175486,-0.7632077749249988,-0.0006725278215339599,0.0013078934279062292,-0.00027490115088388284,0.000826556924825419,-0.0012134534016200991,-0.0013896617096280008,-0.001989566302000138
xsec,3,1,0.1,mom_long,none,all,589,0.010126457005080382,2.455144139106135,1.115848288619831,0.9003731397350088,-0.9497705250394676,212,0.009063256212347437,1.4732491062031576,1.116076749081794,0.8957945940503653,-0.6767157102347332,0.01655956723300749,0.03258304587729711,-0.013266588995220787,0.006127957754245449,0.009650136806135828,-0.0014942392469859823,0.023374527834999402
xsec,3,1,0.1,mom_short,none,all,579,-0.005298838531386751,-1.4830909048560303,-0.6798518670581066,-0.6529297116953212,-0.9962807438147908,212,-0.006505576655923834,-1.053398976214764,-0.7980144701324808,-0.7596379946340456,-0.9468413402205724,-0.009112399322784967,-0.02071150409475841,0.013168540013024334,-0.005592779452582741,-0.0051862200019888735,-0.001836024384148607,-0.012835414179885807
xsec,3,1,0.1,mom_ls,none,all,589,0.0024587908882168223,1.2508423715202466,0.5685003570104854,0.17568241957751618,-0.49328332817942233,212,0.0012788397782118018,0.43338467813915277,0.32831553105500777,0.03691283243505494,-0.3826682793698962,0.00417027019642425,0.005935770891269346,-4.902449109822612e-05,0.000267589150831354,0.002231958402073477,-0.0016651318155672945,0.005269556827556798
xsec,3,1,0.1,rev_long,none,all,579,0.00249883853138675,0.6993994394529316,0.32060611603415257,-0.13289237279693145,-0.9607854904064382,212,0.003705576655923832,0.6000160880559448,0.45454906582642046,0.006828974801586396,-0.6176826927221243,0.006312399322784964,0.017911504094758408,-0.015968540013024335,0.0027927794525827426,0.0023862200019888727,-0.0009639756158513946,0.010035414179885809
xsec,3,1,0.1,rev_short,none,all,589,-0.012926457005080383,-3.1339998915226346,-1.4243841572427907,-0.8987683960419662,-0.999994282405739,212,-0.011863256212347437,-1.9283942991360203,-1.4608772075717154,-0.864218744533677,-0.9863586705114412,-0.019359567233007493,-0.03538304587729711,0.010466588995220787,-0.00892795775424545,-0.012450136806135827,-0.0013057607530140188,-0.026174527834999406
xsec,3,1,0.1,rev_ls,none,all,589,-0.005235021788047044,-2.6629874943812193,-1.2103118472315648,-0.5348874193861597,-0.9833782435601263,212,-0.004078839778211802,-1.3822737567119427,-1.047157330173466,-0.45527989327389806,-0.711367921191415,-0.006833015294463468,-0.008735770891269349,-0.0027509755089017746,-0.003067589150831354,-0.005031958402073477,-0.0011348681844327063,-0.0080695568275568
xsec,3,1,0.1,mom_long,btc,all,331,0.017991312684409552,2.9858619160655797,1.8102623853151103,1.2998257655247176,-0.8023095057220125,93,0.010146593534214135,0.9174197510652831,1.0493307901048383,0.2995551458274748,-0.6525417901913348,0.020603335841173666,0.0531880820278565,-0.044392955004333955,0.01082028272769201,0.010379720723915738,-0.008122849021162632,0.04042166976883849
xsec,3,1,0.1,mom_short,btc,all,248,-0.00706371123097322,-1.241223182147785,-0.8693803956210292,-0.4273852793291175,-0.9331592489162925,119,-0.005767315309811524,-0.6663901358817429,-0.6738153247943162,-0.5562601029687335,-0.8103455256318799,-0.06468313677884718,-0.009706269908010792,0.0058791828538567875,0.0038900472396547815,-0.014649478019761094,-0.0023872649731578833,-0.009700464792463037
xsec,3,1,0.1,mom_ls,btc,all,579,0.003629813569307602,1.7090212654173473,0.7834188007840156,0.31663785330228467,-0.5458862341596318,212,0.0006068931056942058,0.17666408941111686,0.13383390613254872,-0.08015448469923914,-0.5929277099737037,0.00010437228123651354,0.013705854141824299,-0.002005209018139548,0.0042932852314763684,0.0011892917103046056,-0.0025570090225800705,0.004895738212910446
xsec,3,1,0.1,rev_long,btc,all,331,0.0011765169921195463,0.2571324228028121,0.15589373056414602,-0.14068793485648967,-0.8397928549119869,93,0.004650233647185821,0.531814336961479,0.6082811687287938,0.07395179443069755,-0.4425569085406177,-0.011152689591977445,0.025554027835555368,-0.045733415079625146,0.007302904342793273,-0.002060371114795664,-0.001572241093378872,0.01496176321726445
xsec,3,1,0.1,rev_short,btc,all,258,-0.0028362739436154434,-0.5327453851014425,-0.365843756895547,-0.28708702209035375,-0.8704106190369114,119,-0.011016614439796154,-1.62406060218248,-1.6421565434747623,-0.6135960383104331,-0.8809992393485324,-0.010513823402643988,-0.005711793820491573,0.002843805482784908,0.00093795629248834,-0.010897432570860632,-0.0073129383608616086,-0.01532634660437453
xsec,3,1,0.1,rev_ls,btc,all,589,-0.0002906040348567186,-0.16752874349375652,-0.07614080930914244,-0.12929735015645616,-0.6587922724408588,212,-0.0020719466725175966,-0.7648284377689201,-0.5794045506875285,-0.2923719618015074,-0.6201252601307179,-0.005476130491779552,0.00637008325055495,-0.003356184527041322,0.002625696080645015,-0.0024426666917688722,-0.0022918772070127766,-0.0017738186146463522
xsec,3,1,0.1,mom_long,none,top50,589,0.009910708690815208,2.315753437504586,1.0524960506171228,0.7858381047314338,-0.9482206814105012,212,0.006505853898065813,0.9530523192836156,0.7219957098444985,0.23528689393047575,-0.7423647816972958,0.01655956723300749,0.03258304587729711,-0.013266588995220787,0.007009683085595323,0.0077340341651889145,-0.0023160442221960985,0.01846442690553196
xsec,3,1,0.1,mom_short,none,top50,579,-0.005152788262845611,-1.4095411148678965,-0.6461364947357214,-0.6541441469774754,-0.9963432113361295,212,0.003049938708843686,0.44854073258714294,0.3397971738444024,-0.22490732211725606,-0.8193903253515278,-0.009112399322784967,-0.02071150409475841,0.013235532500576498,-0.004408528144001235,-0.005734616611287286,-0.0023476878313388964,0.010366721352202297
xsec,3,1,0.1,mom_ls,none,top50,589,0.0024227020498323835,1.1814194235777191,0.5369480434747038,0.1577446806443632,-0.4557515525550533,212,0.00477789630345475,1.3490682463126185,1.0220021151171408,0.5225742904521578,-0.5161208919275939,0.00417027019642425,0.005935770891269346,-1.552824732214392e-05,0.0013005774707970444,0.0009997087769508144,-0.002331866026767497,0.014415574128867133
xsec,3,1,0.1,rev_long,none,top50,579,0.0023527882628456096,0.6436033506309955,0.2950290761939578,-0.16459082270138614,-0.96868321441654,212,-0.005849938708843689,-0.8603241063324313,-0.6517483891280176,-0.7290903789294361,-0.9294672013307136,0.006312399322784964,0.017911504094758408,-0.0160355325005765,0.0016085281440012368,0.002934616611287283,-0.0004523121686611064,-0.013166721352202303
xsec,3,1,0.1,rev_short,none,top50,589,-0.012710708690815208,-2.9700063095541918,-1.349850057647829,-0.9026700207538814,-0.999995800420275,212,-0.009305853898065816,-1.3632285291716801,-1.0327293997242564,-0.8333378724580379,-0.986499660925001,-0.019359567233007493,-0.03538304587729711,0.010466588995220787,-0.009809683085595324,-0.010534034165188914,-0.0004839557778039027,-0.021264426905531965
xsec,3,1,0.1,rev_ls,none,top50,589,-0.005198932949662605,-2.5350736102099005,-1.152175753928608,-0.5389061754542479,-0.9860731608424965,212,-0.007577896303454753,-2.139665373115898,-1.6209280315835275,-0.6640282063090659,-0.9053586690200316,-0.006833015294463468,-0.008735770891269349,-0.002784471752677857,-0.004100577470797044,-0.003799708776950815,-0.000468133973232505,-0.017215574128867133
xsec,3,1,0.1,mom_long,btc,top50,331,0.01743940270874323,2.7635803576605706,1.6754979670529186,1.1527063703914266,-0.8011018304523713,93,-0.0032046091789627,-0.28838511588873417,-0.32985051952349687,-0.3751328453187678,-0.7916175941587786,0.020603335841173666,0.0531880820278565,-0.044392955004333955,0.011752794078082052,0.007257454065150255,-0.0117824215122546,0.01101005125906388
xsec,3,1,0.1,mom_short,btc,top50,248,-0.0059165438937902924,-1.0292862822232636,-0.7209350647948306,-0.39590801693055133,-0.9206211018465639,119,0.006786563366597656,0.7303020124608495,0.7384393333991001,0.11310040542769428,-0.7211851938598588,-0.06468313677884718,-0.009706269908010792,0.005962581664891115,0.007008832773171771,-0.010683022113790859,-0.0010223088572309102,0.01587325104523453
xsec,3,1,0.1,mom_ls,btc,top50,579,0.003717736969718494,1.6935428071689556,0.7763234442519952,0.31803987397654465,-0.5298556523739641,212,0.0012018216674094103,0.3370941831540731,0.25536956274732026,-0.016272688738580898,-0.6349010331009203,0.00010437228123651354,0.013705854141824299,-0.0019717127743634657,0.005111874349406725,0.0007611919056132288,-0.0030688861253014136,0.006991003341972972
xsec,3,1,0.1,rev_long,btc,top50,331,0.00178054839434325,0.3761070753259967,0.22802544473010217,-0.11983697765103885,-0.8246348732271587,93,-0.0010686662973090416,-0.1071037821242422,-0.12250368077332806,-0.25321826203374764,-0.587219216227874,-0.011152689591977445,0.025554027835555368,-0.045733415079625146,0.007038736385095716,0.0006094622185446404,0.0010101749751821893,-0.00451360326315165
xsec,3,1,0.1,rev_short,btc,top50,258,-0.00305180279959747,-0.5626370673027835,-0.38637079593199775,-0.3001806390074011,-0.8818938627212334,119,-0.01689470319355868,-1.9897820853787969,-2.0119530436257134,-0.773166445572868,-0.9622063781036223,-0.010513823402643988,-0.005711793820491573,0.002843805482784908,0.0001630118216844642,-0.011548294378091701,-0.009062860196919419,-0.026008120498738924
xsec,3,1,0.1,rev_ls,btc,top50,589,-0.00016808455328398263,-0.09429019859516916,-0.04285432983757505,-0.12177796888768289,-0.6491236670276854,212,-0.004976074636045341,-1.5362760506309152,-1.1638235333461182,-0.5244637718755341,-0.8129972434344854,-0.005476130491779552,0.00637008325055495,-0.003356184527041322,0.002411296878609681,-0.0016385168713375872,-0.0021370200985339175,-0.00882457078689416
xsec,3,1,0.2,mom_long,none,all,589,0.007994557389083144,2.299533595991536,1.0451242299139154,0.6948821680611199,-0.8789438755612994,212,0.005238543925815193,1.0036341145035055,0.7603145286607041,0.33998702767796574,-0.733911076561492,0.01232879129910035,0.026387629287508072,-0.011214143521940957,0.007644708055163908,0.005533464357276354,-0.003550077523069886,0.01715200855652607
xsec,3,1,0.2,mom_short,none,all,586,-0.004929398102872997,-1.5342708690913764,-0.6990995717823031,-0.6066585801068201,-0.9953029477568713,212,-0.004366004889907557,-0.8415950001121919,-0.6375599400086669,-0.5956339385916434,-0.873419251117149,-0.00929329667036794,-0.013508286607184068,0.009137368960439813,-0.007561808422076616,-0.004265247097894103,-0.0012420700231399336,-0.008600672153748112
xsec,3,1,0.2,mom_ls,none,all,589,0.0015451332885283492,1.2365574207002443,0.562007932524434,0.13881399977881048,-0.36825281496408635,212,0.0004362695179538173,0.25637024897436,0.19421622102592156,0.015149259789552616,-0.39161640944031395,0.0016544134418716163,0.006439671340162002,-0.001038387280750573,4.1449816543646225e-05,0.0006341086296911258,-0.0023960737731049094,0.004275668201388979
xsec,3,1,0.2,rev_long,none,all,586,0.0021293981028729964,0.6627733061430633,0.30199656647835466,-0.10998148795091978,-0.931518562484598,212,0.0015660048899075578,0.30186450055152125,0.22868091283422304,-0.1340931096696648,-0.6662026798510269,0.006493296670367939,0.010708286607184068,-0.011937368960439811,0.004761808422076617,0.0014652470978941017,-0.0015579299768600655,0.005800672153748114
xsec,3,1,0.2,rev_short,none,all,589,-0.010794557389083146,-3.104918279022091,-1.4111667387531162,-0.8230554710833015,-0.9999052980182246,212,-0.008038543925815192,-1.5400762175775022,-1.166702393379942,-0.7410513341419773,-0.9552542632220282,-0.015128791299100351,-0.029187629287508076,0.008414143521940958,-0.010444708055163909,-0.008333464357276357,0.0007500775230698852,-0.019952008556526072
xsec,3,1,0.2,rev_ls,none,all,589,-0.004338002558477416,-3.4714281628487664,-1.5777432831262488,-0.4341280281802071,-0.9447707972992874,212,-0.003236269517953817,-1.901767572388087,-1.4407058254867735,-0.35028361958575716,-0.5944184246545661,-0.004413236971283382,-0.009239671340162004,-0.0017616127192494268,-0.0028414498165436454,-0.0034341086296911265,-0.0004039262268950904,-0.007075668201388979
xsec,3,1,0.2,mom_long,btc,all,331,0.013015981268229197,2.67032898897903,1.6189617139210986,0.8455999563729879,-0.7347833753488968,93,0.005047027285272489,0.5391511327866984,0.6166728844632499,0.062152678720668764,-0.6944997035126774,0.0134308236637036,0.04241902830092572,-0.040034218533982736,0.011368117689440994,0.004127683131799808,-0.010666276075007248,0.031086215710878908
xsec,3,1,0.2,mom_short,btc,all,255,-0.0044296765161437055,-0.8449065017871881,-0.5836122065254671,-0.33160695830993103,-0.9083496546188978,119,-0.0054962055253101605,-0.8430547125684716,-0.8524483697782578,-0.42865617978022674,-0.6511515645361345,-0.029467399698424147,-0.0008578369112555914,0.0036486110102726486,0.0006863508936331148,-0.015806477914307088,-0.0062353241616919155,-0.004636140202975029
xsec,3,1,0.2,mom_ls,btc,all,586,0.002712220382395237,1.5107861256961415,0.688398609923626,0.23311525265534794,-0.5836864732428038,212,-0.00043555405656030093,-0.15842792269076583,-0.12001888898217936,-0.13950031483438152,-0.5715168921569511,0.0004323387131563219,0.012341304065999476,-0.002472366253315025,0.003962617088371294,-0.0011223563062237392,-0.004170921142207799,0.004627943548428528
xsec,3,1,0.2,rev_long,btc,all,331,0.002514379989930306,0.6267110030675328,0.3799610923773676,-0.011868992954477853,-0.7685182979283559,93,0.00011983418439239798,0.014230724433806992,0.016276886666710004,-0.14969350927458602,-0.589782097035543,-0.0018645460126839185,0.01949332111824551,-0.03434979725695573,0.008684713462475147,-0.003957740876083083,-0.007067727646986392,0.012030650933534389
xsec,3,1,0.2,rev_short,btc,all,258,-0.004352343032504294,-0.8939245371692037,-0.613870565949289,-0.31667433801555156,-0.8980639720994271,119,-0.008188216594474617,-1.4169599719907835,-1.4327483141451351,-0.5026561519193753,-0.7999551491831322,-0.012718095501530744,-0.006102414708186662,0.0013561659679715429,-0.0026160006189915727,-0.011325255170470028,-0.005698977414623349,-0.011084785821937903
xsec,3,1,0.2,rev_ls,btc,all,589,-0.0002467272714084696,-0.15897387633894794,-0.07225267348769994,-0.10618377340690521,-0.6536798134151404,212,-0.002271823574514118,-0.9250352851137009,-0.7007710844341641,-0.29776932335461204,-0.5893856736126791,-0.0026347905732198923,0.0045016327258374745,-0.0028339789725644517,0.0025211672718276476,-0.0031564649359148646,-0.003174847369102889,-0.0010477246529604503
xsec,3,1,0.2,mom_long,none,top50,589,0.007995101491236431,2.2571809720278404,1.025875216295654,0.6711301694760086,-0.8920781494608991,212,0.00014925767549903943,0.027445266290527476,0.020791476098809936,-0.3038252679375426,-0.8305174057379929,0.01232879129910035,0.026387629287508072,-0.011214143521940957,0.007618359856214474,0.005562223441220347,-0.006944182053881909,0.00976480930865988
xsec,3,1,0.2,mom_short,none,top50,586,-0.00516603693135904,-1.5966095474182078,-0.7275045582822239,-0.6192387825018479,-0.9958481131588889,212,-0.0012191973587285336,-0.21716671216178537,-0.1645171323015106,-0.4444931992963961,-0.7507682305331693,-0.00929329667036794,-0.013508286607184068,0.009085955170784523,-0.007932430943776185,-0.004982890917805809,-0.003387273648053255,0.0017197505001338672
xsec,3,1,0.2,mom_ls,none,top50,589,0.0014276885709353648,1.1082169966451907,0.503677979402124,0.11946713926295782,-0.4099687733364067,212,-0.0005349698416147471,-0.2587579895808906,-0.19602508129440338,-0.11318790177744009,-0.5655515076676207,0.0016544134418716163,0.006439671340162002,-0.0010640941755782174,-0.00015703554378085493,0.0002896662617072687,-0.005165727850967582,0.005742279904396873
xsec,3,1,0.2,rev_long,none,top50,586,0.0023660369313590396,0.7312447054377,0.33319596346264607,-0.09007761254193203,-0.9314547605240662,212,-0.0015808026412714679,-0.2815768175052531,-0.21331174597347732,-0.4420543642101332,-0.7662541016033145,0.006493296670367939,0.010708286607184068,-0.011885955170784524,0.005132430943776185,0.002182890917805808,0.0005872736480532538,-0.004519750500133867
xsec,3,1,0.2,rev_short,none,top50,589,-0.010795101491236431,-3.0476783445259295,-1.3851515317716203,-0.8264151299655064,-0.999920330173338,212,-0.0029492576754990407,-0.54230485630184,-0.41082926063500624,-0.5284130036511333,-0.9031739976643811,-0.015128791299100351,-0.029187629287508076,0.008414143521940958,-0.010418359856214476,-0.008362223441220349,0.004144182053881908,-0.012564809308659879
xsec,3,1,0.2,rev_ls,none,top50,589,-0.004220557840884431,-3.2759205987343667,-1.4888862676238062,-0.4282312191393193,-0.9481549783091808,212,-0.0022650301583852527,-1.0955657768572384,-0.8299584133407814,-0.28189725946406774,-0.6492712682390749,-0.004413236971283382,-0.009239671340162004,-0.0017359058244217822,-0.0026429644562191443,-0.0030896662617072696,0.002365727850967581,-0.008542279904396873
xsec,3,1,0.2,mom_long,btc,top50,331,0.013324192961118779,2.671894674195766,1.6199109544200818,0.8640544392015184,-0.7347833753488968,93,-0.006077211977028552,-0.6630656109960413,-0.7584043843288832,-0.4137644523058652,-0.7977185532298225,0.0134308236637036,0.04241902830092572,-0.040034218533982736,0.01270962066944981,0.004031476215965217,-0.0145977284651079,0.008042501060360079
xsec,3,1,0.2,mom_short,btc,top50,255,-0.0042468709506521445,-0.8046254517669877,-0.5557884030232743,-0.32689784828337665,-0.9050716117180007,119,-0.002509237029858138,-0.336691101179148,-0.3404426498543539,-0.3387320022564695,-0.6932820958978735,-0.029467399698424147,-0.0008578369112555914,0.0035846060884568804,0.0003946939031872836,-0.014158720884417839,-0.008782746608430248,0.00479084684338941
xsec,3,1,0.2,mom_ls,btc,top50,586,0.0028390407659675924,1.555963289299931,0.7089838510085021,0.2473073213988346,-0.5658811328198547,212,-0.0020372167934357872,-0.7037689390509018,-0.5331482274745467,-0.30063013727316057,-0.6764159434004011,0.0004323387131563219,0.012341304065999476,-0.0024980731481426695,0.004370173376525571,-0.0008917114285540274,-0.005773623089818829,0.003027689519439002
xsec,3,1,0.2,rev_long,btc,top50,331,0.0030741557382480368,0.7606257331379723,0.4611506468513323,0.022293703134556697,-0.7276812524263263,93,-0.0032314985645448308,-0.3767389498568396,-0.4309082941123791,-0.2930334265518897,-0.6096031896388734,-0.0018645460126839185,0.01949332111824551,-0.03434979725695573,0.009092892761234421,-0.0021286436448191217,-0.005366351687535153,0.0003062580392677027
xsec,3,1,0.2,rev_short,btc,top50,258,-0.003958166310883496,-0.8039183095629392,-0.5520620221827363,-0.3050398172912776,-0.889075151913731,119,-0.007815322193860937,-1.1977613768993713,-1.2111073194888333,-0.509926776437055,-0.8323278290737778,-0.012718095501530744,-0.006102414708186662,0.0013561659679715429,0.000286342366485457,-0.011619967535994086,-0.0027918443812916466,-0.013660823648487024
xsec,3,1,0.2,rev_ls,btc,top50,589,-3.108114471852217e-06,-0.0019843209478127813,-0.0009018619715319511,-0.08163492407405926,-0.603553821670632,212,-0.0029022469518210406,-1.1076365901932104,-0.8391027963579238,-0.3568273949648987,-0.6529392367908438,-0.0026347905732198923,0.0045016327258374745,-0.0028339789725644517,0.003127208920306427,-0.002581377690261297,-0.002007895238851247,-0.004114590384957871
xsec,7,1,0.1,mom_long,none,all,252,0.01855578416163328,2.1089832119257967,0.9593349449857965,0.5936414616675023,-0.8943424000422493,91,0.017075476644199818,1.298495501294401,0.9829177218360159,0.6656626602111777,-0.6173079679893133,0.03964798850810303,0.05196460325098591,-0.024841578587192208,0.013145393941796812,0.01610746820931436,-0.00039444912618586634,0.0414414257450009
xsec,7,1,0.1,mom_short,none,all,248,-0.018075341788457287,-1.9298808156828413,-0.8849160268944032,-0.8434825529199481,-0.9999109298577957,91,-0.013487953994715076,-0.9794475686860001,-0.7414090937635033,-0.7058938384097739,-0.9198959400471088,-0.0559348792107179,-0.026181466907321923,0.015773528998469784,-0.017533690780749036,-0.015237017370181362,0.004428900473398624,-0.03847725101603155
xsec,7,1,0.1,mom_ls,none,all,252,0.00038367628014718025,0.08767806105325184,0.039883023914721476,-0.10631611160277954,-0.7328576920738652,91,0.0017937613247423713,0.28926880312707365,0.2189668217444445,0.00471274346378836,-0.2949497959703232,-0.005600950841729349,0.012891568171831996,-0.0045340247943612124,-0.0021941484194761118,0.0004352254195664984,0.0020172256736063787,0.0014820873644846764
xsec,7,1,0.1,rev_long,none,all,248,0.015275341788457287,1.6309284447040153,0.7478361915970921,0.3291959247694478,-0.899412913313199,91,0.010687953994715064,0.7761214605605293,0.587498021457709,0.14996980638729385,-0.7610544814342571,0.0531348792107179,0.02338146690732192,-0.01857352899846979,0.014733690780749034,0.01243701737018136,-0.0072289004733986275,0.03567725101603154
xsec,7,1,0.1,rev_short,none,all,252,-0.021355784161633282,-2.427221069294389,-1.1040950813703427,-0.81336391433377,-0.9998673564529862,91,-0.01987547664419982,-1.5114200057977247,-1.1440944595920126,-0.7809127608555263,-0.9681966111305095,-0.04244798850810304,-0.054764603250985915,0.022041578587192204,-0.015945393941796816,-0.018907468209314365,-0.0024055508738141367,-0.04424142574500091
xsec,7,1,0.1,rev_ls,none,all,252,-0.003161454057924962,-0.7223356758625831,-0.3285762788183308,-0.24218537426865694,-0.8489358698388115,91,-0.004593761324742375,-0.7408074987069535,-0.5607665318995863,-0.2839691118828175,-0.6311220228189468,0.0029282235690020727,-0.015691568171832,0.0017340247943612075,-0.0006058515805238905,-0.003235225419566504,-0.004817225673606383,-0.004282087364484682
xsec,7,1,0.1,mom_long,btc,all,146,0.03021494385362533,2.361678595069471,1.411372911439844,0.7528106605717435,-0.6586008210704118,41,0.021414924405357697,0.9661707405895914,1.0895806076929515,0.33003849353604764,-0.4337675628877278,0.050443838781076944,0.07184749440571905,-0.061248529813060025,0.024657531842073505,0.011183758273160453,-0.001644689714170938,0.061384922212540674
xsec,7,1,0.1,mom_short,btc,all,102,-0.005177755134940932,-0.44970266600988573,-0.3215309536200739,-0.22041479120001806,-0.8436456794510447,50,-0.0023151969099619607,-0.14564538595100446,-0.14873361742984118,-0.22954722324748,-0.6098021151604245,-0.09105980201431986,0.04622542509348853,0.0005271717809535836,-0.005936766870803795,-0.04597695123891023,0.003097406447473763,-0.008669122590429984
xsec,7,1,0.1,mom_ls,btc,all,248,0.007829134634809118,1.7496500128592862,0.8022740706334008,0.3089041723065682,-0.5754697509172599,91,0.004188198105063558,0.6322680403104992,0.47860578735329484,0.12296502760931793,-0.35909714323322983,0.012840350820941255,0.030750060130197595,-0.0068643796780632396,0.007327774785277963,-0.0037516983798159425,0.0003855475614466716,0.00949189491589764
xsec,7,1,0.1,rev_long,btc,all,146,0.024285984518996113,1.7714452529189235,1.058641023079149,0.45412713697487694,-0.75660477927857,41,0.02431326751270667,1.026409141948694,1.1575133148242505,0.38603360952953447,-0.5143157631134052,0.045684138009953856,0.07243129697238707,-0.06939471972352379,0.02036648239415101,-0.002493807651772663,-0.00861160580801291,0.08138304793528728
xsec,7,1,0.1,rev_short,btc,all,106,-0.005296941567002726,-0.47498283803709485,-0.33313663733255783,-0.2216779766969731,-0.8123751869225624,50,-0.016317129480050353,-1.034793218116357,-1.0567347370282485,-0.49120235057109984,-0.8115889536017956,-0.010060437689181282,-0.025413668689237,0.01111949321943186,0.007756066441125794,-0.029044518077866524,-0.003609486254836797,-0.031234797613996702
xsec,7,1,0.1,rev_ls,btc,all,252,0.005921186376331634,1.2796722315958367,0.5820977061153757,0.18930687189596007,-0.5657331785392541,91,0.0009944367803211864,0.14380436554576528,0.10885510133182218,-0.057933576820933474,-0.5458959473180536,0.015873997042585034,0.016458491958365597,-0.0037303548837020304,0.008121923204754074,-0.005586923799382443,-0.00303167811215971,0.00660980755141296
xsec,7,1,0.1,mom_long,none,top50,252,0.017982577933874127,1.9789302967554123,0.900176434138147,0.508403104707476,-0.8995258223466819,91,-0.0015570342141744725,-0.09881814128610839,-0.07480203220741802,-0.4615834359670613,-0.7684063576703322,0.03964798850810303,0.05196460325098591,-0.024841578587192208,0.015288517159534876,0.01118649942628194,-0.008012464713452424,0.007446592534818465
xsec,7,1,0.1,mom_short,none,top50,248,-0.016618048702455143,-1.7823892746721233,-0.8172861362757138,-0.8303685481986914,-0.9998670606146293,91,-0.007072912555436351,-0.38950001497066933,-0.29483850116417426,-0.7424312725919757,-0.9362956950127546,-0.0559348792107179,-0.026181466907321923,0.0156742347864394,-0.01580481934627448,-0.009916427567076835,-0.005548589476295598,-0.009198942113185296
xsec,7,1,0.1,mom_ls,none,top50,252,0.0008141538911258028,0.17974513745604917,0.08176252450838875,-0.09371587410332205,-0.7328576920738652,91,-0.004314973384805413,-0.4379527639290001,-0.33151561369582344,-0.3714199134530419,-0.6256523326721697,-0.005600950841729349,0.012891568171831996,-0.004583671900376404,-0.00025815109336980145,0.0006350359296025508,-0.006780527094874014,-0.000876174789183419
xsec,7,1,0.1,rev_long,none,top50,248,0.01381804870245514,1.4820718271522695,0.6795803669314517,0.2430664343191553,-0.8987566770138725,91,0.004272912555436345,0.2353061049838104,0.17811886172438493,-0.3887648911678897,-0.8845312951353539,0.0531348792107179,0.02338146690732192,-0.018474234786439406,0.013004819346274475,0.007116427567076832,0.0027485894762955924,0.006398942113185287
xsec,7,1,0.1,rev_short,none,top50,252,-0.020782577933874134,-2.2870621369893684,-1.0403395422784385,-0.8171387656497713,-0.9998960405163345,91,-0.0012429657858255322,-0.07888559385487133,-0.059713759593481665,-0.5566815104526817,-0.9105354296653483,-0.04244798850810304,-0.054764603250985915,0.022041578587192204,-0.01808851715953488,-0.01398649942628194,0.005212464713452422,-0.010246592534818466
xsec,7,1,0.1,rev_ls,none,top50,252,-0.003591931668903585,-0.7928828570877263,-0.3606668027432348,-0.2659607357127739,-0.878229426866155,91,0.0015149733848054073,0.15376381775395848,0.11639407398552293,-0.14506800134480258,-0.7245357805554559,0.0029282235690020727,-0.015691568171832,0.001783671900376399,-0.0025418489066302012,-0.003435035929602555,0.003980527094874009,-0.0019238252108165908
xsec,7,1,0.1,mom_long,btc,top50,146,0.0305718751258525,2.3033778726369225,1.3765315657417214,0.73506403174231,-0.6616647598834051,41,-0.01874224514319401,-0.8368547576824713,-0.9437469767196424,-0.4955184494362209,-0.7414109851644641,0.050443838781076944,0.07184749440571905,-0.061248529813060025,0.02956118586340206,0.007769017558836648,-0.00347351832670436,-0.04520803829177607
xsec,7,1,0.1,mom_short,btc,top50,102,-0.007951686094118348,-0.6631368597339146,-0.47413333966354476,-0.27525705415217283,-0.8909684242983641,50,0.017004151586234455,0.7384094922788028,0.7540665584016826,0.029659272774307466,-0.6919330268235676,-0.09105980201431986,0.04622542509348853,0.0003980893053140866,-0.004044299565482765,-0.06420928082720281,-0.012979355450012506,0.05220218158530697
xsec,7,1,0.1,mom_ls,btc,top50,248,0.0073637536023677275,1.5833466618586514,0.7260183249776067,0.26733466382939985,-0.6608408557662412,91,0.00044931609033389234,0.055455450046553244,0.041977923349609474,-0.12818330028696334,-0.4676682664347437,0.012840350820941255,0.030750060130197595,-0.006914026784078431,0.009287388582748702,-0.007881174610607356,-0.004158057298534443,0.006875389501123938
xsec,7,1,0.1,rev_long,btc,top50,146,0.01987263079869044,1.477361552506074,0.8828923969429677,0.2970242646820531,-0.7754963179898868,41,0.033635185898937325,1.1779762529974585,1.3284402307666656,0.5523072590254046,-0.549862584338568,0.045684138009953856,0.07243129697238707,-0.06939471972352379,0.018717071811230453,-0.01925438687355578,-0.004967975188718118,0.10054733178420676
xsec,7,1,0.1,rev_short,btc,top50,106,-0.003442602556243551,-0.3028068428889118,-0.21237831206318675,-0.19478763457973813,-0.8123751869225624,50,-0.015334838747621548,-0.6961899711130152,-0.710951824157676,-0.604062108511073,-0.8948345670406415,-0.010060437689181282,-0.025413668689237,0.01111949321943186,0.011296388995485792,-0.021022491506316358,0.009583301974765377,-0.04458656916085837
xsec,7,1,0.1,rev_ls,btc,top50,252,0.005032714733426564,1.0993327896843972,0.5000648442098978,0.14028030882456544,-0.5306075238304013,91,0.0033642894751393024,0.37911640137473956,0.2869784525078927,-0.014460684414460911,-0.6041282931888234,0.015873997042585034,0.016458491958365597,-0.0037303548837020304,0.008145539676118503,-0.009916210540209906,0.0012224697963395673,0.006351564290307353
xsec,7,1,0.2,mom_long,none,all,252,0.015610743812606,1.9825164453072797,0.9018077025163219,0.4943941371410847,-0.8883995812953224,91,0.01259778331939333,1.1029421560005306,0.8348903713661403,0.43501916584294764,-0.5951617117150367,0.03222639242407934,0.04463532239249408,-0.02240910804267617,0.010763370503198644,0.015393995418468469,-0.00371214637251622,0.035345843152846126
xsec,7,1,0.2,mom_short,none,all,251,-0.014839198757901203,-1.827367658681681,-0.832887771591959,-0.7090760321778273,-0.9986384650333342,91,-0.009164929924996845,-0.8185240249645437,-0.6195953463713895,-0.5500578288985455,-0.8556175618608306,-0.03321543758347258,-0.032527335391794726,0.017671085217281966,-0.01626598554947061,-0.013038823355706644,0.006550916516667473,-0.031084399962054973
xsec,7,1,0.2,mom_ls,none,all,252,0.0004152153820307742,0.14481359666313376,0.06587285427519599,-0.03087017352276178,-0.5102782636069776,91,0.0017164266971982443,0.4614246764791139,0.3492830674820659,0.05863199970916888,-0.16740872027166387,-0.00011707442533897663,0.006053993500349671,-0.0023690114126971003,-0.002751307523135983,0.001177586031380913,0.001419385072075626,0.0021307215953955787
xsec,7,1,0.2,rev_long,none,all,251,0.012039198757901198,1.4825626912581977,0.6757306502065634,0.22897809041580475,-0.8610461545207826,91,0.006364929924996841,0.5684547621707516,0.43030126730722357,0.04631746661227765,-0.7100311080025858,0.030415437583472576,0.029727335391794722,-0.02047108521728197,0.013465985549470611,0.01023882335570664,-0.009350916516667475,0.028284399962054972
xsec,7,1,0.2,rev_short,none,all,252,-0.018410743812606004,-2.338107832463208,-1.0635592242475713,-0.7505772285783364,-0.9994576190912631,91,-0.015397783319393335,-1.3480835398856925,-1.020454210698612,-0.6827806572349515,-0.9304433748641493,-0.03502639242407935,-0.047435322392494074,0.01960910804267616,-0.013563370503198644,-0.018193995418468473,0.0009121463725162164,-0.03814584315284614
xsec,7,1,0.2,rev_ls,none,all,252,-0.003209659826475222,-1.1192129674621902,-0.5091079457134664,-0.19313475353501175,-0.7258487195872156,91,-0.0045164266971982475,-1.21414490406032,-0.9190671372277656,-0.23580145386072993,-0.4797721650399436,-0.0026511073928428466,-0.008853993500349678,-0.0004309885873029043,-4.8692476864017844e-05,-0.003977586031380917,-0.004219385072075629,-0.004930721595395581
xsec,7,1,0.2,mom_long,btc,all,146,0.024473797172646417,2.23187729629223,1.3338017985261843,0.6047814186545375,-0.674643633714324,41,0.02280289474868441,1.081064706166764,1.219150083950777,0.3979439595473204,-0.4299177388567732,0.03594301305666686,0.06725766863197295,-0.06386838025259492,0.018421112605345433,0.0121071100168359,-0.0005134755170100644,0.06321793654255485
xsec,7,1,0.2,mom_short,btc,all,105,-0.005411248460756525,-0.44596647093939823,-0.31427148023780205,-0.251420227367641,-0.8167734370179645,50,-0.0036213707888798096,-0.2677094994576556,-0.27338595050353265,-0.21411777238479024,-0.5012641513301097,-0.04438039922965231,0.015365057585407875,0.005134100305600601,-0.003584789624815114,-0.03479211141050849,0.002331010921013882,-0.010608949317885445
xsec,7,1,0.2,mom_ls,btc,all,251,0.005986042427942112,1.4619996588035549,0.6663583171695016,0.21687968820300796,-0.5152726074739917,91,0.0041420337651212665,0.6861782414192329,0.5194140088717335,0.1403281135339034,-0.2691502779531807,0.00863157486713353,0.023150518623891607,-0.005394774526991489,0.005613437668896474,-0.0016126638787441147,0.0004678012398595587,0.00926662123456523
xsec,7,1,0.2,rev_long,btc,all,146,0.018819573971601136,1.7269292068346183,1.032037597151944,0.3680314551712891,-0.697527093201207,41,0.013125367895871275,0.7009347984762866,0.7904658375504903,0.15972436428682069,-0.5090567524646128,0.027032115872509022,0.062170569344093256,-0.06226103492288652,0.019625423570017564,-0.0003270594137685483,-0.013733126173692359,0.05968009094978158
xsec,7,1,0.2,rev_short,btc,all,106,-0.006203142014814497,-0.563447632692256,-0.39518280374885684,-0.2365238294313442,-0.8242489908784758,50,-0.0070295919473746474,-0.6047370567608873,-0.6175597631096919,-0.25910769014349966,-0.6154470634276832,-0.023876530526316785,-0.014040430324691919,0.007171326379700538,0.00220256911886828,-0.024961112421829638,0.0039923479370777,-0.019968390942166535
xsec,7,1,0.2,rev_ls,btc,all,252,0.004147072909292518,1.0560568442916227,0.4803794685948518,0.12083871437799765,-0.5344446258880327,91,0.0010256070679230227,0.19403541838950217,0.14687833050541046,-0.011294349861063147,-0.40237418400538383,0.007152477136401284,0.01569652512354193,-0.004425763114294391,0.006964745192032457,-0.004190249910125029,-0.00235158383221607,0.005735899639169651
xsec,7,1,0.2,mom_long,none,top50,252,0.014566647709830917,1.8424280937937372,0.8380842692369851,0.4138074000375658,-0.8896991574628255,91,0.0043992261644016884,0.3247311049087916,0.24581059967328664,-0.15534816197912793,-0.7987474066357698,0.03222639242407934,0.04463532239249408,-0.02240910804267617,0.012295252465359674,0.008802263112089722,-0.014022877480225997,0.030093212826645576
xsec,7,1,0.2,mom_short,none,top50,251,-0.013172016181037177,-1.6349045635071822,-0.7451658740898301,-0.6804044093747753,-0.9977737730089856,91,-0.0029701869481399234,-0.23663245345733092,-0.17912286321584475,-0.4231948756730204,-0.7450062613423379,-0.03321543758347258,-0.032527335391794726,0.017511242504192573,-0.016681426927165045,-0.004416177211213763,0.0011441734816102452,-0.008708637021212523
xsec,7,1,0.2,mom_ls,none,top50,252,0.000723450717137023,0.2493344287634746,0.11341732316705083,-0.01689101477407351,-0.5084514171482152,91,0.0007145196081308837,0.12450703802913933,0.0942476689754855,-0.0375921582488733,-0.33787599866242357,-0.00011707442533897663,0.006053993500349671,-0.0024489327692417983,-0.002193087230902687,0.0021930429504379814,-0.006439351999307877,0.010692287902716525
xsec,7,1,0.2,rev_long,none,top50,251,0.010372016181037173,1.2873698569821206,0.586764577069313,0.13700658985306413,-0.8827111322067056,91,0.0001701869481399188,0.013558660039895695,0.010263452760736003,-0.3001436567302166,-0.765609609750734,0.030415437583472576,0.029727335391794722,-0.020311242504192577,0.013881426927165045,0.0016161772112137586,-0.003944173481610251,0.005908637021212517
xsec,7,1,0.2,rev_short,none,top50,252,-0.01736664770983092,-2.1965794926183846,-0.9991807686244064,-0.7374849160164221,-0.9993520283871375,91,-0.007199226164401691,-0.5314145214383162,-0.4022630422993662,-0.5938799028458546,-0.9059277539740906,-0.03502639242407935,-0.047435322392494074,0.01960910804267616,-0.015095252465359674,-0.011602263112089728,0.011222877480225997,-0.03289321282664557
xsec,7,1,0.2,rev_ls,none,top50,252,-0.003517895161581471,-1.2122036624773533,-0.551407582231247,-0.2066684056285435,-0.7587377542316731,91,-0.0035145196081308875,-0.6124148610118382,-0.4635775937646461,-0.2324233581733407,-0.6506026018179119,-0.0026511073928428466,-0.008853993500349678,-0.00035106723075820626,-0.0006069127690973141,-0.004993042950437985,0.0036393519993078724,-0.013492287902716527
xsec,7,1,0.2,mom_long,btc,top50,146,0.022644442912224668,2.0598861705829576,1.2310174415265092,0.5206054699916702,-0.672289939755365,41,0.004369860111510657,0.1809908325640782,0.20410895615787403,-0.13300465522569938,-0.5461361094025778,0.03594301305666686,0.06725766863197295,-0.06386838025259492,0.021173185773251422,0.001724016219742052,-0.011648304903481378,0.032134679470830194
xsec,7,1,0.2,mom_short,btc,top50,105,-0.005770799741958298,-0.4725299661615641,-0.3329907102870366,-0.25882876058891824,-0.8256720112836252,50,0.006634880563170692,0.42948960624677596,0.43859640570481484,0.015455351866872746,-0.4447262234425656,-0.04438039922965231,0.015365057585407875,0.0049263047785843865,-0.0033224413234664097,-0.036786286973359415,-0.0072701840141622415,0.022958217240909358
xsec,7,1,0.2,mom_ls,btc,top50,251,0.005378794207727448,1.3092627886171695,0.5967430589344708,0.1796332922645849,-0.5333768033479063,91,0.0028071884215959977,0.40932370678950186,0.3098443737155405,0.04046347993939925,-0.3705959792555594,0.00863157486713353,0.023150518623891607,-0.0054746958835361886,0.006582499995816065,-0.0054329452966936365,-0.004708970715782042,0.013290252481623265
xsec,7,1,0.2,rev_long,btc,top50,146,0.015694808825580202,1.463530571420539,0.8746268047986707,0.25860270722744705,-0.7628360807230146,41,0.01188368391315286,0.5771036025751489,0.6508175704140098,0.08844934001209226,-0.5413689882296898,0.027032115872509022,0.062170569344093256,-0.06226103492288652,0.02037007707753296,-0.014106447530399843,-0.012682160111835527,0.05446448022313273
xsec,7,1,0.2,rev_short,btc,top50,106,-0.006240627902760288,-0.561918257854869,-0.3941101528028698,-0.23900546233655773,-0.8270899069833331,50,-0.0072233063277723384,-0.48338312417170093,-0.49363266946733875,-0.31292873910706054,-0.6931706356527261,-0.023876530526316785,-0.014040430324691919,0.007171326379700538,0.0031828455214762807,-0.026175124361040813,0.013509502924498595,-0.03156182153695996
xsec,7,1,0.2,rev_ls,btc,top50,252,0.003233999069131188,0.8304505134566229,0.37775559005652554,0.07212330666602851,-0.5846506528747291,91,0.0006926688134651119,0.1121032663038284,0.08485842809304642,-0.05211116356568235,-0.46250449953128414,0.007152477136401284,0.01569652512354193,-0.004425763114294391,0.007375587226718753,-0.009025988247131618,0.000330381283525834,0.001197964578906736
xsec,14,1,0.1,mom_long,none,all,126,0.04496723672041103,2.311081187855186,1.0512653356705672,0.8310577741364282,-0.9154071105778196,45,0.018748957936569378,0.733215093165994,0.5580942573984955,0.15863296351863676,-0.7354528815934882,0.07626309507383562,0.16721878844755847,-0.03936943446828429,0.01649020320174623,0.0090482787861875,-0.008774529322570852,0.0564126773438139
xsec,14,1,0.1,mom_short,none,all,124,-0.04080403196600372,-1.7750395016003264,-0.8139160152130988,-0.9150141655200575,-1.0464065941077438,45,-0.018254575356045157,-0.5773088731267207,-0.4394246242886296,-0.8328026709011533,-0.9808518594229538,-0.11723025965416903,-0.03647746101849145,0.034762066841942135,-0.05842679782557459,-0.044284529947917636,0.022088253823516646,-0.0734605521280771
xsec,14,1,0.1,mom_ls,none,all,126,0.002405443900743374,0.23304099386114568,0.10600576038776148,-0.12779840895118155,-0.7816539514314358,45,0.00024719129026211123,0.014726754140907055,0.011209421345475559,-0.17535355406784958,-0.5865914106836401,-0.015154934124068103,0.06537066371453351,-0.002303683813171075,-0.020968297311914182,-0.017618125580865066,0.006656862250472895,-0.008523937392131599
xsec,14,1,0.1,rev_long,none,all,124,0.03800403196600371,1.6532351022551386,0.7580645531689697,0.3482619478980087,-0.9210660279238077,45,0.015454575356045155,0.4887576571588558,0.3720229496941718,-0.06380410389243718,-0.7535033532401063,0.11443025965416902,0.03367746101849143,-0.03756206684194214,0.05562679782557459,0.041484529947917625,-0.024888253823516646,0.07066055212807709
xsec,14,1,0.1,rev_short,none,all,126,-0.047767236720411034,-2.454986568704556,-1.1167250604515098,,-1.020148812140534,45,-0.021548957936569392,-0.8427146327036268,-0.6414409653063445,-0.6507423408729109,-0.9036493700809982,-0.07906309507383563,-0.17001878844755852,0.03656943446828427,-0.019290203201746233,-0.011848278786187506,0.005974529322570843,-0.05921267734381391
xsec,14,1,0.1,rev_ls,none,all,126,-0.005183221678521155,-0.50217581421239,-0.2284298918912357,-0.25190760917948785,-0.9147488365408554,45,-0.0030471912902621115,-0.18154052638513132,-0.13818145071613328,-0.21034350989532136,-0.43951809304328315,0.012482206851340827,-0.06817066371453354,-0.0004963161868289336,0.01816829731191418,0.014818125580865059,-0.009456862250472901,0.005723937392131596
xsec,14,1,0.1,mom_long,btc,all,75,0.07401392798339161,2.6302312059480504,1.550763993530185,1.0847588060792108,-0.7204293441428555,19,0.06016933103051396,1.3417145361945293,1.5716858343590578,0.6118743648603582,-0.26822687817195034,0.11380452301377769,0.24606219260423384,-0.10719369706680712,0.03336984860890289,-0.005323182072665834,0.007227374254769693,0.15092697121750412
xsec,14,1,0.1,mom_short,btc,all,49,-0.025485376526082456,-0.8292810385670136,-0.6049035172787033,,-1.0447759771234555,26,-0.03505315674302767,-0.7169624772390839,-0.7179466403341336,-0.8183228824364321,-0.9669027768765087,-0.04960509433446039,-0.04730097824706472,0.0027994136851792516,-0.002865534672940238,-0.0678314896974862,0.006428743883451529,-0.08344870747392007
xsec,14,1,0.1,mom_ls,btc,all,124,0.017347827213614237,1.6301053982832154,0.7474587968052868,0.2915184278834544,-0.610326176171434,45,0.0025759468251227292,0.1498281805073227,0.11404327040860779,-0.1220099858332343,-0.6231436184906807,0.04056129977206504,0.06661510190763643,-0.013407058066331617,0.011807084247280256,-0.013480336586782595,0.0033986712581838027,0.0014501133904075826
xsec,14,1,0.1,rev_long,btc,all,75,0.04801222018675226,1.4827318074483289,0.874207215644378,0.3076178839380588,-0.7859419082715633,19,-0.00753295706824669,-0.21794608636174312,-0.25530227730877303,-0.17720290693561735,-0.4925728140831954,0.1313365509840962,0.026912762750633135,-0.12431783969601282,0.0760967368818083,0.02901849243344015,-0.04315768208692594,0.053538000106632025
xsec,14,1,0.1,rev_short,btc,all,51,-0.005051514274851365,-0.21469948435390834,-0.15350705068876058,-0.17722028124836653,-0.673161045601329,26,0.008719776247467028,0.29964123395890985,0.3000525467592019,-0.04259520195122002,-0.5479240064863689,0.021047379432676542,-0.04386934179687792,0.011581548247775863,0.026525977189107576,-0.03899437151957713,0.019690446674577023,-0.004079339250827958
xsec,14,1,0.1,rev_ls,btc,all,126,0.013267020976146824,1.231103124855261,0.5600045756060852,0.18861601708773623,-0.5973809627376185,45,0.0009287555348606171,0.08427433104345712,0.06414627936580854,-0.04484667601685155,-0.34436280180281675,0.050628843007763595,-0.00015556180689709544,-0.012503374253160544,0.03137538155919444,0.0027377889940824697,-0.004658190992289097,0.008574050782539177
xsec,14,1,0.1,mom_long,none,top50,126,0.04624097958933716,2.3165304105405102,1.0537440797949778,0.835793004815446,-0.9142203455614588,45,0.009452145642154967,0.29559736358926786,0.22499699291372527,-0.2147678899170411,-0.8194351887696341,0.07626309507383562,0.16721878844755847,-0.03936943446828429,0.02698088422443493,0.004730351666756139,-0.02914678756255071,0.06227173844859431
xsec,14,1,0.1,mom_short,none,top50,124,-0.03912418511452049,-1.7522388519335397,-0.8034611414458783,-0.8977906602135164,-1.0464065941077438,45,-0.0016095405384576543,-0.04212519939932188,-0.03206403154497757,,-1.4785125420500653,-0.11723025965416903,-0.03647746101849145,0.03413661304140974,-0.06100449870602092,-0.03306979797524971,-0.006108119956754549,0.004546410244474926
xsec,14,1,0.1,mom_ls,none,top50,126,0.0038689066430791243,0.3835318762570891,0.1744611001779466,-0.08363722061374868,-0.7364738018608195,45,0.003921302551848655,0.1773945440518411,0.13502569334963693,-0.1890847468416862,-0.6339682541248728,-0.015154934124068103,0.06537066371453351,-0.0026164107134372732,-0.017011807240792997,-0.014169723154246788,-0.017627453759652627,0.03340907434653462
xsec,14,1,0.1,rev_long,none,top50,124,0.036324185114520485,1.6268363989226267,0.7459598493560013,0.329588675241534,-0.9196440944883046,45,-0.001190459461542353,-0.031156930189739578,-0.023715419907651657,-0.4814209250986996,-0.7589928409337854,0.11443025965416902,0.03367746101849143,-0.03693661304140975,0.05820449870602092,0.030269797975249705,0.003308119956754533,-0.007346410244474934
xsec,14,1,0.1,rev_short,none,top50,126,-0.049040979589337154,-2.4568017717252792,-1.1175507605709687,,-1.020148812140534,45,-0.012252145642154978,-0.3831618859088006,-0.2916476354248581,-0.7845284838341133,-0.9720745279550025,-0.07906309507383563,-0.17001878844755852,0.03656943446828427,-0.02978088422443493,-0.007530351666756153,0.026346787562550697,-0.06507173844859432
xsec,14,1,0.1,rev_ls,none,top50,126,-0.006646684420856911,-0.6589264958076262,-0.29973269110476636,-0.2758644373265694,-0.9147488365408554,45,-0.006721302551848665,-0.3040628428575507,-0.23144058008178844,-0.3935066061239726,-0.7473600386333241,0.012482206851340827,-0.06817066371453354,-0.00018358928656273617,0.014211807240792997,0.011369723154246779,0.014827453759652618,-0.03620907434653463
xsec,14,1,0.1,mom_long,btc,top50,75,0.07453509924315416,2.5679383293915765,1.5140365948898127,1.048575525942737,-0.7068369770715561,19,0.007121605080742033,0.15433835562288148,0.18079211388642522,-0.10895359049330544,-0.5764280510061219,0.11380452301377769,0.24606219260423384,-0.10719369706680712,0.04908588831757119,-0.020588882659872063,-0.03300487029168507,0.07590984857633135
xsec,14,1,0.1,mom_short,btc,top50,49,-0.032907586945193495,-1.054157455176703,-0.7689354063898876,,-1.0447759771234555,26,-0.02132977694264027,-0.34597661831225396,-0.34645153496452324,,-1.4785125420500653,-0.04960509433446039,-0.04730097824706472,0.0019435295370822904,0.0023288586719088828,-0.11047451915710205,-0.048014055733153475,0.009801881646291805
xsec,14,1,0.1,mom_ls,btc,top50,124,0.016038954366621297,1.4652631402078464,0.6718730119760074,0.23912968916493105,-0.6693518436646988,45,-0.0046584855997172025,-0.23148193937221362,-0.17619487413613816,-0.3692737951292395,-0.7181283719789261,0.04056129977206504,0.06661510190763643,-0.013719784966597814,0.018248728629561825,-0.025851570723687375,-0.020543369687776335,0.017078724204995295
xsec,14,1,0.1,rev_long,btc,top50,75,0.0403856959184808,1.3058159710295518,0.7698990056348985,0.20895871971666513,-0.7859419082715633,19,-0.028176046119897494,-0.8279348942320791,-0.9698438154563308,-0.35125015310627106,-0.5869291039678199,0.1313365509840962,0.026912762750633135,-0.12431783969601282,0.0815378408978898,-0.010709172062201528,-0.04558213844904421,0.0016629693014968575
xsec,14,1,0.1,rev_short,btc,top50,51,-0.007431980098429777,-0.31149265282632366,-0.22271277730582278,-0.20031777957162844,-0.716731550149431,26,-0.013955232975495203,-0.3125077102977008,-0.3129366847073211,-0.6842058730233066,-0.9342944515325018,0.021047379432676542,-0.04386934179687792,0.011581548247775863,0.030218412599792095,-0.0553555720614983,0.023039859509006964,-0.05711617420741438
xsec,14,1,0.1,rev_ls,btc,top50,126,0.01051546114629421,1.0099461885567405,0.45940463905019696,0.12028117162863627,-0.5973809627376185,45,-0.009979788151565862,-0.6822823239975938,-0.5193262529599235,-0.33729750368476863,-0.6041646402418892,0.050628843007763595,-0.00015556180689709544,-0.012503374253160544,0.03386053587035483,-0.013081847569440589,-0.0043159159281237125,-0.01773035014153933
xsec,14,1,0.2,mom_long,none,all,126,0.031154889851464928,1.92067841032861,0.8736787977678954,0.4751995230905024,-0.8800330594458361,45,0.023715549002934953,1.1049143410919615,0.8410169872772416,0.4396107783820431,-0.53508339022896,0.050127313203202246,0.10333076600904137,-0.03707793602030561,0.026634067706046448,0.015679072721145923,-0.0046837405263343585,0.06257773467456665
xsec,14,1,0.2,mom_short,none,all,126,-0.031036345325512884,-1.7093318241668485,-0.7775413963595227,-0.7863992710978669,-0.9996750210066513,45,-0.012161030215309239,-0.5272777427590133,-0.4013429115557309,-0.5006363068400282,-0.8407178862158922,-0.08560977813530747,-0.03080426503611285,0.0283711756285129,-0.037419851502821413,-0.038114920321804,0.021854151557791305,-0.05870812106270998
xsec,14,1,0.2,mom_ls,none,all,126,5.927226297602283e-05,0.009072620072515598,0.004126956264481644,-0.06687896896292533,-0.569581590917773,45,0.005777259393812859,0.5893650868453292,0.4486013361499076,0.09579245620601795,-0.31619627012095797,-0.017741232466052605,0.036263250486464255,-0.004353380195896354,-0.005392891898387482,-0.011217923800329035,0.008585205515728474,0.0019348068059283315
xsec,14,1,0.2,rev_long,none,all,126,0.028236345325512877,1.555121363577185,0.7073940936738224,0.27097907818307343,-0.8846799714229883,45,0.00936103021530923,0.4058753900318023,0.30893625418706694,-0.032805010799161316,-0.6634417470773043,0.08280977813530747,0.02800426503611285,-0.031171175628512904,0.0346198515028214,0.03531492032180399,-0.024654151557791312,0.055908121062709974
xsec,14,1,0.2,rev_short,none,all,126,-0.033954889851464935,-2.0932965635161187,-0.9521993974366207,,-1.0061873916855137,45,-0.02651554900293496,-1.2353671572875562,-0.9403124985928284,-0.6335084754811264,-0.891281329837674,-0.05292731320320225,-0.10613076600904137,0.0342779360203056,-0.029434067706046455,-0.01847907272114593,0.0018837405263343503,-0.06537773467456665
xsec,14,1,0.2,rev_ls,none,all,126,-0.0028592722629760246,-0.437659870289704,-0.19908285908234946,-0.12881345086285412,-0.751305027088935,45,-0.008577259393812866,-0.8750061028838728,-0.6660199520709693,-0.24305003959429639,-0.441920377334986,0.01494123246605261,-0.039063250486464265,0.0015533801958963456,0.0025928918983874755,0.00841792380032903,-0.011385205515728481,-0.004734806805928337
xsec,14,1,0.2,mom_long,btc,all,75,0.05292294413831415,2.3425448246303766,1.3811463262439216,0.705684608426471,-0.6377847293378217,19,0.05111476343826162,1.24225634740782,1.455180406259249,0.48762466043374264,-0.28428534818277174,0.07407343505125046,0.164535926202337,-0.10480840457177723,0.04625810734649453,0.000366224866776861,-0.012045286307338756,0.15938913443071942
xsec,14,1,0.2,mom_short,btc,all,51,-0.019877774250060775,-0.7932631929848472,-0.5671718008149761,-0.3263402118832379,-0.8844750482564562,26,-0.02164219999481744,-0.651067448694773,-0.6519611587224735,-0.4531638219212405,-0.7507349542002028,-0.02454980721523739,-0.01989203781367322,-0.00348728663179399,-0.005763683682543559,-0.06232700372700576,0.0034170281278418646,-0.05087796613791996
xsec,14,1,0.2,mom_ls,btc,all,126,0.011727993347700246,1.3732843502048822,0.6246800159924694,0.2011920324577563,-0.597925383782807,45,0.004538703394019082,0.3469492993873253,0.264084050371098,0.01610020684576674,-0.3291468856552724,0.023588093580195067,0.04680104694424346,-0.015383024577048586,0.016126120265492136,-0.010667638669381639,-0.001859712344197673,0.013294430193684115
xsec,14,1,0.2,rev_long,btc,all,75,0.03582417365682032,1.4104163029727672,0.8315705530342365,0.2513838703345339,-0.6869032244257682,19,-0.003613202114544102,-0.11641142266683686,-0.13636446429356233,-0.12687371471423803,-0.4862779798578478,0.10570726723033375,0.03482440705013762,-0.11764414462077448,0.04628265017345009,0.022496758519050114,-0.04616412889273233,0.06933124379092144
xsec,14,1,0.2,rev_short,btc,all,51,-0.001943045311980776,-0.08870536295125056,-0.06342306171763587,-0.12944264554846074,-0.6094145503977885,26,-0.006493046146350082,-0.29806324806004036,-0.298472394783954,-0.17468718057102184,-0.43989833620681584,0.010929011724926297,-0.008202509699768335,0.00932460550134237,0.023831182746598335,-0.04740334089050971,-0.0044261558573837016,-0.008904418150144193
xsec,14,1,0.2,rev_ls,btc,all,126,0.010268721084724226,1.170668093937537,0.532513869784995,0.15599912214822442,-0.5019984269494172,45,-0.002638555999793779,-0.29397594082866996,-0.22376283019675558,-0.10905547097751178,-0.34677967453919967,0.03992932604624768,0.009137796457779205,-0.012429644381152237,0.020119012163879617,-0.0008497148690526057,-0.011844917859926151,0.009959623387755783
xsec,14,1,0.2,mom_long,none,top50,126,0.03095326863965804,1.8771666133883418,0.8538861379269436,0.44912832160181226,-0.8820851393615461,45,0.01955947741459009,0.6598218712142848,0.5022302468441616,0.08995878383378364,-0.7535694926028595,0.050127313203202246,0.10333076600904137,-0.03707793602030561,0.030778229538859676,0.01055782347726855,-0.020895424675575678,0.07491881711692219
xsec,14,1,0.2,mom_short,none,top50,126,-0.026575029825273298,-1.5103363872717324,-0.6870222896038651,-0.7468380873291964,-0.9992616074257734,45,0.003334857638296209,0.13146195990544912,0.10006363149561143,-0.33436958949779727,-0.7415708090934696,-0.08560977813530747,-0.03080426503611285,0.028034396564528066,-0.03344133963114742,-0.020136431859101304,0.00934981514440612,-0.0048961368437489185
xsec,14,1,0.2,mom_ls,none,top50,126,0.002189119407192372,0.3368113071570968,0.15320883305045307,-0.014431528342151556,-0.515752339071176,45,0.011447167526443149,0.749819103241258,0.570732571529181,0.19435767277702576,-0.3969249777656354,-0.017741232466052605,0.036263250486464255,-0.004521769727888771,-0.001331555046143872,-0.0047893041909163785,-0.005772804765584781,0.03501134013658663
xsec,14,1,0.2,rev_long,none,top50,126,0.023775029825273287,1.3512042277909901,0.6146362029827546,0.16474237924915114,-0.8835726115407848,45,-0.006134857638296225,-0.24183953150197451,-0.18407866259326797,-0.3912350435913686,-0.6862340207713762,0.08280977813530747,0.02800426503611285,-0.030834396564528074,0.03064133963114742,0.017336431859101296,-0.012149815144406124,0.002096136843748911
xsec,14,1,0.2,rev_short,none,top50,126,-0.033753268639658045,-2.0469731232815542,-0.9311277764120045,,-1.0061873916855137,45,-0.02235947741459009,-0.7542774233867515,-0.5741260680543278,-0.7815068522187367,-0.9623140161734082,-0.05292731320320225,-0.10613076600904137,0.0342779360203056,-0.03357822953885969,-0.013357823477268552,0.01809542467557567,-0.07771881711692219
xsec,14,1,0.2,rev_ls,none,top50,126,-0.004989119407192376,-0.7676108592241981,-0.3491710684277632,-0.1741642092209198,-0.7952836015019679,45,-0.01424716752644316,-0.9332263508617428,-0.7103348964353369,-0.41628137283995104,-0.7109874000341928,0.01494123246605261,-0.039063250486464265,0.0017217697278887622,-0.0014684449538561338,0.0019893041909163707,0.0029728047655847726,-0.037811340136586644
xsec,14,1,0.2,mom_long,btc,top50,75,0.052604002531037676,2.2827998268250167,1.3459211372261004,0.6801683333863733,-0.6372809691336924,19,0.042515636078720734,0.7422865901567098,0.869515300991598,0.22164807962363087,-0.40588690363884306,0.07407343505125046,0.164535926202337,-0.10480840457177723,0.052644061016084376,-0.008178112796043286,-0.024140325271840606,0.15678299839396873
xsec,14,1,0.2,mom_short,btc,top50,51,-0.021181417967539282,-0.8453347895808744,-0.604402245229714,-0.33546853905452234,-0.8921290982802013,26,-0.008044466281244226,-0.2162334380364757,-0.2165302582695941,-0.3968555284380867,-0.7475397497640933,-0.02454980721523739,-0.01989203781367322,-0.003948142193036397,-0.004083959601026285,-0.07004785289349681,-0.020910229831970346,0.0069655911946029095
xsec,14,1,0.2,mom_ls,btc,top50,126,0.011369237593187788,1.3144239381911005,0.5979055733123305,0.18720100976839582,-0.5992364855083987,45,0.006651566246481599,0.4134718802581148,0.31471840135125384,0.025551177975849493,-0.396715509568656,0.023588093580195067,0.04680104694424346,-0.015551414109041001,0.01868556619420037,-0.014797280645657829,-0.011200521555955233,0.03108073902876358
xsec,14,1,0.2,rev_long,btc,top50,75,0.027442685888532416,1.130109322282833,0.6663037233326896,0.13181213476382414,-0.7813403311321786,19,-0.021706564054509454,-0.6630392695836382,-0.7766849054076975,-0.2960309087358086,-0.52753760820947,0.10570726723033375,0.03482440705013762,-0.11764414462077448,0.04145721648434995,-0.009087261629696324,-0.04745320095017866,0.02243052776663776
xsec,14,1,0.2,rev_short,btc,top50,51,-0.0019139540935115135,-0.08650000258810056,-0.061846260701686494,-0.13147477225993087,-0.6139742465624956,26,-0.005583823006186924,-0.18369263352395915,-0.1839447855074813,-0.2623032191751755,-0.6645478688311495,0.010929011724926297,-0.008202509699768335,0.00932460550134237,0.025771884470750222,-0.04874792532685757,0.01531408130734859,-0.02996471137197838
xsec,14,1,0.2,rev_ls,btc,top50,126,0.007780118185995419,0.9157552836936356,0.41655905070030325,0.09324437898405602,-0.5869345676489657,45,-0.006195601279961555,-0.5598318545915347,-0.42612181073249056,-0.21087976466698877,-0.4236954053511821,0.03992932604624768,0.009137796457779205,-0.012429644381152237,0.018617121240344238,-0.011407976454741455,-0.006827716790370455,-0.005330601107823058
xsec,1,3,0.1,mom_long,none,all,1768,0.0029895022844100543,2.2164632359779297,1.0070843196412194,0.6348318037051117,-0.9704858337031965,637,0.004178038164527003,2.105144326693404,1.5935239387944238,1.9241583662792725,-0.6475468290745626,0.00840201931107634,0.009820854890225807,-0.0056247732152674,0.0014376136226254288,0.0017751948817443712,-0.0007383705530689726,0.010775424862771603
xsec,1,3,0.1,mom_short,none,all,1737,-0.0035004620745387634,-2.6714034876840222,-1.2245767557611869,-0.8257941709908311,-0.9998775543820252,637,-0.0023435613848133284,-1.278041194008182,-0.9674344944398,-0.7136107907526954,-0.9452509112066273,-0.0026879006552517465,-0.007991646807973906,6.73283487135131e-05,-0.0035539898101542454,-0.0031389604488743362,-0.0008412541929215132,-0.004359525079815214
xsec,1,3,0.1,mom_ls,none,all,1768,-0.00022479145493123744,-0.3684319415306399,-0.16740274557577756,-0.17684577110620703,-0.8902211391654051,637,0.000917238389856837,1.0576019635893954,0.8005693601743923,0.28162862270335287,-0.3803382114733037,0.0029927676671839647,0.0009146040411259502,-0.0027787224332769434,-0.0010581880937644082,-0.0006818827835649825,-0.0007898123729952432,0.003207949891478195
xsec,1,3,0.1,rev_long,none,all,1737,0.0007004620745387643,0.5345628060146318,0.24504467024841406,-0.24262339233749797,-0.9482557994504132,637,-0.0004564386151866705,-0.24891490213348041,-0.18842026660252886,-0.43016282120211236,-0.8473508117133202,-0.0001120993447482524,0.005191646807973908,-0.002867328348713512,0.0007539898101542467,0.00033896044887433757,-0.0019587458070784852,0.0015595250798152143
xsec,1,3,0.1,rev_short,none,all,1768,-0.005789502284410053,-4.292426547028855,-1.9503303274133377,-0.928948406783744,-0.9999990530597501,637,-0.006978038164527001,-3.515950997821271,-2.6614574647509803,-0.9517876661531267,-0.9969405191452503,-0.011202019311076339,-0.012620854890225807,0.0028247732152674016,-0.004237613622625427,-0.00457519488174437,-0.0020616294469310258,-0.013575424862771602
xsec,1,3,0.1,rev_ls,none,all,1768,-0.002550661033756544,-4.179904620033042,-1.8992042512150566,-0.639757940308421,-0.9955445201287417,637,-0.003717238389856836,-4.286081637791109,-3.2444206351282965,-0.7649998023448553,-0.9210084800690862,-0.005651399589008068,-0.00371460404112595,-2.1277566723055298e-05,-0.0017418119062355903,-0.002118117216435016,-0.0020101876270047555,-0.006007949891478194
xsec,1,3,0.1,mom_long,btc,all,1015,0.0063870566620321135,3.5076641303584934,2.1034462205441558,1.6218536390764786,-0.7363547613380292,287,0.005196502519248874,1.6065066178724112,1.8117071687515636,0.8457219689013997,-0.5041083596660463,0.00987931283309063,0.016670801666814835,-0.009098185960204296,0.0018613069930620515,0.0029007847172741494,-0.0014856612111154625,0.01594871143083513
xsec,1,3,0.1,mom_short,btc,all,723,-0.0049841947919146475,-2.2290223383845293,-1.5837685127504133,-0.629852826734725,-0.9930296005833541,350,-0.0025010978863817908,-1.0271014563014365,-1.0488798808536302,-0.51009615859295,-0.8092465102048754,-0.017295209319714296,-0.0075834668893582135,-0.001826801017592014,-0.001276481307441667,-0.007294070143253211,-0.0019209556918868595,-0.0031743493219685
xsec,1,3,0.1,mom_ls,btc,all,1738,0.0008283341994845528,1.1676535168417326,0.5351007231354793,0.14636446800738212,-0.7214844993053059,637,0.0004835258734621668,0.4877645057948837,0.36922143846509786,0.0649507171919137,-0.5900835293208366,0.0019965673747252867,0.0037171223001087137,-0.0016006957978922363,0.0004363443806982482,-0.00012340354196346048,-0.000854933841701598,0.0022796207118253075
xsec,1,3,0.1,rev_long,btc,all,1014,-0.000357465691400845,-0.2262196818331042,-0.13572437235169377,-0.283311331959643,-0.8911709210881852,287,-0.0006485563000262573,-0.23264166903187863,-0.2623572009267982,-0.25582997719379896,-0.7078685158580488,-0.004169685084876739,0.005442695518980905,-0.01099286881866186,0.0018016437214020326,-0.0015168790588917214,-0.0031055473991998704,0.0033049657413712842
xsec,1,3,0.1,rev_short,btc,all,753,-0.0012097975124493762,-0.6078275544233251,-0.4231840864938768,-0.33333801294498366,-0.917600017420483,350,-0.006142897393655066,-2.501811249590068,-2.5548590835783753,-0.7661232430468723,-0.9362353604997982,-0.007640100485775219,-0.0014835313541889713,0.0020150925416165706,-0.003316541078197987,-0.0020550689667971672,-0.002765195651581179,-0.010062699415321058
xsec,1,3,0.1,rev_ls,btc,all,1767,-0.0003603417481479449,-0.5805760302198933,-0.26386832423224893,-0.21918817688543668,-0.8154553175978212,637,-0.0018337125163946696,-1.9877404558283494,-1.5046531301005355,-0.5369516515130753,-0.8185789820797538,-0.002595197748452852,0.001402518258982764,-0.00022197336461529237,9.453247446265709e-05,-0.0008415207583984774,-0.0014651214687063543,-0.002328329179652887
xsec,1,3,0.1,mom_long,none,top50,1768,0.0030718835705596816,2.2429247676490904,1.0191075254346407,0.6551868829358376,-0.9753093392164669,637,0.0024032703591118317,0.9713330492324422,0.7352666735801955,0.20080542765105425,-0.8245313227583936,0.00840201931107634,0.009820854890225807,-0.0056247732152674,0.001077712582061102,0.002532063717040877,-0.0019090491823495614,0.008190022684969949
xsec,1,3,0.1,mom_short,none,top50,1737,-0.003798475456756725,-2.858273671035,-1.3102384253410333,-0.8455247369931602,-0.9999332684195456,637,0.0006515574226119125,0.26269513301728376,0.19885144109114292,-0.3921649382054755,-0.8495231751607822,-0.0026879006552517465,-0.007991646807973906,0.00012851136581526034,-0.0037868214784046797,-0.0043821229823260525,-0.00012704571504624674,0.0016963741330723102
xsec,1,3,0.1,mom_ls,none,top50,1768,-0.0003299948290828373,-0.5265720939157469,-0.2392561673639565,-0.21187301635170463,-0.9163186355385998,637,0.0015274138908618717,1.1102648367906787,0.8404333961304232,0.4027592904709538,-0.5594048798498189,0.0029927676671839647,0.0009146040411259502,-0.0027481309247260693,-0.0013545544481717887,-0.0009250296326425875,-0.001018047448697904,0.00494319840902113
xsec,1,3,0.1,rev_long,none,top50,1737,0.0009984754567567257,0.7513319861382417,0.34441210035344666,-0.1715152387574338,-0.9276027548569465,637,-0.0034515574226119112,-1.39160004135183,-1.053394748760339,-0.8620787154812632,-0.9787582029404488,-0.0001120993447482524,0.005191646807973908,-0.002928511365815259,0.0009868214784046812,0.0015821229823260539,-0.0026729542849537524,-0.00449637413307231
xsec,1,3,0.1,rev_short,none,top50,1768,-0.005871883570559681,-4.287334721725974,-1.9480167779090432,-0.9323048064019263,-0.9999993578419247,637,-0.005203270359111832,-2.103012856932463,-1.5919104873812322,-0.9297169355398248,-0.9963048501006153,-0.011202019311076339,-0.012620854890225807,0.0028247732152674016,-0.003877712582061101,-0.005332063717040876,-0.0008909508176504375,-0.010990022684969951
xsec,1,3,0.1,rev_ls,none,top50,1768,-0.0024454576596049443,-3.9016826722700118,-1.7727898102155146,-0.6285166029802616,-0.9948433407569269,637,-0.004327413890861872,-3.14556225133739,-2.381085555472342,-0.8358944027755765,-0.963426689326242,-0.005651399589008068,-0.00371460404112595,-5.18690752739289e-05,-0.0014454455518282097,-0.001874970367357411,-0.001781952551302095,-0.007743198409021131
xsec,1,3,0.1,mom_long,btc,top50,1015,0.006920463301295635,3.7296694409995013,2.236576478816869,1.884992401413033,-0.7412106254013985,287,0.00024328972547750424,0.0650175366913792,0.07332228576458602,-0.24509095161447314,-0.7752429096362646,0.00987931283309063,0.016670801666814835,-0.009098185960204296,0.0019739204908237255,0.004929458094396904,-0.0035380268507485824,0.006327771852677661
xsec,1,3,0.1,mom_short,btc,top50,723,-0.005184518335162803,-2.2857500096369616,-1.6240747483516107,-0.6434504095415865,-0.994220422082174,350,0.0023291250010771,0.671911049481081,0.6861580978200081,0.03125869276268234,-0.7754960755991753,-0.017295209319714296,-0.0075834668893582135,-0.0017513557431253325,-0.001314958656006411,-0.008734254461178948,-0.0008049172010450883,0.005966161630700382
xsec,1,3,0.1,mom_ls,btc,top50,1738,0.000942423329830945,1.3056988948872068,0.5983627957899106,0.18638440195395445,-0.7086052366406309,637,0.0006946765318595205,0.5465712508068857,0.41373618016283087,0.06807001703376425,-0.6511813293551264,0.0019965673747252867,0.0037171223001087137,-0.0015701042893413626,0.00046884914693862205,0.0003554400871163872,-0.0010651440909301036,0.0030562005293529493
xsec,1,3,0.1,rev_long,btc,top50,1014,1.020228014174185e-05,0.006366775457994927,0.003819855973354462,-0.23297869984906394,-0.8539035663122632,287,-0.0014057433025324146,-0.3983205024056634,-0.44919834231668104,-0.4107005503126132,-0.7827973463863841,-0.004169685084876739,0.005442695518980905,-0.01099286881866186,0.002123878376707885,-0.0003617143975568599,-0.003392953377427098,0.0017918583634344858
xsec,1,3,0.1,rev_short,btc,top50,753,-0.0006842229773365828,-0.34089569720083435,-0.23733974078634218,-0.2810041257154845,-0.8915224762865395,350,-0.00697445447869198,-2.11496171104641,-2.1598068758275653,-0.8355813828106924,-0.9755548881154813,-0.007640100485775219,-0.0014835313541889713,0.0020150925416165706,-0.0019294345195336586,3.5553782703148215e-05,-0.002424615962898452,-0.01225451399084743
xsec,1,3,0.1,rev_ls,btc,top50,1767,-0.0001428621363527789,-0.2275743013810969,-0.10343115529762917,-0.1590969160325928,-0.7429048652091843,637,-0.002232737359002351,-1.851902548354687,-1.40182837143184,-0.6273431216451184,-0.8698951348285218,-0.002595197748452852,0.001402518258982764,-0.00022197336461529237,0.0004234035951104116,-0.00011953028024102433,-0.001447096642232199,-0.003286997879668181
xsec,1,3,0.2,mom_long,none,all,1768,0.0021215702502613634,1.8299576829164108,0.8314695493963278,0.3769583830628884,-0.9488999059632733,637,0.001908983587356959,1.1580819840160417,0.8766293793807302,0.46263079369622684,-0.7174289048181621,0.005176761354666308,0.008190031767074453,-0.005052230519675345,0.0014919411246305258,0.0012891106578926702,-0.001973640648290682,0.007119122727104712
xsec,1,3,0.2,mom_short,none,all,1759,-0.003558469239006415,-2.8126595128697183,-1.281240547135296,-0.8389534065624087,-0.9999401522556983,637,-0.0020162996539284015,-1.240257296016463,-0.938833345726475,-0.6473271060043786,-0.9082441140367784,-0.0034591166283461316,-0.008214661347835935,0.0008737050136895216,-0.003974222188811839,-0.0030013400964081266,-0.0006753579462859507,-0.0038157251071986023
xsec,1,3,0.2,mom_ls,none,all,1768,-0.0007093923045673626,-1.6221297057680881,-0.737039696660023,-0.26962112375664504,-0.8812639193615678,637,-5.365803328572133e-05,-0.10185922427084335,-0.07710403044791268,-0.05035091480806386,-0.4402853726247439,0.0009095260270934999,-1.2314790380740934e-05,-0.0020892627529929117,-0.0012411405320906564,-0.0008561147192577283,-0.0013244992972883164,0.0016516988099530548
xsec,1,3,0.2,rev_long,none,all,1759,0.0007584692390064161,0.5995037689032013,0.2730897690831831,-0.1989508787328581,-0.9579190950156264,637,-0.0007837003460715965,-0.48206627929146084,-0.36490807133547226,-0.4515016131203019,-0.8370581323428757,0.0006591166283461327,0.005414661347835937,-0.00367370501368952,0.00117422218881184,0.00020134009640812833,-0.0021246420537140483,0.001015725107198604
xsec,1,3,0.2,rev_short,none,all,1768,-0.004921570250261362,-4.24509407141673,-1.9288240857464243,-0.8851510991102937,-0.999989728068015,637,-0.004708983587356957,-2.8566977168702072,-2.1624247515999606,-0.8703120590950512,-0.9819104339788803,-0.007976761354666307,-0.010990031767074452,0.0022522305196753458,-0.004291941124630524,-0.004089110657892668,-0.0008263593517093164,-0.00991912272710471
xsec,1,3,0.2,rev_ls,none,all,1768,-0.002083480998600057,-4.763020822631823,-2.164152108068123,-0.548276954640621,-0.9837430692836924,637,-0.0027463419667142766,-5.213390152084064,-3.9463622062768895,-0.6452519480356458,-0.8358527860837044,-0.0036684836818166263,-0.0027876852096192575,-0.0007107372470070872,-0.0015588594679093422,-0.0019438852807422702,-0.0014755007027116823,-0.004451698809953054
xsec,1,3,0.2,mom_long,btc,all,1015,0.004832703488260055,3.2461072650458864,1.9465980220414811,1.1213154182831677,-0.6598056238825021,287,0.0033505593661597457,1.2486707864795714,1.4081646412833875,0.464358518063966,-0.6150395734166321,0.006371437137291647,0.013751324355818826,-0.008663322321816427,0.002402495410795943,0.0016282144857034059,-0.002787718476345725,0.013227606440009455
xsec,1,3,0.2,mom_short,btc,all,745,-0.0035338033009999895,-1.6856179766222437,-1.179851774637521,-0.5376549943172084,-0.9852824324406191,350,-0.002261190400161559,-1.0433871844453653,-1.0655109278552863,-0.4619014213138871,-0.7201547156869458,-0.009942734135060353,-0.00555531195491731,-0.0005298403211838748,-0.0009658789471630101,-0.006878602517189061,-0.0021804375324437253,-0.002354903604673612
xsec,1,3,0.2,mom_ls,btc,all,1760,0.0006455995969712966,1.0426937527625675,0.47483953368975657,0.11498489475808471,-0.6539128584100372,637,0.000133590186837756,0.15724400204201094,0.11902845724566671,-0.034405141826175156,-0.5720682039592322,0.0009486582938417034,0.003199467044769245,-0.0010337013359941925,0.0006706133887332049,-0.0004991035786330632,-0.0012374635978254982,0.0019734233905219023
xsec,1,3,0.2,rev_long,btc,all,1014,0.0007765916490801709,0.49644447896121574,0.29785036725577496,-0.07526963931402997,-0.85224870836399,287,-0.0010823475975754466,-0.43985720006010465,-0.4960405601262027,-0.27904129545032175,-0.7076437234483604,-0.0018022566843879696,0.007050278894808012,-0.009694711087929018,0.0025580600799703012,-0.001530401617221301,-0.003723257659350554,0.0031671167745535907
xsec,1,3,0.2,rev_short,btc,all,753,-0.0012671210649111996,-0.6916815716915786,-0.48156525963791846,-0.3136375409605944,-0.9041144524298986,350,-0.0035268914487386733,-1.7281691522781557,-1.764812856038296,-0.5749111534946101,-0.8083243741920083,-0.0050962653010029856,-0.0019479301479648958,0.0014104557414735392,-0.002312475285140487,-0.003329878193856243,-0.0015928049664207132,-0.005771386872663219
xsec,1,3,0.2,rev_ls,btc,all,1767,-4.7164184977600516e-05,-0.07929652657689028,-0.03603979581684955,-0.11637860485882034,-0.7277535602251135,637,-0.0012127517798765216,-1.5386903015471893,-1.1647371625856988,-0.4029915850239564,-0.7042110620239072,-0.0013855413740491342,0.0018117818351499864,-0.0003444385830012803,0.000511753920823862,-0.001042988859375334,-0.001312964300537181,-0.0010782754194311516
xsec,1,3,0.2,mom_long,none,top50,1768,0.0021550327373053807,1.8369790137600903,0.8346597995574423,0.37987255482990334,-0.9506370050428689,637,-0.00014495431757551564,-0.07702037229061953,-0.058301849171900524,-0.3707756942545545,-0.8708833345915455,0.005176761354666308,0.008190031767074453,-0.005039758993583439,0.001508481458523653,0.0014218219917704988,-0.003200791225826571,0.003955709180629025
xsec,1,3,0.2,mom_short,none,top50,1759,-0.003599353252765938,-2.826859154511546,-1.2877088581921643,-0.8423347914536037,-0.9999453421221474,637,-0.00016476416254284954,-0.08734272373460973,-0.0661155244254563,-0.3778509387981557,-0.7713327781502398,-0.0034591166283461316,-0.008214661347835935,0.0008740166103652679,-0.0041544904512332845,-0.0030183641324896034,-0.0006971220123722076,0.0005496130991766945
xsec,1,3,0.2,mom_ls,none,top50,1768,-0.0007129990079353429,-1.5963221185990046,-0.7253136206557481,-0.27241094881952954,-0.8790802422069387,637,-0.00015485924005918277,-0.20095160198002995,-0.15211365046749317,-0.11774867830848856,-0.5907113765773914,0.0009095260270934999,-1.2314790380740934e-05,-0.0020828711916090854,-0.001323004496354816,-0.0007982710703595523,-0.0019489566190993893,0.0022526611399028597
xsec,1,3,0.2,rev_long,none,top50,1759,0.0007993532527659389,0.6277958570844724,0.2859775610022226,-0.19220851302404107,-0.9576008078213815,637,-0.0026352358374571497,-1.3969583687029254,-1.057450823585042,-0.7492467214533016,-0.9396802031242993,0.0006591166283461327,0.005414661347835937,-0.0036740166103652666,0.001354490451233286,0.0002183641324896052,-0.0021028779876277907,-0.003349613099176693
xsec,1,3,0.2,rev_short,none,top50,1768,-0.004955032737305379,-4.223736833949706,-1.91912009489525,-0.8877008451443802,-0.9999920823598675,637,-0.0026550456824244823,-1.4107382955488912,-1.0678817679271684,-0.7508138996365566,-0.9575217439989434,-0.007976761354666307,-0.010990031767074452,0.002239758993583439,-0.004308481458523652,-0.004221821991770497,0.00040079122582657224,-0.006755709180629023
xsec,1,3,0.2,rev_ls,none,top50,1768,-0.002079874295232077,-4.65550657509724,-2.1153013484107763,-0.5488813474466291,-0.9850866521588695,637,-0.0026451407599408163,-3.4324414414641287,-2.5982435199939333,-0.6452796680745447,-0.8450297305592492,-0.0036684836818166263,-0.0027876852096192575,-0.0007171288083909135,-0.0014769955036451827,-0.002001728929640446,-0.0008510433809006092,-0.005052661139902858
xsec,1,3,0.2,mom_long,btc,top50,1015,0.005063459734716292,3.3610246755499857,2.0155107183020733,1.211239016281115,-0.6453163430028566,287,-0.0010800285478368096,-0.38000219228936855,-0.42854021779488005,-0.30735459307935187,-0.7686445867300926,0.006371437137291647,0.013751324355818826,-0.008663322321816427,0.002746815111462399,0.0022137388532388453,-0.004350125228532281,0.00418185429291863
xsec,1,3,0.2,mom_short,btc,top50,745,-0.0034423796003465617,-1.6316404463279406,-1.1420700911294337,-0.5327796149128879,-0.9843367924389799,350,0.0003277377296693878,0.12662829805118858,0.12931329554424165,-0.15721175181926006,-0.6168601322188514,-0.009942734135060353,-0.00555531195491731,-0.0005227607465763973,-0.0007707801251887281,-0.006492949965189519,-0.0018048708514144356,0.0028026168237666647
xsec,1,3,0.2,mom_ls,btc,top50,1760,0.0007314883035451273,1.1707561241571187,0.5331587444408349,0.14671281327488472,-0.5775909158006444,637,-0.00015326529658153703,-0.1602895208931099,-0.12133381328883112,-0.14969360989429303,-0.6040870577600905,0.0009486582938417034,0.003199467044769245,-0.0010308307139615714,0.0008192658403683508,-0.00023719592376637657,-0.0015195724459125036,0.001680198341307443
xsec,1,3,0.2,rev_long,btc,top50,1014,0.0009146839934488147,0.580971726982325,0.3485639373188117,-0.05181167373462092,-0.8324175151808164,287,-0.0020346237737836888,-0.7383791154765963,-0.8326929512042821,-0.40501037979147336,-0.7542437392337803,-0.0018022566843879696,0.007050278894808012,-0.009665989040144004,0.002910997201213782,-0.0013335259825107523,-0.0032794699748590838,-3.155306841691829e-05
xsec,1,3,0.2,rev_short,btc,top50,753,-0.00103464309272095,-0.5584852453094316,-0.388830790306651,-0.2922344714457279,-0.8914923547296565,350,-0.003421806551238744,-1.361570232790674,-1.3904406568421825,-0.598600048725108,-0.8666534451892187,-0.0050962653010029856,-0.0019479301479648958,0.0013950770015291275,-0.0016164517782220292,-0.0024487691957395964,-0.0006812945107633786,-0.006602153857469416
xsec,1,3,0.2,rev_ls,btc,top50,1767,4.1993016564296195e-05,0.07000665609330711,0.03181760539002589,-0.08980145929728467,-0.68554908759094,637,-0.0013984060565223543,-1.507198547321636,-1.1408989565317353,-0.45757880424780295,-0.727242808815969,-0.0013855413740491342,0.0018117818351499864,-0.0003479595223524856,0.0007422703367231673,-0.0008389248534068233,-0.0009706158268131136,-0.0019724627985954163
xsec,3,3,0.1,mom_long,none,all,589,0.010593744565831871,2.711634090260306,1.2324214333427177,1.11031225707561,-0.946812804769973,212,0.012407486251436018,1.9718263611477465,1.49377966403469,1.7931615562955874,-0.6031213979881653,0.02055808610330832,0.03387351286226498,-0.012631085085430918,0.0038432987124150807,0.00890307732591429,0.0013959595820775728,0.02733422240323303
xsec,3,3,0.1,mom_short,none,all,579,-0.008212757484018163,-2.260434517998676,-1.0361877497813736,-0.7574653929473624,-0.9993632935830881,212,-0.007264632354394931,-1.2267575392992296,-0.9293442369031799,-0.7518790594962139,-0.942873515008788,-0.015148103002146725,-0.020217148601242838,0.004576181090111616,-0.007763259112820594,-0.0042131862134403165,-0.006174385547497447,-0.008742522470411521
xsec,3,3,0.1,mom_ls,none,all,589,0.0012602113463739011,0.7243424544287879,0.3292093019203833,0.048406249830114545,-0.7303411335772714,212,0.0025714269485205454,0.8672573980503793,0.6570007837491455,0.22234990760758566,-0.38630033236034667,0.0034475456193134796,0.006828182130511076,-0.0040274519976596515,-0.0019599802002027563,0.002344945556236987,-0.002389212982709937,0.009295849966410754
xsec,3,3,0.1,rev_long,none,all,579,0.005412757484018164,1.489777809492087,0.6829171576527543,0.19807049885810746,-0.8284110862360065,212,0.00446463235439493,0.7539296049358618,0.5711480149354355,0.12243786133279788,-0.6078196002432806,0.012348103002146721,0.01741714860124283,-0.007376181090111618,0.004963259112820594,0.0014131862134403143,0.003374385547497445,0.00594252247041152
xsec,3,3,0.1,rev_short,none,all,589,-0.013393744565831872,-3.428337745473712,-1.5581589468268027,-0.8907305315668598,-0.9999913796167169,212,-0.015207486251436024,-2.4168088257122102,-1.830881231148098,-0.9140980805862091,-0.9922712102592288,-0.02335808610330832,-0.036673512862264994,0.009831085085430919,-0.006643298712415079,-0.01170307732591429,-0.004195959582077574,-0.030134222403233032
xsec,3,3,0.1,rev_ls,none,all,589,-0.0040364422462041225,-2.319721633195502,-1.0542995717628223,-0.44442708147594534,-0.961704724660757,212,-0.005371426948520546,-1.811604938601038,-1.3724020886767507,-0.5379390555938336,-0.77746484068132,-0.006110290717352698,-0.009628182130511078,0.0012274519976596516,-0.0008400197997972425,-0.0051449455562369885,-0.00041078701729006356,-0.012095849966410754
xsec,3,3,0.1,mom_long,btc,all,331,0.017370368846789507,3.0655913348903234,1.858600577756257,1.285560243579996,-0.8141119070808825,93,0.0067238198242033555,0.6631059198804174,0.7584504890191754,0.12119848776614006,-0.5655852237177839,0.025000685529756882,0.05429123344262643,-0.04081736938327291,0.004801922084147934,0.00814981382691157,-0.0022352436795062083,0.021570267916064916
xsec,3,3,0.1,mom_short,btc,all,248,-0.01152677591565439,-1.9217270300776508,-1.3460204657099384,-0.554514286431518,-0.9819186100473436,119,-0.005902836488804428,-0.8001457420989128,-0.8090612901731864,-0.47418499530340263,-0.7382762034899093,-0.041533088864096186,-0.022269994335236257,-0.002364297790409014,0.0013194111389135679,-0.0166966309299463,-0.011452832233989229,0.0005553403783197039
xsec,3,3,0.1,mom_ls,btc,all,579,0.002496504025220239,1.1963576524906239,0.5484127648897954,0.15854741143809026,-0.7818660507206023,212,-0.00018189221348305414,-0.05985729300055084,-0.04534557849015855,-0.1317090401293176,-0.5690886436221936,0.0045452175656134,0.011456840537324958,-0.004964418232207514,0.0018397299393295857,0.00010354894002358452,-0.0035353499851912733,0.004363906099276976
xsec,3,3,0.1,rev_long,btc,all,331,0.0029297466953602056,0.6514632298568395,0.3949678228856938,-0.027451151748370317,-0.807357562494345,93,0.006207145343698908,0.6403450871629177,0.7324169939356382,0.12172818744555158,-0.5525140615926736,0.004055678874105461,0.01599156128596962,-0.035716469852237524,0.009283065695962451,-0.004452528773833583,-0.002450107347941762,0.020553449804132016
xsec,3,3,0.1,rev_short,btc,all,258,-0.004699703337161422,-0.9162810815393144,-0.6292231197438298,-0.34371075867526657,-0.917176866217968,119,-0.019649343207172477,-2.4736012028705967,-2.5011630697661498,-0.8116913299097956,-0.9523817016167142,-0.013639899857952088,-0.007271995226544508,0.002928321583918595,-0.004627731623130619,-0.013306176567381613,-0.007486737537887875,-0.03380219344052183
xsec,3,3,0.1,rev_ls,btc,all,589,-0.00020609278847488857,-0.12186680249294322,-0.05538773094227814,-0.11606784645726242,-0.7181702402222405,212,-0.004153319162003599,-1.3376765467618705,-1.0133722025330552,-0.4692913408712889,-0.729497780459591,-0.0007479376189562972,0.0032286584068138826,-0.0023369662345478614,0.002399710139532343,-0.0036413966162134027,-0.0025461370024813367,-0.006331943867133778
xsec,3,3,0.1,mom_long,none,top50,589,0.012194172586954573,2.9952652709664953,1.3613301041409425,1.452060321173144,-0.9450918930080394,212,0.0075336546010639155,1.0099570231870771,0.7651045206169786,0.28246035976346984,-0.7969700036546828,0.02055808610330832,0.03387351286226498,-0.012631085085430918,0.004284834543311052,0.016191817234954105,-0.0017590256865405909,0.020130398990927802
xsec,3,3,0.1,mom_short,none,top50,579,-0.008634728230955535,-2.3309998970172945,-1.0685350620859608,-0.7735983997687697,-0.999589428724798,212,-0.0009011699491633521,-0.12131449687747077,-0.09190318780538273,-0.6027166034597969,-0.9233703798154251,-0.015148103002146725,-0.020217148601242838,0.004136987829851853,-0.007267067878417345,-0.006268748705963587,-0.006510012795987731,0.006701928132087476
xsec,3,3,0.1,mom_ls,none,top50,589,0.0018530220780925198,0.9928762081644127,0.4512562826942493,0.10794635381893891,-0.7282508047520494,212,0.0033162423259502833,0.8797800729751086,0.6664874796927933,0.24610343203091123,-0.6529698731571442,0.0034475456193134796,0.006828182130511076,-0.004247048627789533,-0.0014911166675531467,0.00496153426449526,-0.004134519241264161,0.013416163561507639
xsec,3,3,0.1,rev_long,none,top50,579,0.005834728230955533,1.5751220584711054,0.7220391338047758,0.23668012996120313,-0.8115236730989082,212,-0.0018988300508366506,-0.2556183908339743,-0.19364664227270248,-0.5974545714963369,-0.8711268265939676,0.012348103002146721,0.01741714860124283,-0.006936987829851854,0.004467067878417347,0.0034687487059635864,0.0037100127959877297,-0.009501928132087476
xsec,3,3,0.1,rev_short,none,top50,589,-0.014994172586954574,-3.683031718333199,-1.6739158301845818,-0.9156908748925421,-0.999997637364849,212,-0.010333654601063922,-1.3853232716642059,-1.0494675251838468,-0.8785799263847458,-0.9911183915127445,-0.02335808610330832,-0.036673512862264994,0.009831085085430919,-0.007084834543311051,-0.01899181723495411,-0.0010409743134594093,-0.022930398990927806
xsec,3,3,0.1,rev_ls,none,top50,589,-0.0046292529779227405,-2.480089302807594,-1.1271857159350962,-0.49131872294759604,-0.9743696343297367,212,-0.006116242325950285,-1.6226040171283487,-1.2292222739919594,-0.6068203875443678,-0.8992534431457104,-0.006110290717352698,-0.009628182130511078,0.0014470486277895329,-0.001308883332446852,-0.0077615342644952595,0.0013345192412641598,-0.01621616356150764
xsec,3,3,0.1,mom_long,btc,top50,331,0.020143098426291278,3.382004442360627,2.0504348831513686,1.6618138196523802,-0.811362702315888,93,-0.0024987873785273216,-0.22499615400424006,-0.2573471868004493,-0.3490419858857472,-0.78792316585339,0.025000685529756882,0.05429123344262643,-0.04081736938327291,0.005068316606942163,0.018944140814212296,-0.011331081599133916,0.012137585901335037
xsec,3,3,0.1,mom_short,btc,top50,248,-0.012468389959066621,-2.041352353924564,-1.4298087101353805,-0.5788936251596615,-0.9863576854625109,119,0.0038999874629087176,0.41546951440650615,0.42009884408258463,-0.10020225087958612,-0.6564729519675258,-0.041533088864096186,-0.022269994335236257,-0.0029110485837936166,0.0012705557732876345,-0.021261588513411183,-0.007658804908715112,0.017350218586252807
xsec,3,3,0.1,mom_ls,btc,top50,579,0.003087396260150166,1.4219468559165929,0.6518233114956248,0.2269671123254826,-0.75176580911001,212,0.0005464888723657935,0.15259934765757363,0.11560338514957264,-0.09351270647182197,-0.6415677322600286,0.0045452175656134,0.011456840537324958,-0.005184014862337395,0.0019221224666424593,0.0030457448178548554,-0.004702320684047271,0.007661541826614615
xsec,3,3,0.1,rev_long,btc,top50,331,0.0029623774497726063,0.6454976181587125,0.39135100376743237,-0.03398078063708532,-0.7684728674448797,93,0.004244586422674922,0.35476452460347635,0.40577427995317167,-0.08722077087711744,-0.4998508559345731,0.004055678874105461,0.01599156128596962,-0.035716469852237524,0.008527644981057519,-0.003576079637294923,0.0024423801198747565,0.00723109972445805
xsec,3,3,0.1,rev_short,btc,top50,258,-0.004796132072146629,-0.9160287694874635,-0.6290498535053217,-0.3519968210231609,-0.92228037786278,119,-0.018174134467467153,-1.809179392272495,-1.829338002133343,-0.8287300836785152,-0.9709234665853345,-0.013639899857952088,-0.007271995226544508,0.002928321583918595,-0.005437513281317433,-0.013134308079096924,-0.009715649984247107,-0.02801673459339593
xsec,3,3,0.1,rev_ls,btc,top50,589,-0.00021804341149329168,-0.12632924803472045,-0.057415885681357616,-0.12092638736976469,-0.6949101162818687,212,-0.004169753453584489,-1.0798256419318528,-0.818034293690095,-0.5055749644461952,-0.76392681837339,-0.0007479376189562972,0.0032286584068138826,-0.0023369662345478614,0.0020132391341956065,-0.0033157894466404048,-0.0019678014427831104,-0.007154621734893025
xsec,3,3,0.2,mom_long,none,all,589,0.008442054284476107,2.562921074394043,1.1648322594092155,0.8555564917800098,-0.8635892574605631,212,0.007313264141253985,1.4233313174064228,1.0782609559433263,0.7407563042456558,-0.5689146388661884,0.014362803017488766,0.026958720297618057,-0.010624176055642138,0.0066446634634782665,0.005824142534185567,-0.0007121157198699423,0.0181921123974442
xsec,3,3,0.2,mom_short,none,all,586,-0.008923780813590144,-2.5566492209247746,-1.164952298549846,-0.7758782847709227,-0.9997000779216938,212,-0.0034144508327775647,-0.6640559378173556,-0.5030631881377535,-0.5387922471723334,-0.8347096491595184,-0.013374334370133549,-0.02189592352840776,0.005765729990942717,-0.009385554892842474,-0.006571645086196134,-0.0014162255196653675,-0.006123156257218543
xsec,3,3,0.2,mom_ls,none,all,589,-0.0002181371674086571,-0.1840950382412874,-0.08367009092986805,-0.07211944474515275,-0.6149511014642263,212,0.0019494066542382101,1.0915413603993103,0.8269096705189436,0.21692700009539778,-0.20535177759443823,0.0006909157114736897,0.00253139838460515,-0.002429223032349711,-0.0013704457146821042,-0.00037375127600528343,-0.0010641706197676549,0.006034478070112828
xsec,3,3,0.2,rev_long,none,all,586,0.006123780813590143,1.7544536080868376,0.7994271356085924,0.34305776227259144,-0.8162446971065043,212,0.0006144508327775653,0.11950083453708425,0.09052922710839822,-0.2282606365345471,-0.7050595123738652,0.010574334370133548,0.019095923528407756,-0.008565729990942716,0.006585554892842475,0.0037716450861961337,-0.0013837744803346323,0.0033231562572185454
xsec,3,3,0.2,rev_short,none,all,589,-0.011242054284476104,-3.4129723494136104,-1.551175466458162,-0.822042583930048,-0.9999028347608814,212,-0.010113264141253986,-1.9682764488501003,-1.4910903872789805,-0.7967857136282234,-0.961466837817847,-0.017162803017488768,-0.029758720297618065,0.007824176055642139,-0.009444663463478265,-0.008624142534185567,-0.0020878842801300584,-0.0209921123974442
xsec,3,3,0.2,rev_ls,none,all,589,-0.0025747321025404095,-2.1726657053935883,-0.987463534417614,-0.29693203950389435,-0.8504612508579806,212,-0.004749406654238211,-2.6593598565931775,-2.014628545089952,-0.4625372854656207,-0.6868332823290105,-0.0034497392408854555,-0.005331398384605152,-0.00037077696765028934,-0.0014295542853178954,-0.002426248723994717,-0.0017358293802323453,-0.008834478070112829
xsec,3,3,0.2,mom_long,btc,all,331,0.013398018839404306,2.966440983745469,1.7984879013452784,0.9519196953554159,-0.706486889594335,93,0.006195196737375412,0.6866479870656679,0.7853775482322728,0.14313166898068497,-0.5496864199845697,0.016018834980330434,0.04229509448260187,-0.035409483297773305,0.010349256524588624,0.003245392151839193,-0.005037970084092837,0.02481015889866565
xsec,3,3,0.2,mom_short,btc,all,255,-0.008315221221302148,-1.5176565976481036,-1.0483087937278477,-0.46165845329199784,-0.9674308167601869,119,-0.002709906227113654,-0.42418431358563474,-0.42891074708536836,-0.2983399623458196,-0.5877212358986821,-0.03147600169889416,-0.009920914659209447,-0.0003772428291762208,0.00023750412860043196,-0.017533961357943367,-0.006999034723053459,0.002281079659070848
xsec,3,3,0.2,mom_ls,btc,all,586,0.0019747123075177296,1.122935577094269,0.5116722196196258,0.1353753354190108,-0.6346283485092858,212,0.000598288810257992,0.22423968370256228,0.1698753429736505,-0.01822359434917431,-0.4988509982458824,0.0010531030270464637,0.010447545367978945,-0.003634415559040282,0.0035450483307094376,-0.0016985940342505671,-0.0030333626522655974,0.005521194126123301
xsec,3,3,0.2,rev_long,btc,all,331,0.0065926107109721375,1.4584322983229185,0.8842154143087503,0.24633040274335705,-0.698039078614678,93,0.0015159648980894503,0.1796272413130819,0.20545491290387088,-0.08536627375254224,-0.6103255659534296,0.0030750721910755814,0.027411901909795474,-0.033649535673095046,0.011162375646943369,-0.00137932280052847,-0.0075441156702801115,0.01652981269710187
xsec,3,3,0.2,rev_short,btc,all,258,-0.004883820688812402,-1.023093321992783,-0.7025725891577914,-0.3314000550842263,-0.9107818231535153,119,-0.010987047910671694,-1.8709452596466944,-1.8917920898291045,-0.5932716327542711,-0.8197689335454129,-0.013540233098772619,-0.00767434147124137,0.0017543048943038945,-0.0016555190785795665,-0.014112252322256054,-0.0060081897977070555,-0.016780628260303274
xsec,3,3,0.2,rev_ls,btc,all,589,0.000782791517502697,0.4750233749840112,0.21589527538831446,-0.00022356130722911427,-0.6540247259442105,212,-0.002751117843980218,-1.1086499183891252,-0.8398704547490864,-0.3390688170419177,-0.6087468629924075,-0.00106878630286977,0.006516146983373793,-0.0026051925266905715,0.003515494045391542,-0.0027248427582452837,-0.0033691920324979427,-0.0019132839439895257
xsec,3,3,0.2,mom_long,none,top50,589,0.009094809418720652,2.7038615355304003,1.2288888538271514,0.9740295112286586,-0.861644090930843,212,0.0020123168017654484,0.35654793212617364,0.27010697329032807,-0.14367673511679324,-0.8029227623209768,0.014362803017488766,0.026958720297618057,-0.010624176055642138,0.007301231134612486,0.008324372746175706,-0.005708949352029287,0.012478922032464977
xsec,3,3,0.2,mom_short,none,top50,586,-0.00966204325332968,-2.7373058477488903,-1.247269556210594,-0.7966622747817854,-0.9998142722583365,212,-2.0699013949886913e-05,-0.003627545049224852,-0.002748088336615854,-0.3596742921632037,-0.7204672908902346,-0.013374334370133549,-0.02189592352840776,0.005657123192261213,-0.009769881112792273,-0.009627942525821527,-0.0019860776121747633,0.0026434808636438337
xsec,3,3,0.2,mom_ls,none,top50,589,-0.00025901069509739214,-0.20838334458252836,-0.0947089805138479,-0.08091885942618615,-0.6462694183438495,212,0.0009958088939077795,0.465161898927234,0.35238872894305423,0.06444448482210507,-0.5264567905757136,0.0006909157114736897,0.00253139838460515,-0.0024835264316904627,-0.0012343249890898942,-0.0006517848898229109,-0.003847513482102025,0.007561201448054406
xsec,3,3,0.2,rev_long,none,top50,586,0.006862043253329679,1.9440516495692648,0.8858186016015729,0.45015497137820115,-0.8141786370582428,212,-0.002779300986050114,-0.48707825197184934,-0.3689917134314019,-0.5276231476696389,-0.7809484703020306,0.010574334370133548,0.019095923528407756,-0.008457123192261214,0.0069698811127922745,0.006827942525821526,-0.0008139223878252378,-0.005443480863643833
xsec,3,3,0.2,rev_short,none,top50,589,-0.01189480941872065,-3.5362937450389844,-1.6072243012564655,-0.8385830600455362,-0.9999424562519734,212,-0.004812316801765447,-0.8526597814519984,-0.6459421919544075,-0.6398781286926669,-0.9276099046683834,-0.017162803017488768,-0.029758720297618065,0.007824176055642139,-0.010101231134612485,-0.011124372746175708,0.0029089493520292864,-0.015278922032464977
xsec,3,3,0.2,rev_ls,none,top50,589,-0.0025338585748516745,-2.038360365425905,-0.9264225627824388,-0.2971398158087525,-0.850046356479335,212,-0.00379580889390778,-1.7730969103179575,-1.3432298904118607,-0.4068819566622379,-0.742603394807982,-0.0034497392408854555,-0.005331398384605152,-0.0003164735683095374,-0.0015656750109101052,-0.00214821511017709,0.0010475134821020242,-0.010361201448054407
xsec,3,3,0.2,mom_long,btc,top50,331,0.014646103862576351,3.1556421435183943,1.9131964017458036,1.0952656678531545,-0.7001435021484468,93,-0.004186235679650034,-0.45128597701110784,-0.5161740525756375,-0.351232989490581,-0.7795244516481887,0.016018834980330434,0.04229509448260187,-0.035409483297773305,0.011217739160968238,0.007364676085415311,-0.013795499787817115,0.011737687699598274
xsec,3,3,0.2,mom_short,btc,top50,255,-0.008592690869558573,-1.5586047254825155,-1.076593375735417,-0.470497398728555,-0.9700209082228397,119,0.0021407878797225603,0.298831042280607,0.30216073883882316,-0.06222045044001501,-0.5591387964058321,-0.03147600169889416,-0.009920914659209447,-0.0005124472112082971,2.316913219668261e-05,-0.018794106640161304,-0.0050664362917448216,0.01052737600652097
xsec,3,3,0.2,mom_ls,btc,top50,586,0.002266829527965304,1.2655577859858833,0.5766588703938935,0.17048320968213382,-0.5980368951059766,212,-0.00031737302009544443,-0.11114391024033941,-0.08419834330730705,-0.13329499679329893,-0.5925331451932796,0.0010531030270464637,0.010447545367978945,-0.003688718958381034,0.003804785980806058,-0.0004987788683476228,-0.004608159468709267,0.005499026388025516
xsec,3,3,0.2,rev_long,btc,top50,331,0.007685864576174487,1.6742067514529864,1.0150347178109023,0.3304044464006226,-0.698039078614678,93,-1.3527433931601783e-05,-0.0014599871193907567,-0.0016699111129385013,-0.18357188326206852,-0.5998890236190146,0.0030750721910755814,0.027411901909795474,-0.033649535673095046,0.011627551351262632,0.0025209497492040414,-0.004212938861833577,0.006945497218020236
xsec,3,3,0.2,rev_short,btc,top50,258,-0.004772799880285624,-0.9896467075516497,-0.6796043280995543,-0.32961921798410365,-0.9095859817968152,119,-0.009656563699006119,-1.3853457912679334,-1.4007818754107335,-0.5820532067479826,-0.8536627499727513,-0.013540233098772619,-0.00767434147124137,0.0017543048943038945,-0.0018665219509927011,-0.013166804101127312,-0.004419486980403434,-0.015750616607925608
xsec,3,3,0.2,rev_ls,btc,top50,589,0.0011142944020374056,0.6669679163106849,0.30313291839988366,0.03687034760130681,-0.619360099360186,212,-0.002713181914003225,-0.9625476719296223,-0.7291890230920133,-0.3512353425416269,-0.6160806542937102,-0.00106878630286977,0.006516146983373793,-0.0026051925266905715,0.0036391109698959527,-0.0012469939785247123,-0.0021606459866072426,-0.0034621750600288895
xsec,7,3,0.1,mom_long,none,all,252,0.023948527140223774,2.657151988526724,1.2086861300353837,1.0499858462617806,-0.929388467883285,91,0.02611085575706028,1.875256853796027,1.4195068005650804,1.5358830899682094,-0.5263003090729224,0.0659502267092948,0.03881508911025165,-0.029292170014796694,0.020999527837959577,0.029731761992112797,0.008937022910257173,0.0500638331486541
xsec,7,3,0.1,mom_short,none,all,248,-0.015619020176821883,-1.7084219688377524,-0.7833696094792778,-0.7829220363588834,-0.9996014416342778,91,-0.018514679810906296,-1.1767709404318047,-0.8907762951346643,-0.8196181692102942,-0.9740753768072805,-0.05591405041657556,-0.029104377089820634,0.02457509402142258,-0.015366424907261082,-0.011584195624125559,-0.0029774495462152398,-0.04018502728534383
xsec,7,3,0.1,mom_ls,none,all,252,0.004288713959294773,1.082846850344564,0.4925657149516919,0.12109798963064122,-0.5117574029469647,91,0.0037980879730769913,0.5033986596352502,0.3810559707066715,0.06336605650561022,-0.5419955063429334,0.007559635892567604,0.004855356010215504,-0.0023585379966870584,0.002816551465349248,0.00907378318399362,0.002979786682020965,0.004939402931655134
xsec,7,3,0.1,rev_long,none,all,248,0.012819020176821879,1.4021555412007363,0.6429360303104023,0.18124458339070393,-0.907169796373786,91,0.015714679810906292,0.9988062839073034,0.7560629945617946,0.34633613919370365,-0.6638159551957008,0.053114050416575555,0.026304377089820634,-0.02737509402142258,0.012566424907261082,0.008784195624125555,0.0001774495462152359,0.03738502728534382
xsec,7,3,0.1,rev_short,none,all,252,-0.026748527140223785,-2.9678193429035464,-1.3500025936443212,-0.8644088579203519,-0.9999722495116976,91,-0.02891085575706029,-2.076350193649858,-1.5717277418686801,-0.8735831629778212,-0.9854780411105301,-0.06875022670929481,-0.04161508911025165,0.026492170014796694,-0.02379952783795958,-0.0325317619921128,-0.011737022910257177,-0.0528638331486541
xsec,7,3,0.1,rev_ls,none,all,252,-0.007066491737072556,-1.7838510898091526,-0.8114387432900667,-0.36714807227364277,-0.9205751294892239,91,-0.0065980879730769965,-0.8745107183790592,-0.6619754032058339,-0.38202841244108876,-0.6236003863104846,-0.010232363165294881,-0.007655356010215508,-0.00044146200331294486,-0.0056165514653492505,-0.011873783183993625,-0.00577978668202097,-0.007739402931655138
xsec,7,3,0.1,mom_long,btc,all,146,0.044454441429866265,3.3538977205509264,2.004337254191938,1.5750769675710776,-0.680859170364089,41,0.03250588936205614,1.4418972893896271,1.6260721410847645,0.7124656928932813,-0.3628834526623206,0.0793509418646209,0.07208208226534389,-0.060821767709403333,0.03307824270190255,0.0345527295699593,0.0077873083716522495,0.07535142974542285
xsec,7,3,0.1,mom_short,btc,all,102,-0.01016090186787883,-0.8281208109028227,-0.5920944974703801,-0.3090171137953768,-0.8755779799346538,50,-0.0018473084718924149,-0.11392029043975742,-0.11633583024362479,-0.22592831481682218,-0.591135664955251,-0.0901107220818481,0.02009136983669439,0.008693711860629134,-0.009475014782590288,-0.0596605250377892,-0.0036359237150783257,0.00025237029184756627
xsec,7,3,0.1,mom_ls,btc,all,248,0.010995839633542002,2.331647839046622,1.0691398790427402,0.5106296956933516,-0.6129505295918934,91,0.006815252968404837,1.00574018090433,0.7613117229809298,0.28168983122084446,-0.28808893373097777,0.02484757533699441,0.02554291650765618,-0.003674160943150718,0.0095833004159861,0.0018761212433284526,0.0009839629939230549,0.014948367932813643
xsec,7,3,0.1,rev_long,btc,all,146,0.016632226118686203,1.2818932462739747,0.7660777410295971,0.1916769895783097,-0.7953374470609698,41,0.036040742419459815,1.2550997723070727,1.4154148073156396,0.6539077119185115,-0.4292077326370879,0.04586021097242684,0.05963052823358887,-0.08031303455740074,0.01542796696781547,-0.014567164376796784,-0.0005063505522195056,0.09938903690370397
xsec,7,3,0.1,rev_short,btc,all,106,0.0014954680134347342,0.13983924436764836,0.09807843969328002,-0.08896224328508306,-0.6778887165215797,50,-0.02366692820096369,-1.351513522653963,-1.3801707065220294,-0.6083273428868763,-0.8443648588327344,-0.028548081243316557,0.00749332935678928,0.017033290706414704,0.001068414528981823,-0.022606240508311178,-0.012844155428913765,-0.036371922324674476
xsec,7,3,0.1,rev_ls,btc,all,252,0.00513258853720688,1.1721870101771603,0.5332047948805281,0.15592262615613905,-0.5544051195169404,91,0.0016171649953278446,0.19806559860011186,0.14992904230784043,-0.06493340924974522,-0.41283652686926,0.013629068959245495,0.019287560497440674,-0.0027156229464636614,0.005366748950636851,-0.008597661940665167,-0.0033958236880979134,0.008608965001158507
xsec,7,3,0.1,mom_long,none,top50,252,0.022605840729987906,2.4808665431398245,1.1284973513406447,0.8985397632720142,-0.9339525139550567,91,-0.0030496113254218564,-0.2089151132441995,-0.15814176249544412,-0.4734238923231723,-0.8546153389288067,0.0659502267092948,0.03881508911025165,-0.029292170014796694,0.021435313032662752,0.022789111886266547,-0.007803461998808602,0.0035807593506175517
xsec,7,3,0.1,mom_short,none,top50,248,-0.015649461751279802,-1.698749941702548,-0.7789346559034159,-0.7860570576880188,-0.9996588483957295,91,-0.016788538707540022,-0.6611255721791648,-0.5004499750719923,,-1.09709553130153,-0.05591405041657556,-0.029104377089820634,0.023958770787863206,-0.015551467087980088,-0.010928013103415719,-0.009702534098284567,-0.026671650399396313
xsec,7,3,0.1,mom_ls,none,top50,252,0.0036023915667451616,0.878318687545182,0.3995298801011986,0.07567173328565624,-0.5336716693500735,91,-0.009919075016480941,-0.7861047620458894,-0.5950550472176062,-0.6817769453860865,-0.9177953204228133,0.007559635892567604,0.004855356010215504,-0.0026666996134667442,0.002941922972341332,0.005930549391425413,-0.008752998048546585,-0.011545445524389379
xsec,7,3,0.1,rev_long,none,top50,248,0.012849461751279797,1.3948097862925282,0.6395677517125286,0.176615707898079,-0.9039840551983793,91,0.01398853870754002,0.5508627533389355,0.4169847042338431,-0.32415769900073277,-0.775061534562305,0.053114050416575555,0.026304377089820634,-0.02675877078786321,0.012751467087980087,0.008128013103415717,0.006902534098284567,0.023871650399396305
xsec,7,3,0.1,rev_short,none,top50,252,-0.025405840729987913,-2.788151125198156,-1.26827505841624,-0.8568111576869062,-0.9999673047998991,91,0.00024961132542184925,0.01709974575541253,0.012943936367226934,-0.4166495058813381,-0.8315557749461011,-0.06875022670929481,-0.04161508911025165,0.026492170014796694,-0.02423531303266276,-0.02558911188626655,0.005003461998808593,-0.006380759350617557
xsec,7,3,0.1,rev_ls,none,top50,252,-0.006380169344522945,-1.555304821962091,-0.7074775452814955,-0.349761590530842,-0.9088159027480367,91,0.007119075016480933,0.5641996620167745,0.4270802986204919,0.0581104593354107,-0.6169637643548984,-0.010232363165294881,-0.007655356010215508,-0.00013330038653325965,-0.005741922972341334,-0.008730549391425417,0.005952998048546579,0.008745445524389375
xsec,7,3,0.1,mom_long,btc,top50,146,0.04328880677333607,3.231131369497442,1.930970326670581,1.4756320572031254,-0.6767833353668058,41,-0.011148716331772994,-0.5085068943460479,-0.573458942277134,-0.38215252427115776,-0.6407919435341249,0.0793509418646209,0.07208208226534389,-0.060821767709403333,0.035828218614863225,0.026940391946901236,-0.006718462724252931,-0.01882782258480777
xsec,7,3,0.1,mom_short,btc,top50,102,-0.012466974696990285,-0.9783415899976744,-0.6995001990742403,-0.35315970418173925,-0.9105893956750771,50,0.017115216679857888,0.7480811434692074,0.763943285073631,0.030570829305634595,-0.73617585631421,-0.0901107220818481,0.02009136983669439,0.00789249165700195,-0.008367025080295546,-0.07271972770621812,-0.01801856018279556,0.05835921560558151
xsec,7,3,0.1,mom_ls,btc,top50,248,0.010178496713334791,2.1178937535745046,0.9711263569063976,0.44305743563868893,-0.6520311288876606,91,0.002190458595550558,0.27432458698982914,0.20765454929867722,-0.04058792620833229,-0.4636799058678175,0.02484757533699441,0.02554291650765618,-0.003982322559930404,0.010689886780338352,-0.002820400508309279,-0.006237558073264682,0.01394532394942445
xsec,7,3,0.1,rev_long,btc,top50,146,0.015072843117975215,1.1682552139888975,0.6981660273818021,0.14307618010275092,-0.8152542276861156,41,0.05533458186290331,1.1389090586615158,1.2843829481796982,0.7062553477095133,-0.5848503779490486,0.04586021097242684,0.05963052823358887,-0.08031303455740074,0.016241053205998293,-0.021885105417945454,-0.0017333391433229993,0.15425231160702899
xsec,7,3,0.1,rev_short,btc,top50,106,0.0030820181599067313,0.28479088798368724,0.19974254050507248,-0.060464383324949744,-0.6778887165215797,50,-0.0063916547797860865,-0.3242583526893327,-0.3311338526958197,-0.38420337186833864,-0.734366098369382,-0.028548081243316557,0.00749332935678928,0.017033290706414704,0.005397139636573518,-0.017042358820253956,0.006048276115047387,-0.02099505191719929
xsec,7,3,0.1,rev_ls,btc,top50,252,0.005014541706695425,1.146938553228403,0.5217197688637516,0.14944721309156384,-0.5546782146830158,91,0.010709533612031495,0.8748666047679495,0.6622447973148252,0.30276767005985583,-0.4014390960355021,0.013629068959245495,0.019287560497440674,-0.0027156229464636614,0.00634796380799702,-0.010150949899734694,0.0011154399752819008,0.024090769473813826
xsec,7,3,0.2,mom_long,none,all,252,0.02148635252139053,2.650676007873228,1.2057403339243384,0.965440675408104,-0.8595795534045899,91,0.014857586376352715,1.3271163924005762,1.0045827804018368,0.6330685462988843,-0.5653299182046125,0.05257557321055304,0.04600803351794613,-0.023346859059809544,0.018808150805432126,0.01816982116193282,-0.0030349487205882457,0.03981296427471774
xsec,7,3,0.2,mom_short,none,all,251,-0.01717905011994239,-1.9757900115188385,-0.9005365351681723,,-1.0040124529081476,91,-0.009707393526011463,-0.808782197330653,-0.61222110825129,-0.5877057512681876,-0.8820107838851006,-0.030435895638406374,-0.04507803411857437,0.022839174124475295,-0.017261407375573835,-0.018253541623674496,0.0025870031967441228,-0.026854841586696886
xsec,7,3,0.2,mom_ls,none,all,252,0.002187736617628717,0.7043354013682871,0.32038830831004667,0.04664344963118472,-0.49248766401741695,91,0.002575096425170626,0.5832348672729097,0.4414893131811048,0.09174281248849803,-0.2504237956193226,0.011415701236509767,0.00046499969968587587,-0.0002538424676671257,0.0007733717149291449,-4.186023087083754e-05,-0.00022397276192206157,0.006479061344010429
xsec,7,3,0.2,rev_long,none,all,251,0.014379050119942387,1.653757536287239,0.7537587866392367,0.3329245603730675,-0.8883698052058022,91,0.0069073935260114605,0.5754971093760188,0.43563208891151817,0.03862880860547957,-0.6559141588117414,0.02763589563840637,0.042278034118574365,-0.0256391741244753,0.014461407375573835,0.015453541623674488,-0.0053870031967441275,0.02405484158669688
xsec,7,3,0.2,rev_short,none,all,252,-0.02428635252139053,-2.996099588476601,-1.362866720621528,-0.8199515187707276,-0.9998907360963188,91,-0.017657586376352723,-1.5772193232935696,-1.1939023450925086,-0.7146080805616019,-0.9431472092732254,-0.055375573210553045,-0.04880803351794613,0.020546859059809543,-0.021608150805432127,-0.020969821161932824,0.00023494872058824398,-0.042612964274717745
xsec,7,3,0.2,rev_ls,none,all,252,-0.004982181062073166,-1.6037334764555646,-0.7295067868285673,-0.26775888421207694,-0.8126681558425741,91,-0.005375096425170631,-1.2174082568212035,-0.9215373862644989,-0.2788431640350151,-0.49755712862916646,-0.014183883054691593,-0.0032649996996858837,-0.002546157532332877,-0.0035733717149291455,-0.002758139769129167,-0.002576027238077942,-0.009279061344010433
xsec,7,3,0.2,mom_long,btc,all,146,0.035789864045450835,3.163737392183674,1.8906947217794565,1.182853914667374,-0.6320097741039084,41,0.026205632340349023,1.3151957121010753,1.4831868561366075,0.5478404331165707,-0.344099971812623,0.0643016517159872,0.06818045258309896,-0.059862447253618306,0.029894822305286117,0.018908634294016624,0.0030480771007859197,0.06634539475559174
xsec,7,3,0.2,mom_short,btc,all,105,-0.005734022285496753,-0.4909305454957223,-0.34595755349477364,-0.2377923820610135,-0.8031156755485652,50,-0.003442441826851102,-0.24650065155622872,-0.2517273950381389,-0.21913557207057788,-0.5128109238248685,-0.056805713413800786,0.022987936978413136,0.010904461632106203,-0.005743327719837978,-0.05031198684898998,-0.004520425469245936,-0.0021769827683875945
xsec,7,3,0.2,mom_ls,btc,all,251,0.00920965699334395,2.2239935911482065,1.0136641399807638,0.42758213439636905,-0.5786384148657182,91,0.0049577408495151375,0.8372347542124243,0.6337587434319755,0.19321115567016323,-0.21776036909500518,0.01806857409871593,0.024964814486757154,-0.002713181747684342,0.009121944321613158,-0.0018605920782908418,-0.00040378757593590906,0.012435662074486336
xsec,7,3,0.2,rev_long,btc,all,146,0.022610063288550544,1.8303238848416896,1.093827735755429,0.4660499824949096,-0.7154854951883927,41,0.014547578524987512,0.7053205814595199,0.7954118205815689,0.16462156707918885,-0.49920255707385874,0.019645041767074736,0.0883872403455659,-0.06542154909903893,0.020055903208359826,-0.00011770320005017271,-0.012767794503733804,0.06189422510810446
xsec,7,3,0.2,rev_short,btc,all,106,-0.004585289478816899,-0.41240252309134834,-0.2892449553290698,-0.21686360283931638,-0.8003965965046791,50,-0.008352188685875742,-0.6835438854817334,-0.6980375938167241,-0.29381129511916493,-0.6657476134917027,-0.020197337694250535,-0.016077319659863358,0.009592182601666915,0.0012173493413260813,-0.019448735301760275,0.006092677289318924,-0.025309205265452085
xsec,7,3,0.2,rev_ls,btc,all,252,0.005585374117805136,1.3025922450336622,0.5925235690175142,0.18774441018689636,-0.524960764805699,91,0.0009826444243445096,0.17151727191401367,0.12983284577974663,-0.023841280238640294,-0.33389066889151287,0.0048422234508717086,0.023099814787071273,-0.0038593392800172167,0.006948572606684012,-0.003218731847420007,-0.001579814814013849,0.0045566007304759055
xsec,7,3,0.2,mom_long,none,top50,252,0.02129307257908364,2.5852739671973,1.1759902331463872,0.9269505372798359,-0.8597751744654669,91,0.0004544118831886532,0.037158111729080075,0.028127449415163413,-0.2705007822022575,-0.8251088510606951,0.05257557321055304,0.04600803351794613,-0.023346859059809544,0.019891002687162516,0.016150304944407487,-0.016570279670739617,0.02419937641893071
xsec,7,3,0.2,mom_short,none,top50,251,-0.016827753422317824,-1.939246410048491,-0.8838804897084753,,-1.0040124529081476,91,-0.009792643985476955,-0.6086567361025135,-0.46073281873803545,-0.7661356884757492,-0.9572767826586525,-0.030435895638406374,-0.04507803411857437,0.02211431601690876,-0.016939177671124205,-0.016155231083946713,0.0003445267595552082,-0.023931329498284973
xsec,7,3,0.2,mom_ls,none,top50,252,0.0022660479780303613,0.701309150746186,0.3190117264777923,0.04577694445087488,-0.49248766401741695,91,-0.004669116051144151,-0.6303908669706038,-0.4771848298367674,-0.32145746387916607,-0.6577023365507467,0.011415701236509767,0.00046499969968587587,-0.0006162715214503921,0.001475912508019154,-2.4630697696119204e-06,-0.008112876455592203,0.00013402346032287258
xsec,7,3,0.2,rev_long,none,top50,251,0.014027753422317822,1.6165717301988098,0.7368100335950978,0.3126005857002905,-0.8822427514008574,91,0.006992643985476954,0.434624180276475,0.3289959870529747,-0.1558105464191436,-0.724111670744765,0.02763589563840637,0.042278034118574365,-0.024914316016908765,0.014139177671124204,0.013355231083946706,-0.003144526759555212,0.021131329498284966
xsec,7,3,0.2,rev_short,none,top50,252,-0.024093072579083635,-2.9252327533831477,-1.3306307924447385,-0.8222690003302116,-0.999899047934296,91,-0.003254411883188659,-0.26611936184284557,-0.20144346793521847,-0.4249029745859789,-0.8168031587513699,-0.055375573210553045,-0.04880803351794613,0.020546859059809543,-0.022691002687162513,-0.01895030494440749,0.013770279670739613,-0.026999376418930715
xsec,7,3,0.2,rev_ls,none,top50,252,-0.005060492422474811,-1.565909892517463,-0.7123015831023173,-0.27460584724216464,-0.8196544547235499,91,0.0018691160511441472,0.2523547658792285,0.19102412855894424,-0.024674066085517254,-0.5157736216608712,-0.014183883054691593,-0.0032649996996858837,-0.0021837284785496103,-0.004275912508019155,-0.0027975369302303916,0.005312876455592199,-0.0029340234603228727
xsec,7,3,0.2,mom_long,btc,top50,146,0.03641340404747369,3.154188411217701,1.8849881141591966,1.2042657479134702,-0.6320097741039084,41,-0.0027290405694856234,-0.14249785455087288,-0.16069923506660427,-0.20515744443671735,-0.5408833972709466,0.0643016517159872,0.06818045258309896,-0.059862447253618306,0.03187130599254686,0.019533203186622657,-0.011949156130564602,0.013252493069717933
xsec,7,3,0.2,mom_short,btc,top50,105,-0.007400768808858437,-0.6300807143662143,-0.4440163368247253,-0.26578902945055194,-0.8367474373189832,50,0.008555821682167725,0.5090028375287509,0.5197956173714456,0.026623757088427125,-0.5401056476758421,-0.056805713413800786,0.022987936978413136,0.00996214609226971,-0.0036962732579400182,-0.060436439155565416,-0.010201219331796815,0.030574956785517398
xsec,7,3,0.2,mom_ls,btc,top50,251,0.009042383000002038,2.1486868785032014,0.9793404286122129,0.4114398387648932,-0.5845242244476783,91,0.0017357165975795366,0.2758961344285659,0.20884415821661387,-0.003276604295860297,-0.3902015765735126,0.01806857409871593,0.024964814486757154,-0.003075610801467608,0.01012172177263615,-0.003305359174161721,-0.0055293488806905065,0.011868571080429859
xsec,7,3,0.2,rev_long,btc,top50,146,0.020807434137476963,1.6917727922650958,1.0110276209043874,0.39605096724436617,-0.7096230594013211,41,0.02936882162894607,1.008636280381752,1.1374703094909133,0.4195408252609323,-0.5693532041136781,0.019645041767074736,0.0883872403455659,-0.06542154909903893,0.020571445528956525,-0.00815278426512523,-0.014095878469805392,0.10470763513344859
xsec,7,3,0.2,rev_short,btc,top50,106,-0.0032669556509237457,-0.2923348347111144,-0.20503360545254914,-0.1955810573860285,-0.7995619895468501,50,-0.005864842894381567,-0.3679166329832752,-0.37571785318772977,-0.30405551954170773,-0.7142769590208202,-0.020197337694250535,-0.016077319659863358,0.009592182601666915,0.001974327647452307,-0.011985514445729196,0.01822025048720444,-0.034138648168417315
xsec,7,3,0.2,rev_ls,btc,top50,252,0.005340452549749446,1.2486725605085964,0.5679965660072477,0.17394273765568768,-0.4936194996058818,91,0.005004832648723684,0.6340819132201432,0.4799788285584974,0.13128380649632332,-0.38233098252788034,0.0048422234508717086,0.023099814787071273,-0.0038593392800172167,0.0072458092646169965,-0.004702896104392109,0.0011835275749016952,0.010334547620106984
xsec,14,3,0.1,mom_long,none,all,126,0.04279422036420633,2.2144545171190244,1.007311765376288,0.7134082550601586,-0.8968663913916296,45,0.015338305517959174,0.7193021712493642,0.5475042928742018,0.1592586769100761,-0.5443663047345473,0.09357317429276123,0.09277838005483717,-0.04884575122736694,0.04630275320102225,0.03797469225801718,-0.01050346024183033,0.05070072182082903
xsec,14,3,0.1,mom_short,none,all,124,-0.024431570729747876,-1.1532414920656409,-0.5288004683581529,,-1.2685425309464509,45,-0.06491847476848485,-1.805135375010345,-1.3739974749702513,-0.9594511121271875,-0.9979023110363799,-0.09929133893164761,-0.008902999349639852,0.020121210417854418,-0.020544367476425456,-0.03081568943239623,-0.012751792889199727,-0.13630446049803294
xsec,14,3,0.1,mom_ls,none,all,126,0.009375226172227228,1.1182806073470923,0.5086838334518484,0.11245865822551004,-0.6486885642559674,45,-0.024790084625262842,-1.399718981337648,-1.065410590612817,-0.5873233362822541,-0.8585207710482757,0.0016541603592680652,0.04193769035259865,-0.01436227040475626,0.012879192862298399,0.0035795014128104747,-0.011627626565515027,-0.04280186933860195
xsec,14,3,0.1,rev_long,none,all,124,0.021631570729747883,1.021073314525911,0.46819686133750404,-0.043752302232070384,-0.9289590178338486,45,0.06211847476848486,1.7272780459826047,1.3147355631086937,1.6976795524884594,-0.520279606055125,0.0964913389316476,0.006102999349639848,-0.022921210417854426,0.017744367476425445,0.028015689432396216,0.00995179288919972,0.13350446049803294
xsec,14,3,0.1,rev_short,none,all,126,-0.045594220364206337,-2.3593449391237544,-1.0732195659869679,-0.8914039440620223,-0.9999907270607264,45,-0.018138305517959183,-0.8506104228120964,-0.6474509276737765,-0.5363895579546762,-0.825538155829799,-0.09637317429276124,-0.09557838005483717,0.04604575122736692,-0.049102753201022246,-0.040774692258017185,0.007703460241830323,-0.05350072182082904
xsec,14,3,0.1,rev_ls,none,all,126,-0.012153003950005011,-1.4494713619260473,-0.6593359877825037,-0.33980497394198095,-0.897245017441905,45,0.021990084625262835,1.2416229842085589,0.9450741860054742,0.506239900435993,-0.3313355880437042,-0.004326887631995344,-0.04473769035259866,0.01156227040475625,-0.015679192862298404,-0.006379501412810485,0.008827626565515022,0.04000186933860195
xsec,14,3,0.1,mom_long,btc,all,75,0.07677797797125364,2.7425290556097384,1.616973937892639,1.124364913571378,-0.5864177063362528,19,0.02231991669695252,0.5624697446203365,0.6588776569289315,0.10264641191767976,-0.42511122313916794,0.13373189137180486,0.14741668300709487,-0.1078537408489533,0.07330811078074465,0.036593719934714934,-0.024004573345408526,0.10173332819814287
xsec,14,3,0.1,mom_short,btc,all,49,-0.023160080652944497,-0.8094532189929892,-0.5904404857580258,-0.3886909903800506,-0.9578867534498412,26,-0.06925901373176338,-1.3453509213404395,-1.3471976633509464,-0.8820817248281033,-0.9819497535089603,0.05097581516441285,-0.010971197773818863,-0.01580096845329932,-0.02248524496593216,-0.08571334661550345,-0.02960431494931781,-0.1155228289779499
xsec,14,3,0.1,mom_ls,btc,all,124,0.0186431628864909,1.7963477521590796,0.823686573203671,0.3513781889350467,-0.6700813430314925,45,-0.015296177108708332,-0.8873852071891084,-0.6754424354443781,-0.4532214228328021,-0.7717432528938257,0.05859033806516323,0.04324913366106402,-0.020292203587603082,0.02375879596293506,-0.002871670781718791,-0.013509909412218302,-0.017740543430221013
xsec,14,3,0.1,rev_long,btc,all,75,0.022462277579926093,0.7544541465002834,0.44482033462167614,-0.0536712669368673,-0.8841388637738841,19,0.05617878987136687,1.1355674805445695,1.3302049541721155,0.5017234053795785,-0.3214705205051459,0.13405812745566273,0.004810375334527967,-0.12042426735384315,0.017029307348712452,-0.0010477761351311344,-0.009709482847604712,0.169130114532461
xsec,14,3,0.1,rev_short,btc,all,51,0.004381893763804427,0.1927297893090196,0.13779903396472806,-0.0837740755638392,-0.5981826979804026,26,-0.013036358887156355,-0.5537972009345931,-0.5545573896259183,-0.2643584450394826,-0.5168744941191488,0.010716737918021774,-0.008157095331224874,0.024305965577308786,0.024197503086795673,-0.043383195535365855,-0.003868922418379557,-0.023731701434062617
xsec,14,3,0.1,rev_ls,btc,all,126,0.007572013493843186,0.7603618951703082,0.3458736573850777,0.053223646877609276,-0.6075855763498641,45,0.008093907516554503,0.644315025728617,0.49042705089718763,0.13472707160158914,-0.18767279651294877,0.050209783336334864,-8.855669153463916e-05,-0.007329933182846828,0.00947960310063666,-0.007851172194529271,-0.0032822828467032753,0.023661325908380937
xsec,14,3,0.1,mom_long,none,top50,126,0.03846967554531068,1.993696118202607,0.9068931156297838,0.5358349592952469,-0.8948833977031792,45,2.917449617738531e-05,0.0011561993392676978,0.0008800530944705383,-0.29243640000016324,-0.79060586693686,0.09357317429276123,0.09277838005483717,-0.04884575122736694,0.04963688295080863,0.01368315300127494,-0.021307530141557764,0.029226770316236012
xsec,14,3,0.1,mom_short,none,top50,124,-0.023701858525618014,-1.105809063549866,-0.5070510857812393,,-1.2685425309464509,45,-0.07294816434343983,-1.1778276580350509,-0.8965157131669474,-0.7692372497040165,-1.1165222200072857,-0.09929133893164761,-0.008902999349639852,0.019446412312641437,-0.01673600053333056,-0.030469092373658777,-0.04073066038055226,-0.11703527502949648
xsec,14,3,0.1,mom_ls,none,top50,126,0.007572018498144892,0.8694236421989339,0.39548369908390313,0.054067135857466475,-0.6486885642559674,45,-0.036459494923631215,-1.2203781158608327,-0.9289034345649159,,-1.0124435084723475,0.0016541603592680652,0.04193769035259865,-0.01469966945736275,0.016450441208739036,-0.008392969686191912,-0.03101909526105501,-0.04390425235663024
xsec,14,3,0.1,rev_long,none,top50,124,0.020901858525618017,0.9751751989272652,0.4471510134450152,-0.07391824536518088,-0.9274863553875401,45,0.07014816434343982,1.1326186048370628,0.8621043743832978,0.6673040394743635,-0.599457700950883,0.0964913389316476,0.006102999349639848,-0.02224641231264144,0.013936000533330557,0.027669092373658763,0.037930660380552254,0.11423527502949647
xsec,14,3,0.1,rev_short,none,top50,126,-0.0412696755453107,-2.1388064954500647,-0.9729009695502712,-0.8765123425050098,-0.9999821100194508,45,-0.0028291744961773902,-0.11212154832990447,-0.08534247703951893,-0.39659320633277795,-0.7582084493741138,-0.09637317429276124,-0.09557838005483717,0.04604575122736692,-0.05243688295080863,-0.016483153001274953,0.01850753014155776,-0.03202677031623602
xsec,14,3,0.1,rev_ls,none,top50,126,-0.010349796275922675,-1.1882656258071749,-0.5405186406018426,-0.31480415494030656,-0.8750734177416905,45,0.03365949492363122,1.1266560626187958,0.8575659236578196,0.6381131754576781,-0.4590463196311031,-0.004326887631995344,-0.04473769035259866,0.011899669457362741,-0.019250441208739037,0.005592969686191904,0.028219095261055004,0.04110425235663023
xsec,14,3,0.1,mom_long,btc,top50,75,0.06988300645982277,2.50554396615045,1.477249360484423,0.9243731737753769,-0.5864177063362528,19,-0.028853551186028017,-0.7229986096343088,-0.8469213400985218,-0.38668578344569393,-0.7431003838605466,0.13373189137180486,0.14741668300709487,-0.1078537408489533,0.07833202615160824,0.0005597637344959321,-0.05010273198332325,0.007573615895049528
xsec,14,3,0.1,mom_short,btc,top50,49,-0.0285617280914117,-0.9816543770971191,-0.7160493944057503,-0.42585551369363606,-0.9692709544461421,26,-0.045007891595081485,-0.6956902673436667,-0.6966452304113875,,-1.2601898831515317,0.05097581516441285,-0.010971197773818863,-0.016724376386748663,-0.0169635409249929,-0.11746755795282904,-0.0836954772263792,0.0001276249747658685
xsec,14,3,0.1,mom_ls,btc,top50,124,0.015490729064546519,1.4898118147541555,0.6831294146349234,0.2496621993681185,-0.7254745812299511,45,-0.019093585044518344,-0.9399422506237428,-0.7154467730529498,-0.5732627149013758,-0.8422043065398331,0.05859033806516323,0.04324913366106402,-0.020629602640209573,0.02633776366164627,-0.02014792380940443,-0.03409556663402284,0.0014354423937509766
xsec,14,3,0.1,rev_long,btc,top50,75,0.0177267437426328,0.5897713105281452,0.34772460714323283,-0.12511802554304663,-0.8996063182781453,19,0.10838222178856176,0.9123447063572082,1.0687215591336492,0.5538635258806581,-0.48901835892078926,0.13405812745566273,0.004810375334527967,-0.12042426735384315,0.013852169862718118,-0.018388918815313716,-0.012194959272912505,0.3150859607510891
xsec,14,3,0.1,rev_short,btc,top50,51,0.004926399328971825,0.21302726208999204,0.1523114357640096,-0.08276983297866858,-0.5981826979804026,26,-0.023935781725481338,-0.7354157116614015,-0.7364252052205682,-0.46644628512735575,-0.748260094210148,0.010716737918021774,-0.008157095331224874,0.024305965577308786,0.02544993430850456,-0.041271777171857524,-0.00617407143709837,-0.04465777706192813
xsec,14,3,0.1,rev_ls,btc,top50,126,0.006272825978075488,0.6232056306373673,0.2834839727512127,0.016405906396375514,-0.6277941224742396,45,0.015965909879112877,0.5947655209451095,0.45271193246282887,0.1256928642542503,-0.3898039556192763,0.050209783336334864,-8.855669153463916e-05,-0.007329933182846828,0.008487322452907233,-0.013154954123212518,-0.004476471372967831,0.04393969475038121
xsec,14,3,0.2,mom_long,none,all,126,0.04622313846740734,2.514765770349361,1.1439174424472143,0.9683916308495686,-0.8518390320362417,45,0.008072038180972557,0.4118022275013893,0.313447527873521,-0.005202743172870172,-0.6428439727382925,0.09504535341598558,0.1050798975053551,-0.037902164056343855,0.0469582285951534,0.029445486868975447,-0.016464752937222025,0.04164869971113356
xsec,14,3,0.2,mom_short,none,all,126,-0.038153350046155915,-1.6463027496289426,-0.7488707111627857,,-1.0470345290460377,45,-0.03381454647641791,-1.268402258561561,-0.9654575078615149,-0.7575548108044774,-0.9555257023008913,-0.08500894857953932,-0.09552336859809704,0.03114262429711576,-0.021265583404362933,-0.027320027566416532,0.005370270024071815,-0.08743587431919334
xsec,14,3,0.2,mom_ls,none,all,126,0.004034894210625718,0.5899538931198347,0.268358411958846,0.017039540088754634,-0.5696914469582912,45,-0.01287125414772268,-1.2724187675993177,-0.9685147152889861,-0.33194480462141274,-0.6103043654989446,0.005018202418223126,0.004778264453629028,-0.0033797698796140477,0.012846322595395233,0.0010627296512794589,-0.005547241456575102,-0.02289358730402988
xsec,14,3,0.2,rev_long,none,all,126,0.03535335004615591,1.5254837994349346,0.6939125492000967,0.32907156922359837,-0.8644702534055385,45,0.03101454647641791,1.163372716720768,0.8855131849678898,0.5486917827229174,-0.5495291468946075,0.08220894857953932,0.09272336859809704,-0.03394262429711577,0.01846558340436293,0.02452002756641652,-0.008170270024071818,0.08463587431919332
xsec,14,3,0.2,rev_short,none,all,126,-0.049023138467407364,-2.667099523323387,-1.2132110677840287,,-1.0082659340521267,45,-0.010872038180972569,-0.5546467249074918,-0.42217509560414324,-0.4069431596199612,-0.7440824771461089,-0.09784535341598556,-0.10787989750535512,0.035102164056343844,-0.0497582285951534,-0.03224548686897546,0.013664752937222012,-0.04444869971113357
xsec,14,3,0.2,rev_ls,none,all,126,-0.006834894210625724,-0.9993502278206082,-0.4545847451068084,-0.21459069627105998,-0.7232217674962715,45,0.010071254147722667,0.9956180371974189,0.7578249742827469,0.23018578645550725,-0.17983223185574138,-0.007818202418223126,-0.007578264453629032,0.0005797698796140368,-0.015646322595395237,-0.0038627296512794684,0.0027472414565750955,0.020093587304029874
xsec,14,3,0.2,mom_long,btc,all,75,0.0767123099341138,2.8405985829849802,1.6747949733864484,1.1907037055759662,-0.5731940991605613,19,0.029131286561947505,0.7827961858684886,0.9169682844827035,0.20335061389148512,-0.3726435614147028,0.12680307459100726,0.17463462872325872,-0.10449162936352059,0.07069349544502225,0.01874617553644131,-0.01812226404128911,0.11013737331035313
xsec,14,3,0.2,mom_short,btc,all,51,-0.022908059712748695,-0.9510338799973213,-0.6799755782497755,-0.328542685719156,-0.8863604119377708,26,-0.029597379235481787,-0.8088640456466812,-0.8099743605765555,-0.5434157175971219,-0.8124193785591943,-0.043720121336997264,-0.040097525143832226,0.003878574260902484,0.000801768255391043,-0.0649244838483069,-0.010913716034661767,-0.05139498630310515
xsec,14,3,0.2,mom_ls,btc,all,126,0.018194889681382352,1.89165900626667,0.8604784421454054,0.3768935033071441,-0.5206759847058147,45,-0.002400415727172489,-0.18172978216705596,-0.13832550471346103,-0.15585132468741703,-0.4940484002118054,0.0401483742144121,0.04602266938718879,-0.012649009511298017,0.025938245985445384,-0.0051083725099088425,-0.007120369095783347,0.004058467829873952
xsec,14,3,0.2,rev_long,btc,all,75,0.04572014747287281,1.2910970861111613,0.7612208648293538,0.25917265448710913,-0.7393384349688508,19,0.03678540691138313,0.9293555416923146,1.0886480697330134,0.29129017195785467,-0.3283384414946442,0.09769225879549259,0.12736452075701257,-0.10794504582398037,0.02659566033164071,0.004611786005415738,-0.027168253759260994,0.1464202537753445
xsec,14,3,0.2,rev_short,btc,all,51,-0.004186121604603709,-0.20143830413251426,-0.14402549710904758,-0.13960693249634137,-0.6326784546873686,26,0.004517412558970665,0.22060995463436076,0.2209127824428506,-0.012463215471711475,-0.34347647235321244,-0.013158096949261079,0.003407672443290659,0.01056920315369979,0.01466606714020489,-0.05245529716376217,0.012244029133735937,-0.004496973444922156
xsec,14,3,0.2,rev_ls,btc,all,126,0.01275999547075663,1.122796046542918,0.5107378178496466,0.1751476447908582,-0.5539370284718883,45,0.009070838420550186,0.891575970084743,0.6786322779994097,0.19481885253694076,-0.17209729078660496,0.03373017179618898,0.03984440493355977,-0.010669239631683973,0.01169192339005015,-0.007571102161188307,-0.0029731276392082474,0.025552055133903833
xsec,14,3,0.2,mom_long,none,top50,126,0.0445493483592937,2.4303276750128835,1.1055082151540503,0.8898303230992248,-0.8518390320362417,45,-0.001172435548386319,-0.056538057693675994,-0.04303452781783085,-0.23871477320978318,-0.7237913753808765,0.09504535341598558,0.1050798975053551,-0.037902164056343855,0.047222818609272986,0.02106945248476659,-0.02402817484615107,0.03010383928013387
xsec,14,3,0.2,mom_short,none,top50,126,-0.03997869834251759,-1.7138603470218148,-0.779601332256295,,-1.0470345290460377,45,-0.020999534530891963,-0.5792557422403669,-0.44090650386579555,-0.968226290957954,-0.9986606081862942,-0.08500894857953932,-0.09552336859809704,0.030031926515503345,-0.025575693984363358,-0.03074513787178719,0.0020538469100657365,-0.0525462670290446
xsec,14,3,0.2,mom_ls,none,top50,126,0.0022853250083880493,0.32729591314166134,0.1488804676359269,-0.02953697687327228,-0.5696914469582912,45,-0.011085985039639137,-0.7115540596240139,-0.5416067375127607,-0.3716322817183989,-0.6932561968692326,0.005018202418223126,0.004778264453629028,-0.003935118770420256,0.010823562312454814,-0.004837842693510299,-0.010987163968042666,-0.011221213874455361
xsec,14,3,0.2,rev_long,none,top50,126,0.03717869834251757,1.593826199572908,0.7250001616124739,0.376699034761911,-0.8599084681301257,45,0.01819953453089196,0.5020199313281268,0.3821176669509522,-0.11679451195328805,-0.6606771900101349,0.08220894857953932,0.09272336859809704,-0.03283192651550335,0.02277569398436335,0.027945137871787176,-0.00485384691006574,0.04974626702904459
xsec,14,3,0.2,rev_short,none,top50,126,-0.04734934835929367,-2.583077776656433,-1.1749912293042573,,-1.0082659340521267,45,-0.0016275644516136917,-0.07848562165499143,-0.059740143298012034,-0.26580483977674174,-0.6525984244441275,-0.09784535341598556,-0.10787989750535512,0.035102164056343844,-0.05002281860927298,-0.023869452484766605,0.02122817484615106,-0.03290383928013388
xsec,14,3,0.2,rev_ls,none,top50,126,-0.005085325008388059,-0.7283017015669394,-0.33129010646214896,-0.18169320102909836,-0.6485988231055663,45,0.008285985039639131,0.5318360318778662,0.40481250049969164,0.09566549953387771,-0.32401347832724037,-0.007818202418223126,-0.007578264453629032,0.001135118770420246,-0.013623562312454818,0.002037842693510288,0.008187163968042659,0.00842121387445536
xsec,14,3,0.2,mom_long,btc,top50,75,0.07558489958750327,2.8163069328053973,1.6604728041578505,1.160747513476144,-0.5731940991605613,19,0.0009047735864226317,0.02374317928210519,0.02781278545745873,-0.12541590714092232,-0.5245526790764522,0.12680307459100726,0.17463462872325872,-0.10449162936352059,0.07432749817171018,0.009710773900978834,-0.029454789398800182,0.05294973870394746
xsec,14,3,0.2,mom_short,btc,top50,51,-0.028093312802607788,-1.1499180720781164,-0.8221749218896246,-0.36749871372936704,-0.9158402115099704,26,0.0017101464210566516,0.040926248946225145,0.040982427763262816,-0.3697363662438927,-0.7540320751425675,-0.043720121336997264,-0.040097525143832226,0.002358672033432862,0.00167983659295485,-0.09178184425095554,-0.026095865287715774,0.03415049341462448
xsec,14,3,0.2,mom_ls,btc,top50,126,0.016809954429086303,1.7450569975418713,0.7937920744306107,0.3293062143087653,-0.52714651287769,45,0.0006850500565500309,0.047728822338133046,0.03632928714585892,-0.10676153929383758,-0.445843407072942,0.0401483742144121,0.04602266938718879,-0.013204358402104223,0.027384256181022637,-0.012710643114268453,-0.013823068977185058,0.02053826557639805
xsec,14,3,0.2,rev_long,btc,top50,75,0.04526076050965625,1.2711728176607242,0.7494736701186782,0.24271586896823338,-0.7064865552094004,19,0.049275940044084796,0.7605792450623585,0.8909433363988691,0.25217671387335594,-0.40986078690496475,0.09769225879549259,0.12736452075701257,-0.10794504582398037,0.03281720524969112,-0.004368412564243118,-0.037695177807477505,0.19836928493247732
xsec,14,3,0.2,rev_short,btc,top50,51,-0.001708831847220777,-0.08168197955137417,-0.05840144336202662,-0.11873319486772271,-0.5856611591625611,26,-0.00010960393002253206,-0.004692017319570222,-0.004698457977810857,-0.10832918931126867,-0.4185735370813687,-0.013158096949261079,0.003407672443290659,0.01056920315369979,0.023547025917342226,-0.045324734254143476,0.01657679094388039,-0.01957706461624262
xsec,14,3,0.2,rev_ls,btc,top50,126,0.013124629420698244,1.1490696643648315,0.5226891693659763,0.18360939024297718,-0.4974765550871476,45,0.010371035096189168,0.6847156787069606,0.5211784260837026,0.16666526614716326,-0.29434239014110597,0.03373017179618898,0.03984440493355977,-0.010669239631683973,0.015160693868567823,-0.00927280042075816,-0.004235905009142395,0.03035947945085342
xsec,1,7,0.1,mom_long,none,all,1768,0.0032393084881745357,2.423655037144167,1.1012251159899915,0.7933843175744364,-0.9644309396939458,637,0.0035869948062506145,1.97606657533108,1.4958163924977301,1.5339815114599444,-0.6792339226433521,0.008218860018618709,0.009680211149306612,-0.005921576242742311,0.002348525487003158,0.002663371141323807,-0.0017197757611769385,0.010708212663276559
xsec,1,7,0.1,mom_short,none,all,1737,-0.0031407950777846334,-2.4706082206469993,-1.1325317996869648,-0.7963981152436302,-0.9996933157457158,637,-0.000997857397967754,-0.5510207182330724,-0.4171042783823251,-0.5262295211183452,-0.8630400818497401,-0.006100169078050849,-0.00449839205045142,0.0018182366235153452,-0.004328123690344819,-0.0033166461933397447,-0.0001233394559194652,-0.0021713833128487294
xsec,1,7,0.1,mom_ls,none,all,1768,7.679195615969266e-05,0.12919360529753793,0.05870111084231977,-0.07923454848581757,-0.8320871377159235,637,0.0012945687041414301,1.5614923061459345,1.1819975184291738,0.48136548072067353,-0.3597881532652053,0.0013673344628239569,0.0025909095494275956,-0.0020516698096134825,-0.0009897991016708304,-0.00032663752600796875,-0.0009215576085482018,0.004268414675213915
xsec,1,7,0.1,rev_long,none,all,1737,0.00034079507778463357,0.2680757896897353,0.12288648358431865,-0.3098025273592573,-0.9674603698718053,637,-0.0018021426020322449,-0.9951501216031624,-0.7532954018215295,-0.6480207946822272,-0.9001832464387565,0.003300169078050849,0.0016983920504514208,-0.004618236623515344,0.0015281236903448203,0.0005166461933397459,-0.0026766605440805336,-0.0006286166871512691
xsec,1,7,0.1,rev_short,none,all,1768,-0.006039308488174535,-4.518618863151349,-2.0531043013248826,-0.9337345694995121,-0.9999992641292392,637,-0.006386994806250613,-3.5185796565558887,-2.6634472716100257,-0.9349648834604773,-0.9952847176212228,-0.011018860018618709,-0.012480211149306612,0.003121576242742312,-0.005148525487003157,-0.005463371141323806,-0.0010802242388230597,-0.013508212663276557
xsec,1,7,0.1,rev_ls,none,all,1768,-0.0028522444448474743,-4.7974055183504785,-2.17977532587377,-0.674091831365837,-0.9972891760329438,637,-0.004094568704141428,-4.938816694740885,-3.738519270433551,-0.7937258506089191,-0.938937463956251,-0.0040259663846480605,-0.005390909549427596,-0.0007483301903865161,-0.0018102008983291683,-0.0024733624739920303,-0.0018784423914517969,-0.007068414675213914
xsec,1,7,0.1,mom_long,btc,all,1015,0.006708047618498102,3.7461860919785144,2.2464810437314986,1.8167103233478974,-0.7315029068736045,287,0.004278136840132017,1.497638958103453,1.6889337438217373,0.6728885928791088,-0.4727481284836572,0.011537191794744862,0.014289529684575702,-0.012303262103314392,0.0036508830067078055,0.003999479597049688,-0.001161366795713605,0.013030792690538156
xsec,1,7,0.1,mom_short,btc,all,723,-0.0040251767316213756,-1.7801407627355423,-1.2648284585283023,-0.5769051383374557,-0.9859806853627066,350,-0.0017230797275874757,-0.69724926205904,-0.7120335760668366,-0.4290919098180963,-0.7642820694796535,-0.01809925230717386,-0.0059807391906619356,0.0008815016689780603,-0.003057192545010733,-0.007984710109478627,-0.002029400604889087,-0.0013675962403485694
xsec,1,7,0.1,mom_ls,btc,all,1738,0.0011215378468968122,1.5887558766247944,0.7280793541967304,0.2703041131836952,-0.6430955534342547,637,0.0004903825498134008,0.5235960207243437,0.3963446984142388,0.08078661561364497,-0.516567715844046,0.0025588727094389956,0.0032850835085097255,-0.000805480261796147,0.000768689875343448,0.00014972144218918865,-0.000804231830904735,0.002227640818056487
xsec,1,7,0.1,rev_long,btc,all,1014,-0.0002897847404835756,-0.19785841379524038,-0.11870854387759536,-0.2446448027080257,-0.8669326486691441,287,-0.002686560077178247,-1.0087344507796598,-1.1375810192829992,-0.45776005974433986,-0.7878055592650345,-3.29095967055425e-05,0.0007866829686405291,-0.008636693819791232,0.0021127520171985,-0.001568299350232166,-0.0047011774706697375,0.0005551424559853301
xsec,1,7,0.1,rev_short,btc,all,753,-0.0013636508291062495,-0.6838078902802976,-0.47608341425080375,-0.34925085479942686,-0.9208143283790844,350,-0.005820258338467862,-2.4947081102876867,-2.5476053309335316,-0.7446492952590589,-0.9372307120447703,-0.00301799340284787,-0.004985923458869098,0.00163395352524409,-0.0023173134876452285,-0.0024719070767340013,-0.0005544881383602407,-0.011931152150938436
xsec,1,7,0.1,rev_ls,btc,all,1767,-0.00037370424481249356,-0.625474197879605,-0.2842742721956527,-0.21577967917401053,-0.7998950926816533,637,-0.002204186154328029,-2.511063215124967,-1.900790978741527,-0.5916088114213865,-0.8491738922284626,-0.00045543771102076077,-0.0007058260409178698,-0.00015381045218266362,0.000358488977014279,-0.0009236410318028417,-0.0012826742223565324,-0.003440773857157427
xsec,1,7,0.1,mom_long,none,top50,1768,0.0031324496325404612,2.3052070413493886,1.047406438864395,0.6972540939816099,-0.9628861997258114,637,0.0012757209863150795,0.5333897561746933,0.4037582290175609,-0.17339851256695304,-0.8059877440896543,0.008218860018618709,0.009680211149306612,-0.005921576242742311,0.0026298935395880707,0.0018665793490982982,-0.0021690274205870956,0.005898269399988954
xsec,1,7,0.1,mom_short,none,top50,1737,-0.0033178243000888574,-2.580911935820082,-1.1830952455676782,-0.8108203572855985,-0.9997949976197766,637,0.001278453651630801,0.5635363117575853,0.4265781646316628,-0.13984569283003068,-0.7826896718189952,-0.006100169078050849,-0.00449839205045142,0.0018031143989216947,-0.003947269810638959,-0.004521541857980167,0.00012049506149362331,0.0028323319067781157
xsec,1,7,0.1,mom_ls,none,top50,1768,-6.360007322477618e-05,-0.10408619042266981,-0.0472931689388529,-0.12912134364189531,-0.858086380725808,637,0.00127708731897294,0.9739648350955338,0.7372588475710421,0.3032671291928515,-0.4472242500700291,0.0013673344628239569,0.0025909095494275956,-0.002059230921910308,-0.0006586881355254442,-0.0013274812544409344,-0.0010242661795467362,0.0043653006533835356
xsec,1,7,0.1,rev_long,none,top50,1737,0.0005178243000888583,0.40281184170036416,0.18464976203174213,-0.2736439912585814,-0.9574760472065375,637,-0.0040784536516308,-1.7977630441138661,-1.3608465751016472,-0.876223093871579,-0.9816178917028621,0.003300169078050849,0.0016983920504514208,-0.004603114398921694,0.0011472698106389605,0.0017215418579801685,-0.0029204950614936218,-0.005632331906778115
xsec,1,7,0.1,rev_short,none,top50,1768,-0.00593244963254046,-4.365760433406177,-1.9836507118303464,-0.9325837270846574,-0.999999344634161,637,-0.004075720986315079,-1.704093486308577,-1.2899418486150458,-0.8869059769372853,-0.9892039737279492,-0.011018860018618709,-0.012480211149306612,0.003121576242742312,-0.005429893539588069,-0.004666579349098297,-0.000630972579412903,-0.008698269399988953
xsec,1,7,0.1,rev_ls,none,top50,1768,-0.0027118524154630054,-4.437147724042954,-2.0160866303942067,-0.6596942311438997,-0.9966464986745823,637,-0.004077087318972939,-3.1093720995421696,-2.353690819395091,-0.8160021587117912,-0.9535691329825764,-0.0040259663846480605,-0.005390909549427596,-0.0007407690780896907,-0.002141311864474555,-0.0014725187455590643,-0.0017757338204532622,-0.007165300653383534
xsec,1,7,0.1,mom_long,btc,top50,1015,0.006695624314187182,3.6744190018466156,2.2034443649369506,1.780665466469849,-0.7130393537086137,287,-0.0008822966876625133,-0.25127867375160073,-0.28337472720346796,-0.35019956450604117,-0.7121342478095576,0.011537191794744862,0.014289529684575702,-0.012303262103314392,0.004105171250679211,0.003500737641047973,-0.002324471118222988,0.0014382930778757052
xsec,1,7,0.1,mom_short,btc,top50,723,-0.0041264841613864005,-1.8105932818802015,-1.286465631079114,-0.5849386343884606,-0.9873332678453225,350,0.0015509093239418823,0.4733918887364256,0.48342958215922716,-0.07552901840064563,-0.7878509455533154,-0.01809925230717386,-0.0059807391906619356,0.000862854331218998,-0.002886286871575116,-0.008757982783713378,-0.0012397356570421096,0.00478943559817022
xsec,1,7,0.1,mom_ls,btc,top50,1738,0.0010968385012133555,1.5334195632106757,0.7027203749306576,0.2546133558632828,-0.6398136227570488,637,0.00022731484616995122,0.18981965604601214,0.14368713922724688,-0.08059785630270155,-0.6620745893609286,0.0025588727094389956,0.0032850835085097255,-0.0008130413740929723,0.0009511915375872114,-0.00014202927783398174,-0.0008828790293827199,0.0017170970688784985
xsec,1,7,0.1,rev_long,btc,top50,1014,-5.87645359250701e-05,-0.039521178904729254,-0.023711408123192005,-0.21341350024670425,-0.825750001260984,287,-0.003746190636617285,-1.21998842812803,-1.3758186592226305,-0.5675243875264351,-0.8368436989637457,-3.29095967055425e-05,0.0007866829686405291,-0.008636693819791232,0.0016353219626083285,-0.00017062345667537656,-0.004365259892480728,-0.0027500519249097446
xsec,1,7,0.1,rev_short,btc,top50,753,-0.0011294983684349866,-0.5579219459996053,-0.38843860784944473,-0.33054483109639954,-0.9101546442627254,350,-0.005845295478976703,-1.7896377008231488,-1.8275847696390066,-0.7903783968273171,-0.9636501338219374,-0.00301799340284787,-0.004985923458869098,0.00163395352524409,-0.0022227680806942867,-0.001007800164467608,-0.000777321167080738,-0.011726648384139924
xsec,1,7,0.1,rev_ls,btc,top50,1767,-0.00025752674331057336,-0.4245715788517318,-0.19296523658721296,-0.18567250895002851,-0.7486364555788686,637,-0.0024497724728029884,-2.1635044083604513,-1.6377005712595771,-0.648413536909783,-0.8820891423130806,-0.00045543771102076077,-0.0007058260409178698,-0.00015381045218266362,0.00020987967311265635,-0.00021454802339304646,-0.001258612849835983,-0.004048203584505036
xsec,1,7,0.2,mom_long,none,all,1768,0.0022888780125728983,1.962852822243465,0.8918525094203685,0.45394421846511346,-0.9263270677468693,637,0.0015266337523918757,0.9920350905016349,0.7509374273266549,0.3235246732817456,-0.7230123081412958,0.005588742104391788,0.007099341177524791,-0.004296717425194105,0.0020766901667162653,0.0015028495074548309,-0.002295000524999155,0.006654929749626162
xsec,1,7,0.2,mom_short,none,all,1759,-0.002644834934260984,-2.2293155939022475,-1.0155120156560755,-0.7452924249351973,-0.9993903290169525,637,-0.0009612447740968085,-0.5794276154704983,-0.43860735073737506,-0.4878777666117823,-0.8310572468867925,-0.005261944764270504,-0.004571807157199736,0.002291892785105052,-0.003475590052972558,-0.0026870109138331074,0.00037845314944528953,-0.002759001178849991
xsec,1,7,0.2,mom_ls,none,all,1768,-0.0001712466977195097,-0.4346190792211675,-0.19747589429671955,-0.10292358074405616,-0.6867836543019311,637,0.0002826944891475335,0.5409433623938835,0.40947605661820474,0.0741686451607464,-0.3244451216327162,0.00024052815357600762,0.0012637670101625273,-0.0010024123200445265,-0.0006994499431281461,-0.0005920807031891384,-0.0009582736877769326,0.0019479642853880855
xsec,1,7,0.2,rev_long,none,all,1759,-0.0001551650657390148,-0.13078770860137146,-0.05957724870722902,-0.39377762376908954,-0.981742301597698,637,-0.00183875522590319,-1.108381116537235,-0.8390074828190213,-0.6315259194023803,-0.8967173637116609,0.0024619447642705047,0.0017718071571997368,-0.00509189278510505,0.0006755900529725593,-0.00011298908616689118,-0.0031784531494452885,-4.099882115000754e-05
xsec,1,7,0.2,rev_short,none,all,1768,-0.005088878012572897,-4.364023995233908,-1.9828617343156592,-0.8922732050868151,-0.9999921318926279,637,-0.0043266337523918735,-2.8115273223827764,-2.1282322717648277,-0.844270608757092,-0.976536676821497,-0.008388742104391786,-0.009899341177524789,0.0014967174251941063,-0.004876690166716264,-0.004302849507454828,-0.0005049994750008439,-0.00945492974962616
xsec,1,7,0.2,rev_ls,none,all,1768,-0.00262162660544791,-6.652334033220936,-3.0225907586130356,-0.6233304983673794,-0.9935709087532929,637,-0.0030826944891475315,-5.898817225695148,-4.465207606208533,-0.6861692182414849,-0.8688296503910451,-0.0029994858082991334,-0.0040637670101625264,-0.0017975876799554721,-0.0021005500568718524,-0.0022079192968108598,-0.001841726312223066,-0.004747964285388084
xsec,1,7,0.2,mom_long,btc,all,1015,0.0046205095984167685,3.0598687603267742,1.8349160980280854,1.017183088700711,-0.6649207660874106,287,0.0025166026793121015,1.0194537103571595,1.1496694596319,0.3091999199857365,-0.5480704838500927,0.006755497856305173,0.01110415765545129,-0.009164408428515396,0.0035930633345136816,0.0017723831042764748,-0.0022394588934737144,0.010169538119158364
xsec,1,7,0.2,mom_short,btc,all,745,-0.0029752715700324425,-1.3948552950093238,-0.9763318367528951,-0.5022612285643404,-0.9790282012257681,350,-0.00120195266522064,-0.5388578693531726,-0.5502836884677935,-0.34020088983020547,-0.6218379435656523,-0.012869864855116915,-0.004853289907619813,0.0014477522880821264,-0.0012506855581668258,-0.0068260791369783485,-0.0009103655970094473,-0.0015403376579595548
xsec,1,7,0.2,mom_ls,btc,all,1760,0.0007026249780451281,1.1177225268677093,0.5090074070610207,0.1331255225414918,-0.6010015816775021,637,0.00023672020104815428,0.2860080994210591,0.21649857795376273,0.006848689905564198,-0.4411870550000563,0.0006866456800980526,0.00251360593557923,-0.00027919110177431915,0.0010334753348482677,-0.00044116669002268477,-0.0007774424060035937,0.0015976369347756845
xsec,1,7,0.2,rev_long,btc,all,1014,-0.0003979414894567038,-0.29809891403777317,-0.17884954871586953,-0.23387670609097544,-0.8650601935902169,287,-0.0021323014345907905,-0.8578023942542993,-0.9673702739556311,-0.394354078100998,-0.7531543324897223,-0.0004262471220693357,0.001598682810702433,-0.008713133178130933,0.0016990461205831963,-0.0019616638261487577,-0.004547367976188173,0.001753760182343181
xsec,1,7,0.2,rev_short,btc,all,753,-0.0019459748789320888,-1.065641778123358,-0.7419253028643845,-0.38019992979577466,-0.9361977573738841,350,-0.0035148592323172886,-1.8137694544709118,-1.8522282074761995,-0.5675926059201925,-0.8191187883536541,-0.005575564347000625,-0.0033879129472270276,0.00036201918455502143,-0.0015802267584610126,-0.0036993804809426524,-0.0004527076197880625,-0.007068467276487009
xsec,1,7,0.2,rev_ls,btc,all,1767,-0.000528814871008761,-0.9686974011823305,-0.44026715991237936,-0.24374521042013386,-0.8352422464618008,637,-0.0014459742880993782,-1.872635989865738,-1.4175228941125482,-0.45007725187123615,-0.7329944875125545,-0.0009703760941127986,-0.00015016107458329717,-0.0006767787817297919,0.00033292527797641465,-0.0012490859868335457,-0.0012191687182266607,-0.0017503273506124
xsec,1,7,0.2,mom_long,none,top50,1768,0.002396455537005673,2.036082197651298,0.9251254076635059,0.499405549201408,-0.926636854318905,637,8.869556641254086e-05,0.04803941238660755,0.03636423055321737,-0.3057831080482889,-0.8197053883648336,0.005588742104391788,0.007099341177524791,-0.004296717425194105,0.0022328964188027905,0.0018667341555028217,-0.0027599717236041076,0.003911355716618707
xsec,1,7,0.2,mom_short,none,top50,1759,-0.002834887396058503,-2.365264629310639,-1.077440384771556,-0.7640751226191111,-0.9995800109043119,637,0.00036567731738975815,0.19980427216969066,0.15124516012443917,-0.2259487435440628,-0.718518189780615,-0.005261944764270504,-0.004571807157199736,0.002269675942864488,-0.003723863189754514,-0.00333065418694408,0.0003653423723036626,0.00036612678414131935
xsec,1,7,0.2,mom_ls,none,top50,1768,-0.00021200043558848304,-0.5248914138278771,-0.23849252439647903,-0.11790471348810816,-0.7064644250280946,637,0.0002271864419011493,0.3005666798923257,0.22751893708147547,0.016915346802702125,-0.4197741605227786,0.00024052815357600762,0.0012637670101625273,-0.0010135207411648085,-0.0007454833854758618,-0.000731960015720629,-0.0011973146756502225,0.0021387412503800127
xsec,1,7,0.2,rev_long,none,top50,1759,3.4887396058504474e-05,0.029108007612810707,0.013259464726964062,-0.3573315310950699,-0.9754527064977939,637,-0.003165677317389756,-1.7297103819294053,-1.3093329829386038,-0.788254073165486,-0.9562952268462206,0.0024619447642705047,0.0017718071571997368,-0.005069675942864486,0.0009238631897545155,0.0005306541869440816,-0.0031653423723036612,-0.003166126784141318
xsec,1,7,0.2,rev_short,none,top50,1768,-0.0051964555370056726,-4.415024792408121,-2.0060347345665255,-0.8972318182092036,-0.9999940386151355,637,-0.0028886955664125403,-1.5645791913521816,-1.184334187421457,-0.7670167026016715,-0.9612914881648956,-0.008388742104391786,-0.009899341177524789,0.0014967174251941063,-0.00503289641880279,-0.00466673415550282,-4.0028276395890554e-05,-0.006711355716618705
xsec,1,7,0.2,rev_ls,none,top50,1768,-0.0025808728675789368,-6.388816621377573,-2.902857550720328,-0.6188077431013465,-0.9932671083475195,637,-0.003027186441901148,-4.004954567901475,-3.031616833492557,-0.6907677842576586,-0.8731641019476046,-0.0029994858082991334,-0.0040637670101625264,-0.0017864792588351901,-0.002054516614524137,-0.002068039984279369,-0.001602685324349776,-0.004938741250380012
xsec,1,7,0.2,mom_long,btc,top50,1015,0.004883028102685578,3.219466520717817,1.9306223268532328,1.1242769741781111,-0.6270376560424085,287,-0.00084121391347046,-0.3008492773873734,-0.3392770291094562,-0.27616216881106626,-0.6553308600160784,0.006755497856305173,0.01110415765545129,-0.009164408428515396,0.0037980248075810542,0.0026230388891223203,-0.0027035894118334087,0.0021555175702590106
xsec,1,7,0.2,mom_short,btc,top50,745,-0.00320904880141698,-1.4925738002866682,-1.0447301057945158,-0.5214520617504842,-0.98270230601974,350,0.0007210869899766061,0.28742456148733453,0.29351904620293423,-0.07399232264548483,-0.5828876764037819,-0.012869864855116915,-0.004853289907619813,0.001420356519778728,-0.0012917316980076054,-0.008253818817349897,-0.0008147217027848996,0.00250338349762576
xsec,1,7,0.2,mom_ls,btc,top50,1760,0.0007288443656733557,1.151868516209435,0.5245573857709176,0.14183711418830947,-0.6000291461478997,637,8.596588167810021e-06,0.009212966647891153,0.006973908018833592,-0.09339107843129169,-0.5226676761402562,0.0006866456800980526,0.00251360593557923,-0.00029029952289460115,0.00109720144743067,-0.0003675583161374199,-0.0008653465835864033,0.0011813512120291624
xsec,1,7,0.2,rev_long,btc,top50,1014,-0.0002400142281940259,-0.177419856580858,-0.10644608144630793,-0.2126553486350382,-0.8425047367545342,287,-0.002732250887405795,-1.020750424714101,-1.1511318044925798,-0.46338624595556444,-0.7785251556191491,-0.0004262471220693357,0.001598682810702433,-0.008713133178130933,0.002042643675958094,-0.0016682296203122714,-0.004418743762793207,-1.8530533373323095e-05
xsec,1,7,0.2,rev_short,btc,top50,753,-0.0018447010162020814,-0.9952330540569744,-0.6929050645444869,-0.3743225744206947,-0.9331111051182924,350,-0.003651221339916602,-1.4846020871655667,-1.5160812505403247,-0.6125463142603669,-0.8775848898619146,-0.005575564347000625,-0.0033879129472270276,0.00036201918455502143,-0.0016304433997196078,-0.0029734147076644745,1.3055070324395387e-05,-0.007903591495011091
xsec,1,7,0.2,rev_ls,btc,top50,1767,-0.0004619225502515309,-0.8342950302650686,-0.3791820882924799,-0.22770926580418327,-0.8152822413951468,637,-0.0016185898537333387,-1.7886201887310589,-1.3539257389686097,-0.49691866210418634,-0.7643168453413878,-0.0009703760941127986,-0.00015016107458329717,-0.0006767787817297919,0.0004426848329065323,-0.00103559830041679,-0.00106803190793618,-0.00235739003835085
xsec,3,7,0.1,mom_long,none,all,589,0.010854097069712087,2.8236978622863087,1.2833537457229696,1.2061175188411686,-0.8806978035611431,212,0.010912109221445594,1.80975131924716,1.370997858086146,1.4396904543574314,-0.6664796236665289,0.018226658201958474,0.028353173478472493,-0.01032210529689906,0.009465065143769977,0.009744924892725654,-0.0014741601949349848,0.027702385541428152
xsec,3,7,0.1,mom_short,none,all,579,-0.008859918593119702,-2.4877119626038544,-1.1403721895544874,-0.7702435078009293,-0.9994737160088294,212,-0.0022522717877151953,-0.3602341625865499,-0.27289951943290536,-0.5600569547533663,-0.8517308847863907,-0.021720702767718623,-0.016045863676297116,0.006261807833920255,-0.007839381509122828,-0.00810957570010128,0.002385598924536691,-0.008539163197656643
xsec,3,7,0.1,mom_ls,none,all,589,0.0010723007713447465,0.5951078052585792,0.27047292884557717,0.017416193609959052,-0.48196091239704386,212,0.004329918716865198,1.412315283172953,1.069915632926806,0.5047241480808144,-0.37418793504795467,-0.0006822819511291608,0.006153654901087688,-0.0020301487314894028,0.0008128418173235742,0.0008176745963121883,0.00045571936480085315,0.009581611171885754
xsec,3,7,0.1,rev_long,none,all,579,0.006059918593119703,1.701520371554697,0.7799803758834039,0.31310649848479244,-0.8408313334923827,212,-0.000547728212284806,-0.08760506389755278,-0.06636622042138253,-0.42622075528311887,-0.8349153344042445,0.01892070276771862,0.013245863676297114,-0.009061807833920257,0.005039381509122829,0.005309575700101279,-0.005185598924536693,0.005739163197656643
xsec,3,7,0.1,rev_short,none,all,589,-0.01365409706971209,-3.55211902561495,-1.6144167963798064,-0.8939981803496814,-0.9999931746844689,212,-0.013712109221445593,-2.2741256753920984,-1.7227899749664293,-0.8927038167833784,-0.9911459190187019,-0.021026658201958478,-0.031153173478472497,0.007522105296899061,-0.012265065143769975,-0.012544924892725656,-0.0013258398050650158,-0.03050238554142815
xsec,3,7,0.1,rev_ls,none,all,589,-0.0038485316711749694,-2.1353253302577384,-0.9704925578349802,-0.436502586821257,-0.9623463376064206,212,-0.007129918716865201,-2.325607899378752,-1.761790923917015,-0.6313703358043332,-0.8642360056960237,-0.0019804631469100566,-0.00895365490108769,-0.0007698512685105979,-0.0036128418173235733,-0.003617674596312189,-0.0032557193648008543,-0.012381611171885755
xsec,3,7,0.1,mom_long,btc,all,331,0.01899567027359979,3.433063486818345,2.0813908584141942,1.5761886559469143,-0.7183906712909637,93,0.007621534020885345,0.7779800662424219,0.8898417944981472,0.20251598781409053,-0.5154566932856706,0.02680590907089117,0.048077995726115666,-0.03916908820094761,0.013640941587140758,0.009289619758988208,-0.004314619095217589,0.02740144489899878
xsec,3,7,0.1,mom_short,btc,all,248,-0.013420364989596456,-2.277225322257744,-1.5950193970409934,-0.5892353377434567,-0.9877190972758693,119,-0.006008594094038524,-0.7372903259186562,-0.7455055134770898,-0.5011309459087572,-0.7360422232925896,-0.07103222455439044,-0.015949437961588514,-0.00023126989139058373,-0.0018047212773449706,-0.022436438460799363,-0.0036897606652348557,-0.008706872993010066
xsec,3,7,0.1,mom_ls,btc,all,579,0.002555540883541977,1.2471649963550222,0.5717029539627488,0.17293914336711236,-0.6341324548371363,212,-1.466988973643224e-05,-0.004672883539187915,-0.003539996492986502,-0.12001767746542613,-0.5217196611139941,0.001704916819379306,0.010918622107380746,-0.003945584287618934,0.004331293720368133,-0.00042615844252112206,-0.0019934122544985693,0.0026676253158300195
xsec,3,7,0.1,rev_long,btc,all,331,0.002643028241680928,0.6015866617819619,0.3647287570371523,-0.03450117171014533,-0.7500283645411238,93,-0.0053542051418813226,-0.5495509183518011,-0.6285680013835894,-0.4011968771984117,-0.7499528138303813,0.003422795920478908,0.013312825978178091,-0.03557520854560619,0.007909524790090347,-0.0014223236693833624,-0.011889443989112193,0.005475619233529837
xsec,3,7,0.1,rev_short,btc,all,258,-0.003208900439918176,-0.6294772023774526,-0.43227085778324503,-0.29006073486442274,-0.8799667372736276,119,-0.016283735218522086,-2.1528574867071906,-2.176845497153199,-0.7552989666606409,-0.9368934779730353,-0.0022595469261682036,-0.0027494294418663303,0.0004575380550912532,-0.003485017237195509,-0.013513907613243809,-0.003900005683446126,-0.030693893222974115
xsec,3,7,0.1,rev_ls,btc,all,589,3.9852321305175544e-05,0.023947849852259617,0.010884154151331229,-0.08710272588787016,-0.6930363330726724,212,-0.005744588606601632,-1.9081189359217805,-1.4455173737409515,-0.5601201096797647,-0.8133227062315604,0.0008200500627261812,0.003364967206293058,-0.003315435556129531,0.00211845190304456,-0.00264383303883331,-0.0038491316192994234,-0.008313985856055734
xsec,3,7,0.1,mom_long,none,top50,589,0.010231677428054768,2.60759774383509,1.1851375377604803,1.0154075665899547,-0.8806978035611431,212,0.005483987888135112,0.7899528500158985,0.5984378372004013,0.083031926923262,-0.7265732350907514,0.018226658201958474,0.028353173478472493,-0.01032210529689906,0.008886245904562488,0.007314039310823568,-0.005492109837257636,0.02036269813811195
xsec,3,7,0.1,mom_short,none,top50,579,-0.008952173203365712,-2.4717655809693273,-1.1330623359969223,-0.7761435747708555,-0.9995842406235859,212,0.004953778752533309,0.7256588408622066,0.5497311735278748,-0.025735456063487927,-0.7127055692937456,-0.021720702767718623,-0.016045863676297116,0.006103122434356396,-0.0077182105750568724,-0.008508899336229381,0.0010892095475198576,0.010192417008218211
xsec,3,7,0.1,mom_ls,none,top50,589,0.0007157467914902478,0.38636697454186764,0.17560147302745696,-0.030332127159807154,-0.5917367437373645,212,0.00521888332033421,1.3410800007547334,1.0159505281210433,0.5581321689318446,-0.45877956011850185,-0.0006822819511291608,0.006153654901087688,-0.0021094914312713327,0.0005840176647528077,-0.000597430012702907,-0.002201450144868889,0.01527755757316508
xsec,3,7,0.1,rev_long,none,top50,579,0.006152173203365711,1.6986635118413438,0.778670785619121,0.30774345732892194,-0.8373948057931646,212,-0.007753778752533313,-1.1358194184566577,-0.8604530209844043,-0.7872821538460779,-0.9438989217040621,0.01892070276771862,0.013245863676297114,-0.008903122434356396,0.004918210575056875,0.005708899336229382,-0.0038892095475198613,-0.012992417008218217
xsec,3,7,0.1,rev_short,none,top50,589,-0.013031677428054772,-3.3211927270700503,-1.5094621784719335,-0.8892608588991445,-0.9999918557934108,212,-0.008283987888135115,-1.193284882318524,-0.9039866418916787,-0.8187476003350185,-0.9793722086723247,-0.021026658201958478,-0.031153173478472497,0.007522105296899061,-0.011686245904562487,-0.010114039310823568,0.0026921098372576346,-0.02316269813811195
xsec,3,7,0.1,rev_ls,none,top50,589,-0.0034919776913204708,-1.8845591068903869,-0.8565208130680955,-0.41631336384263684,-0.9539223432404829,212,-0.008018883320334213,-2.0605871772196003,-1.5610214377647473,-0.6936884340729623,-0.9169577197255144,-0.0019804631469100566,-0.00895365490108769,-0.000690508568728668,-0.003384017664752807,-0.0022025699872970936,-0.0005985498551311127,-0.018077557573165086
xsec,3,7,0.1,mom_long,btc,top50,331,0.018005342679749563,3.174653593969161,1.9247226258675987,1.383850274568994,-0.7183906712909637,93,-0.00026504667899203866,-0.022798446766571515,-0.02607651746210032,-0.2802521189659184,-0.6835040190681285,0.02680590907089117,0.048077995726115666,-0.03916908820094761,0.012926128202845256,0.006046442216190681,-0.008298303745227229,0.013047207887911989
xsec,3,7,0.1,mom_short,btc,top50,248,-0.013775220460857418,-2.306481678820373,-1.6155112015840216,-0.5991354972406147,-0.9891308679906119,119,0.005316524027817917,0.5666350861423892,0.5729487638704251,-0.0016625009519063427,-0.6130877607474854,-0.07103222455439044,-0.015949437961588514,-0.0004288170214598784,-0.0013280665841443168,-0.024673209516203293,-0.002847486915659846,0.014816464034773864
xsec,3,7,0.1,mom_ls,btc,top50,579,0.0021964712890366702,1.0514455074003306,0.4819847448160059,0.11963559908223176,-0.6666566944894375,212,0.0014340024013303602,0.3920216506736188,0.2969804954309997,0.004663776247919582,-0.5374752629497137,0.001704916819379306,0.010918622107380746,-0.004024926987400863,0.004165900478725961,-0.0018868871606069755,-0.002719429425513973,0.007064209988830456
xsec,3,7,0.1,rev_long,btc,top50,331,0.0025385305451846142,0.5663149305759684,0.3433442824492281,-0.04983851079435231,-0.7198347928883695,93,-0.007289620819642254,-0.7320425684098587,-0.8372991815446874,-0.466817397834826,-0.750343603694608,0.003422795920478908,0.013312825978178091,-0.03557520854560619,0.007957425400003089,-0.0018863789411077574,-0.008233150472407809,-0.005726057395059337
xsec,3,7,0.1,rev_short,btc,top50,258,-0.003058486736926956,-0.5914774704142651,-0.40617590681564697,-0.2880894412380476,-0.8782891213629116,119,-0.012776930869167258,-1.5186654532929142,-1.5355870391305826,-0.6971774601596972,-0.9191791254238232,-0.0022595469261682036,-0.0027494294418663303,0.0004575380550912532,-0.003192134405608972,-0.012811745948119199,0.00014899660816019168,-0.027818010115511924
xsec,3,7,0.1,rev_ls,btc,top50,589,4.3432964625595506e-05,0.02564944111990335,0.011657517178653116,-0.08985574251827533,-0.6690954986435638,212,-0.005184880919003852,-1.6151274841594085,-1.2235583407336643,-0.5356460324678461,-0.7787339892397083,0.0008200500627261812,0.003364967206293058,-0.003315435556129531,0.0021818828139731545,-0.002689457147904068,-0.0019179792806450849,-0.009613347584334625
xsec,3,7,0.2,mom_long,none,all,589,0.007818558994659334,2.365413494793075,1.075066248861491,0.7230936449747996,-0.8912579738272037,212,0.006378774331801165,1.330736311514288,1.0081145477614553,0.6244414878284392,-0.6036437245079074,0.015230028912535467,0.02251718036700018,-0.010608992338146935,0.007094466633567507,0.006069171283557101,-0.0012684653220961936,0.016745032529306477
xsec,3,7,0.2,mom_short,none,all,586,-0.006446752441255156,-1.9717887505368683,-0.8984571752716952,-0.6756896285260268,-0.997919363285269,212,-0.0031557827837307545,-0.5609711939176779,-0.4249701586785411,-0.5596590340643114,-0.8495009116798979,-0.015497284592798354,-0.013354695003939147,0.007974297508828436,-0.00879906278341561,-0.004282546431899081,0.0019568440719919286,-0.01008623252148817
xsec,3,7,0.2,mom_ls,none,all,589,0.0007023211521891577,0.6093435075535408,0.2769429701723229,0.038449797572034816,-0.4432902581375536,212,0.0016114957740352056,0.8187375682170412,0.6202440304489835,0.15777477346743707,-0.23942885863229568,9.427340388029655e-05,0.004581242681530517,-0.0013173474146592496,-0.000852298074924051,0.0008933124258290105,0.00034418937494786714,0.0033294000039091535
xsec,3,7,0.2,rev_long,none,all,586,0.003646752441255153,1.1153872442261468,0.5082327772225348,0.05003205601083183,-0.9025340732642941,212,0.0003557827837307548,0.06324386266181768,0.047911113159191304,-0.298702859636627,-0.8093504867318967,0.012697284592798352,0.010554695003939145,-0.010774297508828436,0.005999062783415611,0.00148254643189908,-0.00475684407199193,0.00728623252148817
xsec,3,7,0.2,rev_short,none,all,589,-0.010618558994659336,-3.2125207162062193,-1.4600714012007343,-0.8103958984044128,-0.9998730820182165,212,-0.009178774331801165,-1.914870735844657,-1.4506322771721816,-0.7611541424272503,-0.95630142261525,-0.018030028912535467,-0.025317180367000182,0.007808992338146936,-0.009894466633567507,-0.008869171283557102,-0.0015315346779038056,-0.019545032529306474
xsec,3,7,0.2,rev_ls,none,all,589,-0.0034951904221382246,-3.031971592710979,-1.3780129072593872,-0.36860948211040356,-0.9207350424001499,212,-0.004411495774035205,-2.2413073496241336,-1.697928076066104,-0.444879960250255,-0.6826806351473844,-0.0028530969332920633,-0.007381242681530519,-0.0014826525853407501,-0.001947701925075948,-0.0036933124258290108,-0.003144189374947868,-0.006129400003909153
xsec,3,7,0.2,mom_long,btc,all,331,0.014160950773309092,3.079011820018627,1.8667371226144538,1.038910774549858,-0.7181471489938767,93,0.0037227309499876272,0.4589352715735213,0.5249231996237599,0.040278197462625176,-0.5380873443079992,0.019762664146019182,0.039293980833458066,-0.03806984953555589,0.011526394821895897,0.005340163966179085,-0.006309336969734476,0.020347300645527117
xsec,3,7,0.2,mom_short,btc,all,255,-0.008725742307897903,-1.5879335947883177,-1.0968520506234076,-0.474469015231066,-0.9689082048790101,119,-0.0032011639232853556,-0.469595791934655,-0.4748282185267001,-0.33757416603728996,-0.5972998997089835,-0.04232442260021199,-0.011824286724317361,0.002314772551035632,0.0001106376983639626,-0.0163488276187086,-0.0022362230859487744,-0.004324004170367921
xsec,3,7,0.2,mom_ls,btc,all,586,0.002100862130931181,1.1806602607380978,0.5379748122254339,0.14944689341346162,-0.5838239564360985,212,-8.189747292949935e-05,-0.031389562413320984,-0.023779522842302246,-0.09289034975072918,-0.4622007955220663,0.0007877688627030043,0.009171935589316036,-0.002814871634638727,0.003923467957155612,-0.0007966010981015224,-0.0020863107448578742,0.0026351960734622964
xsec,3,7,0.2,rev_long,btc,all,331,0.0018910351723914053,0.47844264622579696,0.29006924979787385,-0.04739531706899702,-0.7768783402390957,93,0.00029771444387056766,0.031524010079515295,0.03605668437549998,-0.17807938141403445,-0.6905732483998602,0.0015831845611555602,0.011617478531454277,-0.03388402441981572,0.010236603256457115,-0.004187151957083709,-0.009383676797995462,0.016341162787534277
xsec,3,7,0.2,rev_short,btc,all,258,-0.002481614503445886,-0.5319682416966891,-0.36531008157748207,-0.23677592133143754,-0.8291101528827622,119,-0.011254505714226872,-1.9585919539974883,-1.98041537916244,-0.5990678670954432,-0.8386386836485826,-0.00811488933928985,-0.0011585876953008256,0.0010838844530671925,-0.0005760535196462761,-0.010420648394900056,-0.006099824608576,-0.017252680091711523
xsec,3,7,0.2,rev_ls,btc,all,589,-1.2159507493619175e-05,-0.008061036819969513,-0.0036636928955785363,-0.07691558215024441,-0.6472981468401039,212,-0.0030933932469647055,-1.1780506607585495,-0.892445782710527,-0.37192170871053376,-0.6930860610951678,-0.0007296742136097352,0.003190692907785519,-0.002897524219979477,0.0033757660320796637,-0.003089913523930533,-0.0038305001198057414,-0.002094203930446856
xsec,3,7,0.2,mom_long,none,top50,589,0.008510688130605274,2.5321411495603057,1.1508429681482641,0.8479895936762325,-0.8917032502662035,212,0.002378275045943242,0.4462783354570246,0.338083268963359,-0.06576952773732236,-0.7404328774681097,0.015230028912535467,0.02251718036700018,-0.010608992338146935,0.007750600220780323,0.008759924537814542,-0.005865640136455054,0.01355336007097204
xsec,3,7,0.2,mom_short,none,top50,586,-0.0069476565309661955,-2.096009158589357,-0.9550589369459868,-0.6975579840223749,-0.9985365280211624,212,0.0031035299398412914,0.5281628551872612,0.4001158255729974,-0.08820981120169458,-0.7174511335372502,-0.015497284592798354,-0.013354695003939147,0.008025210619758206,-0.009555167869170145,-0.005989533978848278,0.001830518639745469,0.004829167479971183
xsec,3,7,0.2,mom_ls,none,top50,589,0.0007992093223941572,0.6739640369679794,0.30631261328544024,0.04764245363483033,-0.43621241271837174,212,0.0027409024928922664,1.1642891273888882,0.8820205753501946,0.30039176201642936,-0.4123603539883032,9.427340388029655e-05,0.004581242681530517,-0.0012918908591943647,-0.0009022838241949116,0.0013851952794831323,-0.0020175607483547925,0.009191263775471612
xsec,3,7,0.2,rev_long,none,top50,586,0.0041476565309661925,1.2512889831039349,0.5701572061926279,0.10222287441496447,-0.8942958718360545,212,-0.005903529939841291,-1.0046705812896095,-0.7610997159561151,-0.6866202451991816,-0.9049448223958391,0.012697284592798352,0.010554695003939145,-0.010825210619758205,0.0067551678691701485,0.0031895339788482768,-0.004630518639745471,-0.0076291674799711835
xsec,3,7,0.2,rev_short,none,top50,589,-0.011310688130605274,-3.365210709855029,-1.5294680876879188,-0.8282709544723412,-0.9999224240534347,212,-0.005178275045943238,-0.9716924760170684,-0.7361167742604564,-0.6377895962211027,-0.9246389681321018,-0.018030028912535467,-0.025317180367000182,0.007808992338146936,-0.010550600220780321,-0.011559924537814542,0.0030656401364550535,-0.016353360070972038
xsec,3,7,0.2,rev_ls,none,top50,589,-0.0035920785923432247,-3.0286806619387314,-1.376517198957912,-0.37756697398280636,-0.9272218519860267,212,-0.005540902492892266,-2.3536818785512423,-1.783058688666843,-0.527062667548287,-0.8119201161837454,-0.0028530969332920633,-0.007381242681530519,-0.0015081091408056348,-0.0018977161758050873,-0.004185195279483133,-0.0007824392516452083,-0.011991263775471613
xsec,3,7,0.2,mom_long,btc,top50,331,0.015497788255700359,3.311492342906718,2.007684948646961,1.2111714145483425,-0.7167501227022124,93,-0.0014505154872725974,-0.15927220815917875,-0.18217313485495312,-0.2413144229361216,-0.6518655294876488,0.019762664146019182,0.039293980833458066,-0.03806984953555589,0.012495696290397306,0.009713784282497084,-0.010121093512437453,0.012917870954429159
xsec,3,7,0.2,mom_short,btc,top50,255,-0.00935801092267139,-1.6839186316151311,-1.1631529241726497,-0.4937291194256026,-0.9742082948450562,119,0.0038848332918050388,0.5156096972549664,0.5213548294247381,0.030244585406207003,-0.6115072625233002,-0.04232442260021199,-0.011824286724317361,0.0023781541789277944,-0.0004975408576651603,-0.020033979737055663,-0.00037787076127907687,0.008845070735393827
xsec,3,7,0.2,mom_ls,btc,top50,586,0.0023408490847744152,1.2948175020519939,0.5899912326151772,0.17830816672392125,-0.5900249133028372,212,0.0007721632580387929,0.2659565662423427,0.20147844556559244,-0.014002105768422535,-0.545343953466203,0.0007877688627030043,0.009171935589316036,-0.0027894150791738423,0.004153896703981973,0.00010212658074625888,-0.0025049473460788244,0.005214468743620451
xsec,3,7,0.2,rev_long,btc,top50,331,0.0022907369844863603,0.5700918052327554,0.34563411845552294,-0.027449261324964724,-0.7416693946971117,93,-0.004903797693780156,-0.5247382540652776,-0.6001876524864235,-0.3768595349969446,-0.6914823005806767,0.0015831845611555602,0.011617478531454277,-0.03388402441981572,0.011063063642934714,-0.0034096634256106147,-0.007067362116738076,-0.0013184623643070288
xsec,3,7,0.2,rev_short,btc,top50,258,-0.0023466178150763095,-0.4961676450414276,-0.34072530778921345,-0.23448076234904447,-0.8265223079839636,119,-0.008170523109716962,-1.2957693847400467,-1.3102073722653165,-0.5168031599958585,-0.814420820650305,-0.00811488933928985,-0.0011585876953008256,0.0010838844530671925,-0.0005737315615856438,-0.00952991533759272,-0.0007908644855289929,-0.01675776223604478
xsec,3,7,0.2,rev_ls,btc,top50,589,0.00012971693172775651,0.08469160929706498,0.0384918285608257,-0.06364686841873413,-0.6134422487920093,212,-0.0033687392348534734,-1.2468677384698272,-0.9445789488193145,-0.3959907845820657,-0.6864592481068845,-0.0007296742136097352,0.003190692907785519,-0.002897524219979477,0.003656180528176886,-0.0026830686987368733,-0.0018873865977240322,-0.005376795031851161
xsec,7,7,0.1,mom_long,none,all,252,0.016314239844486194,1.8797148768763157,0.8550452928216913,0.44467894945631525,-0.8872410589976846,91,0.023428861919117396,1.7065255092486382,1.2917828087456855,1.2343786405364487,-0.6289677475817744,0.0415906921346894,0.029919437998459017,-0.024469343049539682,0.018898975034315754,0.019520122072230077,0.0019552938805697953,0.05337883839393378
xsec,7,7,0.1,mom_short,none,all,248,-0.0100514657564389,-1.2348113736160717,-0.5662030348323495,-0.6110346376426719,-0.9927053173916692,91,-0.0031535933213940486,-0.2373953158804989,-0.1797003245888777,-0.46686402693311,-0.8382497078749199,-0.03308351701489582,-0.018993058183121577,0.021093831625750493,-0.016642804547797173,-0.007946869414082026,0.01131658847182214,-0.02333568898035346
xsec,7,7,0.1,mom_ls,none,all,252,0.003211160581773163,0.8390924539862985,0.38168663867546476,0.07325919868132247,-0.38449375508053496,91,0.010137634298861675,1.4987569295933703,1.1345089338802852,0.5219142718463394,-0.3344142523636785,0.0057573837878465975,0.005463189907668721,-0.001687755711894595,0.0011280852432592903,0.0057866263290740245,0.006635941176195964,0.01502157470679016
xsec,7,7,0.1,rev_long,none,all,248,0.0072514657564389,0.8908344920443301,0.40847792926602916,-0.046625435253835,-0.911077172232284,91,0.0003535933213940409,0.026617699135812082,0.02014870915533276,-0.3150113628907988,-0.7915413813371771,0.030283517014895817,0.01619305818312157,-0.023893831625750497,0.01384280454779717,0.005146869414082021,-0.014116588471822141,0.020535688980353458
xsec,7,7,0.1,rev_short,none,all,252,-0.019114239844486205,-2.202328845128875,-1.0017960358978328,-0.7866434003290712,-0.9997806001415023,91,-0.026228861919117396,-1.9104735901410026,-1.4461646936607415,-0.8515950013976573,-0.9848699309375766,-0.0443906921346894,-0.03271943799845903,0.02166934304953968,-0.02169897503431575,-0.022320122072230084,-0.004755293880569799,-0.05617883839393379
xsec,7,7,0.1,rev_ls,none,all,252,-0.005988938359550946,-1.5644815634282576,-0.7116518643181818,-0.32973538230175736,-0.9010379225336188,91,-0.012937634298861677,-1.9127114360537831,-1.447858668267675,-0.5464713371620986,-0.8137218063166667,-0.008430111060573876,-0.008263189907668729,-0.0011122442881054085,-0.003928085243259292,-0.00858662632907403,-0.00943594117619597,-0.017821574706790164
xsec,7,7,0.1,mom_long,btc,all,146,0.03408411541702025,2.7014340762486335,1.6144156470815982,0.976351281977597,-0.6137908613279677,41,0.037231225424679416,1.7275875381992472,1.9482538651141847,0.9468472072378638,-0.4320862497685122,0.05486420814576358,0.0650470236521227,-0.055028358368378244,0.031415331011157205,0.020288798968256902,0.004871664587397923,0.09332113087596736
xsec,7,7,0.1,mom_short,btc,all,102,-0.008287362242989647,-0.6403487158818153,-0.45784014378590265,-0.29801983000292664,-0.8276665474705358,50,0.004983748819157299,0.3164344907428156,0.32314409536860417,-0.04996809503646826,-0.5956290161328057,-0.07949954687265993,0.017373746293674285,0.006355676357142915,-0.016457162725722597,-0.03694812239952453,0.016873066792264517,-0.008973276627533779
xsec,7,7,0.1,mom_ls,btc,all,248,0.008328568351008092,1.8073067824922673,0.8287116615418998,0.3312255540830842,-0.5044348934517303,91,0.009756415842690776,1.496272171111862,1.1326280547062548,0.5041718500221586,-0.250147177983401,0.015675275508769734,0.02289717697483619,-0.0039049350589886755,0.007882354029357866,0.0007883642605487939,0.005492793232674415,0.015703047377713598
xsec,7,7,0.1,rev_long,btc,all,146,0.008483921635697968,0.8081962268759881,0.48298962615914565,0.018271478073943248,-0.7403528128425967,41,0.010277181297676173,0.4567778770403395,0.5151225305607968,0.013839841570139066,-0.47315781672224966,0.020437692499612525,0.04082863540933812,-0.07302101585444241,0.013932973432804821,-0.00893945346456148,-0.008346399446747364,0.042558054588010305
xsec,7,7,0.1,rev_short,btc,all,106,0.005361249151645608,0.49897067369325687,0.34996088079449894,-0.011277176205142347,-0.5646714031607614,50,-0.014910923844556535,-0.8423010813083563,-0.8601610409422972,-0.49509728514032414,-0.8295182436446218,-0.004570144101466853,0.0191355693950445,0.012501638453888112,0.00406999315329901,-0.020737551992174842,-0.001946936903624194,-0.03012951720999885
xsec,7,7,0.1,rev_ls,btc,all,252,0.0035852082715998753,0.94804062768708,0.4312450181032948,0.09587260440887313,-0.5017699338025777,91,-0.0017812184561708994,-0.2539038607358816,-0.1921967416222098,-0.18931596806886153,-0.5648954516936977,0.007092866674671339,0.016033987067167462,-0.0036171793470940817,0.0053542687860985766,-0.006398262068525232,-0.0025431479435215542,-0.0007185273290765659
xsec,7,7,0.1,mom_long,none,top50,252,0.01668293895536218,1.9009737541936702,0.8647155376042854,0.4592098273060916,-0.8872410589976846,91,0.0050164277574975755,0.25888535856311967,0.1959675690842988,-0.35854122071908445,-0.772067843504251,0.0415906921346894,0.029919437998459017,-0.024469343049539682,0.020264099720756802,0.01994177000003418,-0.006626360032330683,0.02125505283278435
xsec,7,7,0.1,mom_short,none,top50,248,-0.010170820656463735,-1.2258408094043183,-0.5620897258773313,-0.62083334762719,-0.9938714457091872,91,0.007848731181207038,0.4631975345955167,0.35062506185877035,-0.3464245990239979,-0.8264737007378663,-0.03308351701489582,-0.018993058183121577,0.02111036519444269,-0.01248557647930798,-0.012689862112920315,0.013731665418046799,-0.0003564139385957923
xsec,7,7,0.1,mom_ls,none,top50,252,0.003336779948310047,0.8337997945883926,0.3792791121083461,0.07106723583050933,-0.38449375508053496,91,0.006432579469352303,0.5624270878805697,0.4257385192073117,0.034164588361706105,-0.5283319236890864,0.0057573837878465975,0.005463189907668721,-0.0016794889275484957,0.003889261620724412,0.0036259539435569334,0.003552652692858058,0.010449319447094279
xsec,7,7,0.1,rev_long,none,top50,248,0.007370820656463732,0.8883700799257905,0.40734791244693525,-0.054335687575877145,-0.9151475179603809,91,-0.010648731181207039,-0.6284411984341847,-0.4757089958779726,-0.6957204260093531,-0.9475014656356184,0.030283517014895817,0.01619305818312157,-0.023910365194442694,0.009685576479307977,0.00988986211292031,-0.016531665418046803,-0.002443586061404209
xsec,7,7,0.1,rev_short,none,top50,252,-0.019482938955362187,-2.22002584243688,-1.009846051584485,-0.7940976033050436,-0.999809302925024,91,-0.007816427757497578,-0.4033863937655759,-0.3053500260759167,,-1.0908303442463472,-0.0443906921346894,-0.03271943799845903,0.02166934304953968,-0.023064099720756806,-0.022741770000034186,0.0038263600323306794,-0.024055052832784363
xsec,7,7,0.1,rev_ls,none,top50,252,-0.00611455772608783,-1.5275050476358707,-0.6948319752157626,-0.3401638903570571,-0.9075088281717472,91,-0.009232579469352308,-0.8072426946785318,-0.611055756166454,-0.5706112682331432,-0.8908049823805759,-0.008430111060573876,-0.008263189907668729,-0.0011205110724515082,-0.006689261620724414,-0.006425953943556937,-0.006352652692858063,-0.013249319447094284
xsec,7,7,0.1,mom_long,btc,top50,146,0.03504856355806192,2.754672819598084,1.6462318816697352,1.024014473773855,-0.5487549028858008,41,0.015284625453010917,0.44148242530634124,0.49787337687073774,-0.043932453711413966,-0.5085620881165289,0.05486420814576358,0.0650470236521227,-0.055028358368378244,0.03409190738351934,0.021635349127097168,-0.01085359427568644,0.060590872982753015
xsec,7,7,0.1,mom_short,btc,top50,102,-0.00939574648327816,-0.7171042657821987,-0.5127192606345472,-0.317620264359319,-0.850442366489361,50,0.023396083487785727,1.0996611586946665,1.1229781225940743,0.34335119173066597,-0.678692851433504,-0.07949954687265993,0.017373746293674285,0.006377169996442775,-0.007755227190231009,-0.05235093664568805,0.01492603780147891,0.03333918059779807
xsec,7,7,0.1,mom_ls,btc,top50,248,0.008384524472142479,1.8003735775025973,0.8255325511205486,0.3314923446408222,-0.5294474962766867,91,0.009870735263531506,1.018619229275642,0.7710607324090923,0.36853686657396945,-0.2932455309798131,0.015675275508769734,0.02289717697483619,-0.0038966682746425763,0.0102055566941274,-0.0012762375339259227,0.0011397129195479542,0.022048213795929618
xsec,7,7,0.1,rev_long,btc,top50,146,0.007912310832250913,0.7357626629044768,0.439702292191744,-0.008727122473847437,-0.7584208030780948,41,0.008311454558523074,0.3052716399469898,0.34426426405946614,-0.11257086487800783,-0.6600422549280247,0.020437692499612525,0.04082863540933812,-0.07302101585444241,0.011983174705431079,-0.009374088374424022,-0.01529135563525192,0.049222992227733055
xsec,7,7,0.1,rev_short,btc,top50,106,0.005813110025714811,0.5322945176220075,0.3733330795781358,-0.006287582890368126,-0.5646714031607614,50,0.0006034943528233655,0.02846214664618857,0.029065651499116725,-0.2956597340762931,-0.7349769489470432,-0.004570144101466853,0.0191355693950445,0.012501638453888112,0.005404916055518997,-0.01925498944431627,-0.0002443099797896755,0.0015987429171952007
xsec,7,7,0.1,rev_ls,btc,top50,252,0.003514656833798418,0.9097848425218823,0.41384321454729067,0.08788034491737329,-0.5372060164352476,91,0.0020381557941791997,0.24227259005003657,0.18339225822338992,-0.05750099099677097,-0.5180843302809743,0.007092866674671339,0.016033987067167462,-0.0036171793470940817,0.004916295073402988,-0.0063021914774828575,-0.003812939773310106,0.010198894348835336
xsec,7,7,0.2,mom_long,none,all,252,0.016201616979058177,2.0338485428336637,0.9251576631409548,0.539689834483263,-0.8555476622860709,91,0.01672663292828564,1.5852285362140275,1.1999650517477327,0.8515096607225481,-0.5620706539783435,0.03407974444477436,0.03873431356521817,-0.021332790195681135,0.015333880888352375,0.01694341734119882,-0.0029937266137437615,0.04423134492111612
xsec,7,7,0.2,mom_short,none,all,251,-0.014102448029957486,-1.7343813580939862,-0.7905059595263245,-0.6910171075042721,-0.9982640872906464,91,-0.005895679938220045,-0.5051076868048096,-0.3823496471887114,-0.4831115588962184,-0.8207857963347138,-0.042316375647698135,-0.036383211005023605,0.02215724111058165,-0.009781468475787593,-0.009071605911853324,0.007200623822712934,-0.024161577288994995
xsec,7,7,0.2,mom_ls,none,all,252,0.0010775655222288315,0.3782642104064192,0.17206494268343459,0.0030139666419113365,-0.4558515859414324,91,0.005415476495032798,1.3140866262015298,0.9947196826123906,0.2733135051009239,-0.21343149949518458,-0.0036374476963744063,0.0011755512800972869,0.0004122254574502556,0.002776206206282391,0.003935905714672747,0.002103448604484587,0.010034883816060568
xsec,7,7,0.2,rev_long,none,all,251,0.011302448029957479,1.3900249887354799,0.6335533026562684,0.16509953657307297,-0.9204587888619519,91,0.003095679938220045,0.26521991510184695,0.2007626167958084,-0.13754677181348818,-0.7355922176258805,0.03951637564769813,0.033583211005023594,-0.024957241110581656,0.006981468475787594,0.006271605911853319,-0.010000623822712938,0.021361577288994987
xsec,7,7,0.2,rev_short,none,all,252,-0.019001616979058177,-2.3853428367239085,-1.0850454978023356,-0.7619145716476041,-0.9995847690184312,91,-0.01952663292828565,-1.8505921584343314,-1.4008364500320751,-0.7309501872781702,-0.9448256332468101,-0.03687974444477437,-0.04153431356521818,0.01853279019568114,-0.01813388088835238,-0.019743417341198825,0.00019372661374375807,-0.04703134492111613
xsec,7,7,0.2,rev_ls,none,all,252,-0.0038720099666732797,-1.358896216133904,-0.6181351370529988,-0.2195213964284667,-0.7703955975273216,91,-0.0082154764950328,-1.9935176156517023,-1.5090262471167994,-0.37524207584513725,-0.5959073111108719,0.000869265878192584,-0.003975551280097294,-0.0032122254574502595,-0.005576206206282392,-0.006735905714672752,-0.00490344860448459,-0.01283488381606057
xsec,7,7,0.2,mom_long,btc,all,146,0.030226706022009473,2.6992896155525883,1.613134086693845,0.8832304401851163,-0.6047508312336229,41,0.027888345186914982,1.4931681952862244,1.6838919264052064,0.637718021030047,-0.3373619632361321,0.04316165498139902,0.06812982668604481,-0.05116849567400942,0.025124748567669827,0.01746844530798562,-0.0014692431398614198,0.07877483161999407
xsec,7,7,0.2,mom_short,btc,all,105,-0.007143440944049467,-0.5847680925619404,-0.412084643175451,-0.2706854276607288,-0.8391909793795127,50,0.0015475418420880542,0.1154247057455719,0.11787214482777428,-0.08473527172695572,-0.458255060841534,-0.061997690800012314,0.010089082711050107,0.008144429942803084,-0.0054861611162580395,-0.03379221098781528,0.010142288679285604,-0.008541943575491684
xsec,7,7,0.2,mom_ls,btc,all,251,0.007296888008143805,1.7488784853689416,0.7971135406406985,0.2966916300866054,-0.503429567663444,91,0.006707688158065477,1.19734536381384,0.9063504464032677,0.3176895323425095,-0.19031316689527622,0.009352996585884238,0.022345147732686935,-0.0027715841382306705,0.007558667893192858,0.0003550769133330474,0.0022230327613614567,0.01296260226399477
xsec,7,7,0.2,rev_long,btc,all,146,0.016307213399959823,1.4975025899845618,0.8949289690509502,0.26496092938262916,-0.7725363676908412,41,0.012172779670303087,0.6025888315349592,0.6795580508391146,0.10789393693509952,-0.43967435025707013,0.033552340753057464,0.06506444223204126,-0.07166661166984355,0.009067760621844806,-0.005735545125042489,-0.0069458180101182425,0.04531168231636673
xsec,7,7,0.2,rev_short,btc,all,106,0.00031595849519550615,0.029338280458798414,0.02057686155052259,-0.11923765212153259,-0.6985419128565129,50,-0.010374028876209583,-0.8932721395726158,-0.9122128778773909,-0.3280046932822497,-0.6697938929720038,-0.009634012834900408,0.0018590629464782674,0.009582078552182653,0.0020237878631835524,-0.018662477409578937,0.0016617477367415695,-0.024502984030543545
xsec,7,7,0.2,rev_ls,btc,all,252,0.004790366581120751,1.2333175785066761,0.5610118869776697,0.1588193926568242,-0.5439310752588308,91,-0.00010778833696732293,-0.019401704088730678,-0.014686441935009805,-0.07402161101837923,-0.43231103479339117,0.011377876178034001,0.019769596452589647,-0.004583809595680926,0.0033824616869104667,-0.0049808288013397034,-0.0012804158431231317,0.001527718447934202
xsec,7,7,0.2,mom_long,none,top50,252,0.015586253579826088,1.9499303120821359,0.8869849120132636,0.48712322346711834,-0.8569547661609213,91,-0.00034343886359953856,-0.02453863365041131,-0.018574926028305433,-0.35718723131769514,-0.7581886452820462,0.03407974444477436,0.03873431356521817,-0.021332790195681135,0.01584242803294708,0.013452724492633211,-0.01115403605815456,0.014734499328806149
xsec,7,7,0.2,mom_short,none,top50,251,-0.013365008428834204,-1.6388108290376568,-0.7469462934692946,-0.6799224395172145,-0.9980611585223182,91,0.003643355049596879,0.27868579969946516,0.21095584164564687,-0.2214977776152225,-0.662621823768118,-0.042316375647698135,-0.036383211005023605,0.022047683759640318,-0.010131631702614333,-0.005052321105586322,0.00867857203101251,-0.003379447582377547
xsec,7,7,0.2,mom_ls,none,top50,252,0.0011371404493626754,0.3984300380014815,0.18123798066548508,0.005685858796823817,-0.4558515859414324,91,0.0016499580929986704,0.24883125573066278,0.1883569490695722,-0.016070486779033,-0.3612770642897609,-0.0036374476963744063,0.0011755512800972869,0.00035744678197958984,0.002855398165166373,0.004200201693523444,-0.0012377320135710263,0.0056775258732143
xsec,7,7,0.2,rev_long,none,top50,251,0.010565008428834196,1.295476191746619,0.5904593273105714,0.12025487704971538,-0.9212501611025286,91,-0.006443355049596885,-0.49286208187236047,-0.37308013328534534,-0.5155696707742077,-0.8708109822405271,0.03951637564769813,0.033583211005023594,-0.024847683759640325,0.007331631702614333,0.002252321105586318,-0.011478572031012513,0.0005794475823775421
xsec,7,7,0.2,rev_short,none,top50,252,-0.018386253579826085,-2.3002264782433754,-1.0463277419574462,-0.7544320564856276,-0.9995521950044043,91,-0.002456561136400465,-0.1755207699390084,-0.13286336005891058,-0.52208663811146,-0.8739381773134262,-0.03687974444477437,-0.04153431356521818,0.01853279019568114,-0.01864242803294708,-0.016252724492633215,0.008354036058154556,-0.017534499328806148
xsec,7,7,0.2,rev_ls,none,top50,252,-0.003931584893807123,-1.3772227570007787,-0.6264715197111846,-0.2218769130204049,-0.7736246689921521,91,-0.004449958092998674,-0.6711010812506607,-0.5080011022348782,-0.28923470539894747,-0.6607831327173419,0.000869265878192584,-0.003975551280097294,-0.003157446781979593,-0.0056553981651663735,-0.007000201693523449,-0.0015622679864289778,-0.008477525873214303
xsec,7,7,0.2,mom_long,btc,top50,146,0.029535142607040602,2.644619919279155,1.5804626941690303,0.8465010176950423,-0.6138544611458528,41,0.012916598319033797,0.5186864515511653,0.5849387435789501,0.053997546184288536,-0.43053946591380976,0.04316165498139902,0.06812982668604481,-0.05116849567400942,0.026056823619770027,0.013651562867729533,-0.0118945174530355,0.055922532323953916
xsec,7,7,0.2,mom_short,btc,top50,105,-0.008166656343025512,-0.6605587344214658,-0.46549412294013687,-0.2896696237338049,-0.8590791929676869,50,0.017115353550664604,1.0813828590089007,1.1043122540189778,0.34933423173721656,-0.38477693970116067,-0.061997690800012314,0.010089082711050107,0.008002005386579353,-0.005272181826101547,-0.03999093349229738,0.01108815759591246,0.02419075749754755
xsec,7,7,0.2,mom_ls,btc,top50,251,0.006881736861773406,1.6443285070288727,0.7494611713618919,0.2689451502117708,-0.5178552559660937,91,0.007611803344030857,1.0787290720296498,0.8165618755711547,0.3285713806738595,-0.25364685774924,0.009352996585884238,0.022345147732686935,-0.002826362813701336,0.00790732438123293,-0.0019427035480627103,-9.318111971025098e-05,0.018358229043459243
xsec,7,7,0.2,rev_long,btc,top50,146,0.014303549312463732,1.316384170249277,0.7866900105784265,0.19466885648723298,-0.7979642931629904,41,0.009985911415119847,0.4620874175741092,0.521110263534189,0.026463537938290038,-0.5209747602515475,0.033552340753057464,0.06506444223204126,-0.07166661166984355,0.009691935928349115,-0.014717862053673342,-0.008976310098231795,0.042853762038262695
xsec,7,7,0.2,rev_short,btc,top50,106,0.0008263671557712696,0.07550072067604388,0.05295361050547614,-0.11361322419663622,-0.6985419128565129,50,0.008416669353358873,0.5498100764112656,0.5614681236213988,0.07765013637577045,-0.4702575696611857,-0.009634012834900408,0.0018590629464782674,0.009582078552182653,0.0023872099399236896,-0.015843351367434897,0.007640979900121059,0.009327261320203265
xsec,7,7,0.2,rev_ls,btc,top50,252,0.004317287932800517,1.1076187717334318,0.5038339743235062,0.13077494269367862,-0.5611817286486452,91,0.004561845251032185,0.7132539793238859,0.5399094380755631,0.15408952249978092,-0.3331981929599366,0.011377876178034001,0.019769596452589647,-0.004583809595680926,0.0036519262160665555,-0.007542905241586156,-0.00025544910613922695,0.011280703170244941
xsec,14,7,0.1,mom_long,none,all,126,0.03988111422945061,1.9737718283002212,0.8978299483891434,0.5481196295182154,-0.9160783741927206,45,0.047815210034853756,1.761489017543772,1.3407755982174476,1.3657553558888869,-0.46622816666897604,0.08575205139605893,0.1187632730207202,-0.05416109840962764,0.04067566951635648,0.015432742880146273,0.0066030544358168025,0.10421079138090432
xsec,14,7,0.1,mom_short,none,all,124,-0.007513737535366071,-0.39053931951601956,-0.17907556786084727,,-1.3773010398497443,45,-0.02568163823824237,-0.8026736095107844,-0.6109633260534573,-0.8718435577952947,-0.9859737358826888,-0.05813342056614952,-0.00532086360484386,0.03567925110718666,-0.012788654875198306,-0.008686465052621519,0.02560354956448788,-0.0958613689156627
xsec,14,7,0.1,mom_ls,none,all,126,0.016243321184624532,1.8165847281552046,0.8263286309687933,0.30430695774556593,-0.556568661909199,45,0.011066785898305691,0.6691133656048056,0.5093025639722898,0.09140161499403243,-0.6006038081466736,0.016451743622506957,0.05672120470793817,-0.00924092365122049,0.013943507320579087,0.00337313891376238,0.01610330200015234,0.004174711232620806
xsec,14,7,0.1,rev_long,none,all,124,0.004713737535366061,0.24500454544414585,0.11234292147144354,-0.32081027311819976,-0.9540015341084785,45,0.02288163823824237,0.7151602629796633,0.5443516365233754,0.10635374751765103,-0.754220862198809,0.055333420566149503,0.002520863604843859,-0.03847925110718667,0.009988654875198304,0.005886465052621502,-0.02840354956448789,0.0930613689156627
xsec,14,7,0.1,rev_short,none,all,126,-0.042681114229450604,-2.11234772383424,-0.9608653952180881,-0.9622920097528394,-0.9999999539528173,45,-0.050615210034853766,-1.8646396519449886,-1.4192897712655708,-0.8538030507773615,-0.9807001313351862,-0.08855205139605894,-0.12156327302072019,0.05136109840962763,-0.04347566951635648,-0.018232742880146282,-0.009403054435816805,-0.10701079138090433
xsec,14,7,0.1,rev_ls,none,all,126,-0.01902109896240231,-2.1271046311712705,-0.9675780218564972,-0.45845681878823996,-0.9591834291726016,45,-0.013866785898305698,-0.8384052847681007,-0.6381608605207701,-0.39807663615707733,-0.6001107598276885,-0.01912447089523425,-0.05952120470793817,0.006440923651220483,-0.01674350732057909,-0.00617313891376239,-0.018903302000152347,-0.006974711232620813
xsec,14,7,0.1,mom_long,btc,all,75,0.06631462743436135,2.3387856595227197,1.3789299515459459,0.8145554642028285,-0.6251011647945321,19,0.08624546227841852,1.715578697066229,2.0096307099383095,1.0284660257574791,-0.33730714616768376,0.12510798948194038,0.14874499174915837,-0.12137843936226199,0.07385940052022781,0.002251166090060337,-0.0006469745444475164,0.23520392540333177
xsec,14,7,0.1,mom_short,btc,all,49,-0.011956828861564382,-0.4452021923595253,-0.324744398501889,-0.2880873251348658,-0.8997947603271208,26,-0.04416495477763101,-0.88317266226529,-0.8843849794622869,-0.8564592062830144,-0.9785915320559955,0.011645499481744523,-0.014032858520680272,0.007868108787057144,-0.016323029283120388,-0.05859676543434146,0.019969894515596553,-0.11898894561972982
xsec,14,7,0.1,mom_ls,btc,all,124,0.01769238888451793,1.7355307441921837,0.7957999054777012,0.32976372269877086,-0.5857162231145218,45,0.0054486106563505065,0.29639145216064133,0.22560142164914,-0.07675592550350452,-0.6171562537509692,0.051207745740950605,0.04306906313037944,-0.013464519395802847,0.024789757786586267,-0.009405789718808604,0.005227208243941952,0.005751582378593804
xsec,14,7,0.1,rev_long,btc,all,75,0.0018109178689164995,0.06790236468634597,0.04003470949360361,-0.26323814910926313,-0.9131117016713596,19,-0.0024113212367105007,-0.07230169608000542,-0.0846942836673589,-0.13614282350728213,-0.39724847783418205,0.07277815057812301,-0.0029241332175538974,-0.11396663740468105,0.008686516935437538,-0.020536635149465535,-0.034976147121527766,0.05341409456583338
xsec,14,7,0.1,rev_short,btc,all,51,-0.003808300692817146,-0.14182395929690758,-0.10140209593044044,-0.31496765017306405,-0.9274730711924457,26,-0.022531564164556424,-0.7773788086268449,-0.7784459042679871,-0.4161154540740294,-0.7144210982554398,0.016397116832958202,-0.07359252305521913,0.02659681490076235,0.04659445749415144,-0.043131276816975275,-0.015617364990329079,-0.030598129867821663
xsec,14,7,0.1,rev_ls,btc,all,126,-0.00023176386970212852,-0.024181597784794923,-0.010999732785621205,-0.1357006375873676,-0.7475542962368985,45,-0.007018175241955185,-0.6473474425693526,-0.49273520636292606,-0.22554503622669275,-0.43274581608297313,0.028700752505629944,-0.015052141577558721,-0.005623595744582361,0.009446250466007179,-0.01417892863257099,-0.01227609375621039,0.00017687114597299196
xsec,14,7,0.1,mom_long,none,top50,126,0.041378828167107105,2.0446679986808576,0.9300792206105691,0.6009104243376542,-0.9115199918972182,45,0.07709426216409927,1.4951528297114216,1.1380510521025862,1.6303346410596329,-0.647591362209075,0.08575205139605893,0.1187632730207202,-0.05416109840962764,0.04742734167594625,0.015939222879968865,0.007720116390006595,0.17202730374969977
xsec,14,7,0.1,mom_short,none,top50,124,-0.007948105991057894,-0.40540726578324643,-0.18589302717333786,,-1.3773010398497443,45,0.04556343047933302,1.7464258067300298,1.3293100793929062,1.124742670782294,-0.520783867313453,-0.05813342056614952,-0.00532086360484386,0.03567925110718666,-0.006820284940572293,-0.016726438391316215,0.03659185150926682,0.057840328017318365
xsec,14,7,0.1,mom_ls,none,top50,126,0.016778441294302844,1.849498998513159,0.8413006845937542,0.31687737468989163,-0.556568661909199,45,0.061328846321716146,2.3490385704269516,1.7879950219001517,2.4754287054039588,-0.3315218454402945,0.016451743622506957,0.05672120470793817,-0.00924092365122049,0.020303528367686983,-0.00039360775567367443,0.02215598394963671,0.11493381588350907
xsec,14,7,0.1,rev_long,none,top50,124,0.005148105991057883,0.26258829161881075,0.120405667458842,-0.3248771540654207,-0.9573566141836789,45,-0.048363430479333044,-1.8537485479591425,-1.4109998947370002,-0.8182055484263391,-0.9460516732508131,0.055333420566149503,0.002520863604843859,-0.03847925110718667,0.00402028494057229,0.013926438391316203,-0.039391851509266836,-0.06064032801731839
xsec,14,7,0.1,rev_short,none,top50,126,-0.04417882816710712,-2.1830254788198777,-0.9930153145761242,-0.9636944607924077,-0.999999961508865,45,-0.0798942621640993,-1.5494555470041946,-1.1793841274370973,-0.9853637825587501,-1.0156514086275816,-0.08855205139605894,-0.12156327302072019,0.05136109840962763,-0.05022734167594626,-0.018739222879968875,-0.01052011639000661,-0.17482730374969976
xsec,14,7,0.1,rev_ls,none,top50,126,-0.019556219072080626,-2.15555985379823,-0.9805217424508712,-0.4678524083252582,-0.9653841833608087,45,-0.06412884632171616,-2.456285133694953,-1.869626853600656,-0.9107307613072154,-0.9864684281528223,-0.01912447089523425,-0.05952120470793817,0.006440923651220483,-0.02310352836768698,-0.0024063922443263368,-0.024955983949636724,-0.11773381588350909
xsec,14,7,0.1,mom_long,btc,top50,75,0.06749217450504139,2.386888474574886,1.407290999579156,0.8467471776425008,-0.6251011647945321,19,0.08751887157501737,0.9191582728517539,1.076702978170305,0.4705110126027736,-0.5421268679895864,0.12510798948194038,0.14874499174915837,-0.12137843936226199,0.08122614749665255,-0.0007871963952964849,-0.03944519157282056,0.3051715512570253
xsec,14,7,0.1,mom_short,btc,top50,49,-0.013057513742763203,-0.4798989395264843,-0.35005329069082747,-0.29931032126830004,-0.9074843413412698,26,0.03675256256759153,0.9729834320099708,0.9743190310354131,0.2826648229221296,-0.5351796800977585,0.011645499481744523,-0.014032858520680272,0.007868108787057144,-0.0067764328461933365,-0.07201451368292275,0.021544199729348477,0.054495652545541756
xsec,14,7,0.1,mom_ls,btc,top50,124,0.017831027880978654,1.7448809826474585,0.8000873079935036,0.33286944392947104,-0.5857162231145218,45,0.029093613185363444,1.2855625374156536,0.9785192317309357,0.670340355761964,-0.2685846766588935,0.051207745740950605,0.04306906313037944,-0.013464519395802847,0.028766572548327794,-0.01272140311281433,-0.0033023750512109237,0.07342496550909679
xsec,14,7,0.1,rev_long,btc,top50,75,0.0018099595932770866,0.066438566522387,0.03917166540784805,-0.2723061062257779,-0.9208037351001304,19,-0.060420407621716146,-1.7334268561505395,-2.0305380624678273,-0.5616140000230878,-0.7535113544374018,0.07277815057812301,-0.0029241332175538974,-0.11396663740468105,0.004036440975343484,-0.01534371911600491,-0.05694744525250491,-0.06637405739750686
xsec,14,7,0.1,rev_short,btc,top50,51,-0.005776848258380236,-0.21238115240448247,-0.15184947660960132,-0.33264123511362753,-0.9274730711924457,26,-0.07227627836381298,-1.2537709853545151,-1.2554920170299548,,-1.0166551465936156,0.016397116832958202,-0.07359252305521913,0.02659681490076235,0.04151227412311371,-0.05033357039991453,-0.050947523215287026,-0.09715982603709324
xsec,14,7,0.1,rev_ls,btc,top50,126,-0.0006304456019111543,-0.06456177096445889,-0.029367878628022943,-0.14852794110989787,-0.7701022297786426,45,-0.033635233136352714,-1.8646147056269962,-1.4192707831174207,-0.6829566622989519,-0.870478725036224,0.028700752505629944,-0.015052141577558721,-0.005623595744582361,0.007063044180640812,-0.013727795357140658,-0.02685835900084764,-0.04290885037441229
xsec,14,7,0.2,mom_long,none,all,126,0.04481049193912591,2.363720733856379,1.0752100288675415,0.8525622631610748,-0.863198113664086,45,0.0321464526953935,1.4934517625728159,1.1367562672429268,0.7989683674166759,-0.4384848698284165,0.08751238494139006,0.11482436830642881,-0.041429135318277494,0.04395658659640293,0.0257577771700336,0.004688411522330833,0.06972061430063714
xsec,14,7,0.2,mom_short,none,all,126,-0.02692690393505473,-1.5113496767339882,-0.6874832150323044,-0.7583303311541176,-0.9994787131702063,45,-0.026490738475166312,-1.0061403008093912,-0.7658341041430148,-0.69862243693751,-0.9334825943946045,-0.11159933235602945,-0.03450813470880302,0.032095129277409117,-0.01404471411936427,-0.019603995217866765,0.017928129794168225,-0.0872744529489925
xsec,14,7,0.2,mom_ls,none,all,126,0.008941794002035593,1.337183513902466,0.6082584562511306,0.16664561474709938,-0.4976277334236834,45,0.002827857110113597,0.26526735422052095,0.20191099234812032,0.0007921266566077723,-0.43415378210803757,-0.012043473707319695,0.0401581167988129,-0.00466700302043419,0.014955936238519334,0.003076890976083418,0.01130827065824953,-0.008776919324177679
xsec,14,7,0.2,rev_long,none,all,126,0.024126903935054726,1.3541916497635709,0.6159951224267353,0.15833084550039378,-0.9011687812779574,45,0.0236907384751663,0.8997939698112094,0.6848874935526512,0.28261887527341467,-0.643650762795154,0.10879933235602945,0.031708134708803015,-0.03489512927740913,0.011244714119364264,0.016803995217866765,-0.020728129794168236,0.08447445294899252
xsec,14,7,0.2,rev_short,none,all,126,-0.04761049193912593,-2.5114186895893553,-1.142394921301192,,-1.003820351187779,45,-0.03494645269539351,-1.6235334538507815,-1.2357692929860846,-0.7115985651093746,-0.9315857018467845,-0.09031238494139006,-0.1176243683064288,0.03862913531827748,-0.046756586596402944,-0.02855777717003361,-0.007488411522330838,-0.07252061430063715
xsec,14,7,0.2,rev_ls,none,all,126,-0.011741794002035597,-1.7559041686250596,-0.7987262390154678,-0.31009911082230157,-0.8866298311973573,45,-0.005627857110113607,-0.5279215700792651,-0.4018329673845563,-0.18791082226353284,-0.4077809466413852,0.009243473707319693,-0.0429581167988129,0.0018670030204341796,-0.01775593623851934,-0.005876890976083424,-0.014108270658249537,0.005976919324177672
xsec,14,7,0.2,mom_long,btc,all,75,0.06527691082511726,2.4068336911861086,1.4190505451635511,0.8490768232925192,-0.5870401646319374,19,0.06385844592286219,1.7047644949546745,1.996962942085967,0.7510362901597427,-0.24853629904960828,0.11877947575733142,0.14114425317077134,-0.11061026118480746,0.06562858548037882,0.015548079600035606,-0.0040303102085651075,0.18023917071959467
xsec,14,7,0.2,mom_short,btc,all,51,-0.011489884882827242,-0.4918704863559139,-0.3516803401207987,-0.2318826086052046,-0.8065274115068781,26,-0.03458542118911136,-0.9608751508673345,-0.9621941290460472,-0.5765390048817216,-0.8244601968220558,-0.021697295245618777,-0.00699625346593787,0.0031161874614044774,-0.005214620081403831,-0.0453936715653285,0.004528814874159001,-0.08021869659626012
xsec,14,7,0.2,mom_ls,btc,all,126,0.01710231818595081,1.8054834270956914,0.8212788676605901,0.34553289850429714,-0.5357666788375403,45,0.0034898835735276226,0.2598679475326935,0.19780117806044123,-0.017899030833552376,-0.43835628404480065,0.04023381456008159,0.04208356761678774,-0.013751235894749369,0.02327770737610329,-0.00277357097860291,0.00028922472568162995,0.007869732523211609
xsec,14,7,0.2,rev_long,btc,all,75,0.03462407689056942,1.3618314142526775,0.8029252780917135,0.22972852358776974,-0.7642358416173737,19,0.01261380423503096,0.3215037078127518,0.37660978519051674,-0.013336129820587739,-0.4082919055878902,0.14251259627243346,0.04890306048559373,-0.11355225706370743,0.01449790665966548,0.003150637151563492,-0.03636066386751233,0.09657003526796229
xsec,14,7,0.2,rev_short,btc,all,51,-0.017512817106785712,-0.721987690382894,-0.5162108391540278,-0.30442569031442324,-0.8636044097225624,26,-0.011772303798397167,-0.47195208671369815,-0.4725999279063977,-0.2692707274203724,-0.5785469009080788,-0.006933476098879764,-0.07551255252348078,0.013141352104292757,0.012067410374388767,-0.04784276146891872,-0.014961601577384501,-0.008051456389578599
xsec,14,7,0.2,rev_ls,btc,all,126,0.00676052418391522,0.7462531052074178,0.3394558465811186,0.04778365576916932,-0.6656100246566796,45,-0.0007379735365859798,-0.06783325389923381,-0.051631983322042586,-0.08470440674733781,-0.33972326879126746,0.050877288267401295,0.0005254508179748438,-0.010484232874315186,0.006921771137583951,-0.007250461954686329,-0.012419045932567903,0.015246651847389287
xsec,14,7,0.2,mom_long,none,top50,126,0.042983535616773684,2.2807976405138133,1.0374899461565934,0.7782315771801933,-0.863198113664086,45,0.03734336207318464,1.1670616454971885,0.8883210512887844,0.6284436976297818,-0.612902726905141,0.08751238494139006,0.11482436830642881,-0.041429135318277494,0.047557003119959744,0.01330364923815443,-0.0036754797186707286,0.09347440873572355
xsec,14,7,0.2,mom_short,none,top50,126,-0.024431410326622945,-1.395563514128905,-0.6348143690667479,-0.7320304982669981,-0.9991640589399587,45,0.02821640400319784,1.2425018631954963,0.9457431538433292,0.5327630188811638,-0.5500903789212415,-0.11159933235602945,-0.03450813470880302,0.031995137707238455,-0.0147834979031561,-0.006671673915350231,0.03073473020983708,0.02477027340463889
xsec,14,7,0.2,mom_ls,none,top50,126,0.009276062645075366,1.3652080967569815,0.6210062872907325,0.17373775001411085,-0.4976277334236834,45,0.03277988303819124,2.3568897762324674,1.7939710484639153,1.1086379648462108,-0.1749526367451566,-0.012043473707319695,0.0401581167988129,-0.004716998805519522,0.016386752608401823,0.0033159876614020974,0.013529625245583175,0.05912234107018121
xsec,14,7,0.2,rev_long,none,top50,126,0.021631410326622944,1.235622774428633,0.5620604752217425,0.09906412481756965,-0.9105119806494071,45,-0.03101640400319785,-1.3657991202291393,-1.03959213723828,-0.6778966231031824,-0.8837574354475208,0.10879933235602945,0.031708134708803015,-0.03479513770723846,0.011983497903156096,0.003871673915350221,-0.03353473020983709,-0.027570273404638895
xsec,14,7,0.2,rev_short,none,top50,126,-0.04578353561677369,-2.429371584043637,-1.1050733081940534,,-1.003820351187779,45,-0.04014336207318463,-1.2545677624072837,-0.9549272379179913,-0.8985091274800265,-0.9898611983072129,-0.09031238494139006,-0.1176243683064288,0.03862913531827748,-0.050357003119959755,-0.016103649238154442,0.0008754797186707208,-0.09627440873572354
xsec,14,7,0.2,rev_ls,none,top50,126,-0.012076062645075379,-1.7772991764726798,-0.8084584068963705,-0.3175150229260232,-0.8977478056376447,45,-0.03557988303819124,-2.558211158793907,-1.9472089026028891,-0.6624045439940309,-0.8504059922434996,0.009243473707319693,-0.0429581167988129,0.0019169988055195116,-0.019186752608401827,-0.006115987661402108,-0.016329625245583183,-0.06192234107018122
xsec,14,7,0.2,mom_long,btc,top50,75,0.061401519069427375,2.2900665248801624,1.350205526244941,0.760187884260852,-0.5870401646319374,19,0.06908762426259667,1.1588054800383827,1.3574259714884052,0.598158979770548,-0.4011104243334891,0.11877947575733142,0.14114425317077134,-0.11061026118480746,0.06892396276718242,-0.005232305701494404,-0.02035554668525619,0.2224187744589159
xsec,14,7,0.2,mom_short,btc,top50,51,-0.014514609861537782,-0.6157309091058777,-0.4402387651707091,-0.25762034059766203,-0.8369777805718033,26,0.037888750283329393,1.2801588699692403,1.2819161238780865,0.4820306963380938,-0.3784938276868145,-0.021697295245618777,-0.00699625346593787,0.0029793568916972515,-0.005316453747952306,-0.06216571127910194,0.02145646468460707,0.05705975014850545
xsec,14,7,0.2,mom_ls,btc,top50,126,0.015336781060589782,1.6293627475895824,0.7411650377213886,0.2896319243071297,-0.5363395315319854,45,0.02553080409284335,1.6955426389997545,1.290579829602369,0.7171574870235999,-0.23847486862580125,0.04023381456008159,0.04208356761678774,-0.013801231679834701,0.0244680791604,-0.012470011508410043,0.0010793066415658585,0.05899074797353885
xsec,14,7,0.2,rev_long,btc,top50,75,0.028374834642880854,1.1461432434199952,0.6757571993306872,0.1343598772171346,-0.8318055937224045,19,-0.017780561725123087,-0.49238696702781526,-0.5767826167372138,-0.2848550983733986,-0.5394689163476584,0.14251259627243346,0.04890306048559373,-0.11355225706370743,0.015471356276125914,-0.02550752233604774,-0.04435937332260543,0.027783115299132355
xsec,14,7,0.2,rev_short,btc,top50,51,-0.018698265833459442,-0.7605834494384407,-0.543806253085925,-0.31623837566960633,-0.874852305565246,26,-0.016945632011691227,-0.489662759231127,-0.49033491158491727,-0.4339302532679431,-0.7575803487136779,-0.006933476098879764,-0.07551255252348078,0.013141352104292757,0.007639030208216073,-0.051116008568602225,-0.01342172053840253,-0.021056862063861346
xsec,14,7,0.2,rev_ls,btc,top50,126,0.004660718415514417,0.5226408289670551,0.23773902422229526,-0.0030452022689679836,-0.7317878360628849,45,-0.008649078945347891,-0.6956085547390531,-0.5294696514236156,-0.27648455931242855,-0.5121348245694801,0.050877288267401295,0.0005254508179748438,-0.010484232874315186,0.006681326551998172,-0.017185999169812147,-0.013850318604017317,-0.00153159309664236
xsec,1,14,0.1,mom_long,none,all,1768,0.0026858688873879154,1.997512196772234,0.9076005317876761,0.4713588719923716,-0.9570077021293297,637,0.003223609509550532,1.7680387690929718,1.3383462917678655,1.211493789077129,-0.5972958042023317,0.004815851368570612,0.010122501203559392,-0.00502662051030728,0.0016104849415381915,0.0022467933498693865,-9.720781658859989e-05,0.007679853347935765
xsec,1,14,0.1,mom_short,none,all,1737,-0.0029966640134141075,-2.3828233057920527,-1.0922910173665679,-0.7831090274759468,-0.9995933837704204,637,-0.0005508259358990386,-0.29950085497122514,-0.22671214321713024,-0.4492757564668891,-0.8037994920814857,-0.0046611894244094265,-0.006211546417901885,0.0023697737788842743,-0.00429150779230572,-0.0025958189965308407,0.000901719903808602,-0.0025000142869773066
xsec,1,14,0.1,mom_ls,none,all,1768,-0.00012912590452445431,-0.22305001718756903,-0.10134622183624702,-0.13893032312287346,-0.7692383808248209,637,0.0013363917868257466,1.6000344652684626,1.2111726454909097,0.502152353429987,-0.24271959949388344,0.0003126678974172249,0.001955477392828754,-0.001328423365711503,-0.0013405114253837644,-0.0001745128233307272,0.0004022560436100009,0.0025899195304792295
xsec,1,14,0.1,rev_long,none,all,1737,0.00019666401341410868,0.15637909104125558,0.07168449126425439,-0.33767796469928724,-0.9795296786734872,637,-0.0022491740641009594,-1.2229445116411741,-0.9257281462399664,-0.7044990469284622,-0.9267441864369087,0.001861189424409428,0.003411546417901885,-0.005169773778884273,0.0014915077923057217,-0.00020418100346915788,-0.0037017199038086005,-0.0002999857130226918
xsec,1,14,0.1,rev_short,none,all,1768,-0.005485868887387914,-4.079905040751165,-1.8537678971935727,-0.9201994292116368,-0.9999983184623948,637,-0.006023609509550531,-3.3037423146972187,-2.500822579869062,-0.9259105696202979,-0.9932288182602191,-0.007615851368570611,-0.012922501203559393,0.0022266205103072807,-0.00441048494153819,-0.005046793349869385,-0.0027027921834113984,-0.010479853347935764
xsec,1,14,0.1,rev_ls,none,all,1768,-0.0026463265841633276,-4.5703503987604925,-2.0766093238748926,-0.6474523150112541,-0.9958655083521565,637,-0.004136391786825746,-4.952417012749546,-3.7488142568851726,-0.7970889371149447,-0.942146867266054,-0.002971299819241328,-0.004755477392828754,-0.001471576634288496,-0.0014594885746162343,-0.002625487176669272,-0.0032022560436099994,-0.005389919530479228
xsec,1,14,0.1,mom_long,btc,all,1015,0.005685895623660396,3.1181069057999693,1.8698398542471775,1.2654762574309735,-0.7423600328023656,287,0.004417735900396019,1.534905574177473,1.7309604586483651,0.7064224413113442,-0.3885962003600647,0.00677827679580716,0.015872001200594586,-0.013364298131919836,0.0029202080497195363,0.0035783015045982467,0.0005714785126016686,0.010606713697119659
xsec,1,14,0.1,mom_short,btc,all,723,-0.00286446470494694,-1.2930116859055714,-0.9187127286663822,-0.49233274877403876,-0.9660244068906432,350,-0.001020799848353429,-0.3962374007133966,-0.4046391280045529,-0.35538902570751285,-0.6880674351599432,-0.014693881710564375,-0.006503921569802623,0.0019107194218664658,-0.000918184058754205,-0.006595679318194259,0.0001530768682958383,-0.002383076531872333
xsec,1,14,0.1,mom_ls,btc,all,1738,0.0010644925420997306,1.5082648557251086,0.6911927239865696,0.24605548175658676,-0.5935430348480144,637,0.0007147647225195894,0.744085034625757,0.5632475171131157,0.1666403557214251,-0.36605136601996413,0.0010636338665276014,0.0036753796892216605,-0.0004884433181232806,0.000855425815990617,0.00021857720998279384,0.0001779865040686478,0.0014350737288967733
xsec,1,14,0.1,rev_long,btc,all,1014,0.0002909244670844858,0.19846163537578004,0.11907045699560664,-0.15060151519823972,-0.8489193805979145,287,-0.0028223129817282655,-1.0810428248295958,-1.2191254076905187,-0.4661561339668514,-0.7717386860678818,-0.000925669543966947,0.003231722762529307,-0.007139050440873711,0.0030432367097394187,-0.001990679882314874,-0.004496888777686564,-0.00012776829186809417
xsec,1,14,0.1,rev_short,btc,all,753,-0.0014420081472596698,-0.730845963372262,-0.5088324461875686,-0.35472004071185936,-0.9193820432078812,350,-0.0050444258690572315,-2.1602103411221667,-2.206014947514615,-0.7014040800579631,-0.8942039041706923,-0.0028842256162336013,-0.003574393294710803,0.00028304025391786745,-0.0015632607933178768,-0.0020656290742375122,-0.002073231118163114,-0.008492479036761515
xsec,1,14,0.1,rev_ls,btc,all,1767,-0.00022377892622039145,-0.37635360012582275,-0.1710504544019186,-0.17240527211498302,-0.7868096300854557,637,-0.0020216270643061566,-2.323952639409942,-1.7591545228355159,-0.5626821588119126,-0.8067980662496135,-0.000750857723787393,0.00031990229639290653,-0.0005600199524117772,0.0007959372413743821,-0.0010069099666864783,-0.0016242695395413522,-0.0025548458015824554
xsec,1,14,0.1,mom_long,none,top50,1768,0.0023929179274231674,1.7418656347433128,0.7914435661270572,0.29584034914114166,-0.9690139907706865,637,0.0028615751751557787,1.1710180693160264,0.8864215638587373,0.43150461132645823,-0.6848600647621854,0.004815851368570612,0.010122501203559392,-0.00502662051030728,0.0014166717614898239,0.0010249477583392768,0.0007399324164368976,0.0057086325535836875
xsec,1,14,0.1,mom_short,none,top50,1737,-0.0029850870440933965,-2.3296334975370727,-1.0679087018037055,-0.786280743401747,-0.9996527430236835,637,0.002213255326700966,0.9435304687597236,0.7142210488305019,0.1610548682083459,-0.7802667956913407,-0.0046611894244094265,-0.006211546417901885,0.0023673649417541905,-0.00430735101027975,-0.0025226736527519445,0.0005865610597239453,0.00439613550113704
xsec,1,14,0.1,mom_ls,none,top50,1768,-0.00026991439476981607,-0.4513933917726241,-0.2050975623980086,-0.18636809608057847,-0.8431141252366361,637,0.0025374152509283717,1.9669421633927973,1.4889095174361455,1.0786186201449115,-0.3622582061063583,0.0003126678974172249,0.001955477392828754,-0.001329627784276545,-0.0014453396243949627,-0.0007488629472063336,0.0006632467380804215,0.005052384027360364
xsec,1,14,0.1,rev_long,none,top50,1737,0.0001850870440933979,0.14444636672598488,0.06621450633058375,-0.3520505508844043,-0.9780135914427286,637,-0.005013255326700964,-2.1371954204059334,-1.6177855461568424,-0.9157367421088534,-0.9881696285650144,0.001861189424409428,0.003411546417901885,-0.005167364941754188,0.001507351010279751,-0.0002773263472480543,-0.003386561059723944,-0.007196135501137039
xsec,1,14,0.1,rev_short,none,top50,1768,-0.005192917927423166,-3.780056632181052,-1.7175271395583118,-0.9137454458817953,-0.9999977209497469,637,-0.005661575175155777,-2.3168382534411482,-1.7537691702934868,-0.9386908004110089,-0.9967364001899667,-0.007615851368570611,-0.012922501203559393,0.0022266205103072807,-0.0042166717614898225,-0.0038249477583392755,-0.0035399324164368962,-0.008508632553583688
xsec,1,14,0.1,rev_ls,none,top50,1768,-0.0025055380939179657,-4.189429641001505,-1.9035320916709173,-0.6320670927378391,-0.9947105244931881,637,-0.005337415250928371,-4.137433593790249,-3.131899030995623,-0.8834737604481478,-0.9784389997602523,-0.002971299819241328,-0.004755477392828754,-0.001470372215723454,-0.0013546603756050355,-0.002051137052793665,-0.0034632467380804203,-0.007852384027360364
xsec,1,14,0.1,mom_long,btc,top50,1015,0.005327447861176037,2.8480766277804865,1.7079103916123048,1.0722783070917026,-0.7453233470023743,287,0.0016059337098832803,0.4456418805188612,0.5025641230791806,-0.034639014600456264,-0.6010012090609597,0.00677827679580716,0.015872001200594586,-0.013364298131919836,0.0029859075596819626,0.002075339621545953,0.001113801997330645,0.002397818374627067
xsec,1,14,0.1,mom_short,btc,top50,723,-0.002959216977408406,-1.318563619082381,-0.9368679290465916,-0.5027593613602686,-0.9691562313212337,350,0.0017763891663775833,0.514199087721546,0.5251020476658108,-0.07805733531285197,-0.7217695796743966,-0.014693881710564375,-0.006503921569802623,0.0019077490652702474,-0.0006270154221831109,-0.007490467465475983,8.592101449902029e-05,0.003738167021644064
xsec,1,14,0.1,mom_ls,btc,top50,1738,0.0009401167158882048,1.3057861591769844,0.598402786406896,0.1863028866317442,-0.6650466909527655,637,0.0008497952770554595,0.6809536883326587,0.5154591966969144,0.13687204417928878,-0.3947306893880601,0.0010636338665276014,0.0036753796892216605,-0.0004896477366883226,0.0009237946799581273,-0.0004390189881798635,0.00029218644418265745,0.001598057129991389
xsec,1,14,0.1,rev_long,btc,top50,1014,0.0002035328608717497,0.13537943095402782,0.08122320810759827,-0.17493045179574174,-0.8396867305481215,287,-0.0055460189368514295,-1.8093299684154938,-2.0404373302592442,-0.6805043042176557,-0.8779460933641392,-0.000925669543966947,0.003231722762529307,-0.007139050440873711,0.0032003053808042047,-0.002496143346607012,-0.00391831432809844,-0.00816514362548124
xsec,1,14,0.1,rev_short,btc,top50,753,-0.0012373430499209575,-0.6174252123255742,-0.4298662055624955,-0.33914210876873396,-0.9148073980885164,350,-0.006691201176679227,-2.0108732303695733,-2.0535113267941756,-0.8256689691279286,-0.9719000876723077,-0.0028842256162336013,-0.003574393294710803,0.00028304025391786745,-0.0008052895915069127,-0.0014731854451420267,-0.0031879381833614,-0.010756716255344356
xsec,1,14,0.1,rev_ls,btc,top50,1767,-0.00020524532984338633,-0.33821202013066715,-0.15371533501526377,-0.17077445497033983,-0.7625003963959589,637,-0.0030876199738729118,-2.69702217589248,-2.0415557005987766,-0.722723137721297,-0.9040435362422206,-0.000750857723787393,0.00031990229639290653,-0.0005600199524117772,0.0009691343043530908,-0.001090156040973529,-0.0017710602938977632,-0.004854326897368974
xsec,1,14,0.2,mom_long,none,all,1768,0.002419196633546156,2.052202606952909,0.9324499647192372,0.5092283760604337,-0.9395477142137593,637,0.0020670019574725988,1.3424925200716746,1.0162219954519236,0.612080285195298,-0.5830700963106173,0.004819084376555312,0.008706088298158407,-0.004143633566516669,0.0013786420865167413,0.001719072147211144,-0.0010246777354523417,0.006215763310110846
xsec,1,14,0.2,mom_short,none,all,1759,-0.002699015374596866,-2.2846495699550333,-1.040718100298972,-0.7491035351473077,-0.9994503467357893,637,-0.0009611178534991813,-0.5674257029495051,-0.4295223038496115,-0.4948955707560483,-0.8325240804546953,-0.0035903102940192224,-0.0063650677366388925,0.002762071354695808,-0.0039361123099749176,-0.002529729245213357,0.0011107408303637535,-0.0037413693961828977
xsec,1,14,0.2,mom_ls,none,all,1768,-0.00013303970469634712,-0.3401859909823293,-0.15456876149301693,-0.09022513522858899,-0.6854697057407382,637,0.000552942051986709,1.0718287686639052,0.8113385764087979,0.18644656359705913,-0.22103272952911457,0.0006670137393888478,0.0011705102807597573,-0.000690781105910431,-0.001278735111729088,-0.0004053285490011066,4.3031547455705885e-05,0.0012371969569639743
xsec,1,14,0.2,rev_long,none,all,1759,-0.00010098462540313232,-0.08548098064606122,-0.03893883988143223,-0.38009572716712337,-0.9770155329168891,637,-0.0018388821465008178,-1.0856410489313735,-0.8217940112103254,-0.6364375041239296,-0.9198228151119606,0.0007903102940192236,0.0035650677366388934,-0.005562071354695806,0.0011361123099749187,-0.0002702707547866418,-0.003910740830363752,0.0009413693961828993
xsec,1,14,0.2,rev_short,none,all,1768,-0.0052191966335461545,-4.427440411018956,-2.0116759627261707,-0.8982261984881474,-0.999993795450416,637,-0.004867001957472597,-3.1610583141732596,-2.392815557436059,-0.8723858889909161,-0.9814375556783461,-0.007619084376555311,-0.011506088298158407,0.0013436335665166714,-0.004178642086516741,-0.004519072147211142,-0.001775322264547657,-0.009015763310110845
xsec,1,14,0.2,rev_ls,none,all,1768,-0.002659833598471072,-6.800323016745114,-3.089831839975292,-0.6280758505450048,-0.993737138442656,637,-0.0033529420519867077,-6.499378620363502,-4.919812521883356,-0.7155094646579228,-0.8912521724356501,-0.003425971394111974,-0.003970510280759757,-0.0021092188940895675,-0.0015212648882709104,-0.002394671450998892,-0.0028430315474557042,-0.004037196956963972
xsec,1,14,0.2,mom_long,btc,all,1015,0.0049683331329482576,3.2274866242516227,1.93543175439236,1.1442895441419543,-0.7102940313473532,287,0.003043684060134184,1.2187401555734563,1.3744109436797765,0.42306249224888215,-0.5097254063266048,0.0055760779138796695,0.014337452223204325,-0.010077783624105616,0.0026823872372301405,0.0024401394503642997,-0.001402753394756583,0.01019840614664024
xsec,1,14,0.2,mom_short,btc,all,745,-0.0026640618165834733,-1.2514728154118375,-0.8759709748308971,-0.47785151449845953,-0.9733502860927283,350,-0.0011050200330092739,-0.47576186573238904,-0.4858498116057935,-0.3372267864761117,-0.6258213353957783,-0.00927195765844244,-0.006457922759652199,0.0020632514982463876,-0.0019262626111680539,-0.006336075265197844,0.00030339354589550984,-0.002739475297417295
xsec,1,14,0.2,mom_ls,btc,all,1760,0.000868787521757896,1.370586423353531,0.6241608491682388,0.1988737702014196,-0.5814240728959195,637,0.0003820881583243839,0.44898227249453165,0.339864583269762,0.05689888756077899,-0.44113651014583144,0.000752020701203358,0.0032090588203459204,-0.0001159515432635024,0.0006151734370180945,-0.00013472844812184226,-0.0002619854304706292,0.001246378084464751
xsec,1,14,0.2,rev_long,btc,all,1014,-7.530375684299672e-05,-0.056822627367539624,-0.03409170843288187,-0.17993729534277225,-0.863184984832609,287,-0.0020143726093180044,-0.813432141647609,-0.9173325686436431,-0.38164471360086727,-0.765648119361133,-0.001366611390622924,0.003507957788856374,-0.008559907260623755,0.002060643171426076,-0.001970338344740187,-0.004768262239855445,0.0024168861598195157
xsec,1,14,0.2,rev_short,btc,all,753,-0.0017831095858793122,-0.9768075426664143,-0.6800767826588551,-0.3651837953829521,-0.9276602548612615,350,-0.004066122633290096,-2.1232808614070158,-2.168302423551212,-0.6118694048534961,-0.8364321801672385,-0.00579388884767325,-0.0023500577437672015,-3.966492663750882e-05,-0.0013444134980093506,-0.0029046471233372625,-0.002131276475701118,-0.006311499655677306
xsec,1,14,0.2,rev_ls,btc,all,1767,-0.00040153919853025475,-0.7382958211310903,-0.335551023413329,-0.2084928859460018,-0.7968016879506854,637,-0.0015708538936623244,-2.049498345482015,-1.5514017897171992,-0.4740823887094293,-0.762599502563697,-0.0013343759095835687,0.0006385485395861636,-0.0008251704373530708,0.0004939085487471833,-0.001129399899120735,-0.0017050169779263343,-0.0013908188724992224
xsec,1,14,0.2,mom_long,none,top50,1768,0.002475565857108915,2.0828608248579417,0.9463799997494278,0.5290747375141718,-0.9410017082887016,637,0.0011252361242619848,0.5960576685266492,0.45119574542004404,-0.002485300239047139,-0.7289628400245887,0.004819084376555312,0.008706088298158407,-0.004143633566516669,0.0014526591049726957,0.001917554593994026,-0.0012675019261276026,0.004336079463939189
xsec,1,14,0.2,mom_short,none,top50,1759,-0.0026603370956181705,-2.23571759570718,-1.0184282962288864,-0.7473235549029034,-0.9994740639410852,637,0.0009281677062731257,0.4932109650302754,0.3733442261824118,-0.07061919758763902,-0.680784380557317,-0.0035903102940192224,-0.0063650677366388925,0.002731941050393508,-0.0038677344815896933,-0.002381984036379319,0.001135482715005046,0.0006499692570556583
xsec,1,14,0.2,mom_ls,none,top50,1768,-8.561439927143668e-05,-0.21489766000334545,-0.09764207238089925,-0.07649729872415767,-0.6779903983531155,637,0.001026701915267555,1.342938532239195,1.016559611764936,0.3593508296643577,-0.2524055620156638,0.0006670137393888478,0.0011705102807597573,-0.0007058462580615812,-0.001207537688308499,-0.0002322147211926466,-6.60096055612781e-05,0.0024930243604974235
xsec,1,14,0.2,rev_long,none,top50,1759,-0.00013966290438182762,-0.1173711456748552,-0.05346565064639362,-0.3921572590175112,-0.9765923569448117,637,-0.003728167706273124,-1.9810786130330982,-1.499610337624928,-0.8316190930716861,-0.967692874286866,0.0007903102940192236,0.0035650677366388934,-0.0055319410503935065,0.0010677344815896949,-0.0004180159636206797,-0.0039354827150050445,-0.0034499692570556565
xsec,1,14,0.2,rev_short,none,top50,1768,-0.0052755658571089145,-4.438690015527561,-2.0167873943614363,-0.901003417256433,-0.999994843701443,637,-0.003925236124261984,-2.0792676685337574,-1.5739361729056283,-0.84383279052299,-0.9780197055955351,-0.007619084376555311,-0.011506088298158407,0.0013436335665166714,-0.004252659104972694,-0.004717554593994025,-0.0015324980738723958,-0.007136079463939187
xsec,1,14,0.2,rev_ls,none,top50,1768,-0.002707258903895982,-6.794480368887778,-3.0871771426418118,-0.6349444217264172,-0.9942040699169138,637,-0.003826701915267553,-5.0053724230826155,-3.7888997336785737,-0.769645115262755,-0.9257474638736808,-0.003425971394111974,-0.003970510280759757,-0.0020941537419384175,-0.0015924623116914994,-0.0025677852788073517,-0.0027339903944387203,-0.005293024360497422
xsec,1,14,0.2,mom_long,btc,top50,1015,0.005081793463454759,3.2872624671526145,1.971277623938907,1.1901530658272388,-0.7134200642519826,287,0.0011219374376129963,0.391120743544379,0.44107895171028166,-0.008186006955209546,-0.6185204060889722,0.0055760779138796695,0.014337452223204325,-0.010077783624105616,0.002803574247945849,0.0027755761412147813,-0.0014663497770648981,0.005286726864867427
xsec,1,14,0.2,mom_short,btc,top50,745,-0.002761797863072817,-1.2872949381061922,-0.9010447433943473,-0.4875641213514663,-0.9756970713394839,350,0.0011575912521896777,0.44473647834127916,0.4541665689907869,-0.007675285007547328,-0.5536972941521712,-0.00927195765844244,-0.006457922759652199,0.0020260975757114565,-0.002001660949091005,-0.006806384864340164,0.0005844395119955055,0.001822730308711309
xsec,1,14,0.2,mom_ls,btc,top50,1760,0.000880818453811742,1.3810371399401087,0.6289200734155758,0.20211683780866752,-0.5814378686984618,637,0.0005707637228110812,0.5926668413732246,0.44862900252608606,0.10579384456355845,-0.4095841095080184,0.000752020701203358,0.0032090588203459204,-0.00013101669541465248,0.0006447980175904063,-9.139443434849589e-05,-0.00020502641408949582,0.001611805634460752
xsec,1,14,0.2,rev_long,btc,top50,1014,-0.00021420755108174052,-0.16060726498366637,-0.09635907918530365,-0.2044955263396241,-0.8659686273284766,287,-0.003448382894179767,-1.267890827917607,-1.4298396760884775,-0.5266021454234237,-0.8065743574154745,-0.001366611390622924,0.003507957788856374,-0.008559907260623755,0.0019261283065390917,-0.002394131748441136,-0.004520771540800489,-0.0017228120718900614
xsec,1,14,0.2,rev_short,btc,top50,753,-0.001762523333282844,-0.9528849558982485,-0.6634213053702982,-0.36648349871164076,-0.9284386365745797,350,-0.003927941047314153,-1.5660976303871623,-1.5993048066359188,-0.636743360232748,-0.8847315126611289,-0.00579388884767325,-0.0023500577437672015,-3.966492663750882e-05,-0.0013158870550310571,-0.0027964975015440144,-0.0017197112101271905,-0.006490578142321246
xsec,1,14,0.2,rev_ls,btc,top50,1767,-0.00043700807208796425,-0.7956431756819498,-0.36161505216552636,-0.2197820832219307,-0.7981025588804865,637,-0.0018559381924564734,-2.014392455269555,-1.5248278034413447,-0.5404526469518078,-0.7947546925148532,-0.0013343759095835687,0.0006385485395861636,-0.0008251704373530708,0.00045233570589890595,-0.0012591797131558484,-0.001539016808528217,-0.0022812187260366702
xsec,3,14,0.1,mom_long,none,all,589,0.008430319943161142,2.138875324971123,0.9721060091441901,0.603815996637888,-0.8779634257740717,212,0.012788175282629162,2.1269778548363174,1.6113164566667209,2.0555422751073795,-0.5952995380615136,0.009025174928991884,0.027811623900895085,-0.009460230210968843,0.006852083031162666,0.008007528908385707,0.003148602625010491,0.025855151551845593
xsec,3,14,0.1,mom_short,none,all,579,-0.005741117497511133,-1.6378397677424836,-0.7507890584426679,-0.6620002783512274,-0.9965708064657788,212,-0.002315344323620459,-0.37507733259487486,-0.28414413302826247,-0.5639014055539391,-0.8522070579602867,-0.012160455033646142,-0.01669300126087675,0.008931611645762451,-0.00723355379306511,-0.0031409477537596613,0.0036197748128935013,-0.010360728042006051
xsec,3,14,0.1,mom_ls,none,all,589,0.0013933373645695804,0.8408375464025584,0.38215562264388614,0.07338224392177639,-0.4598914875264769,212,0.0052364154795043515,1.8672987180821587,1.4145935497715834,0.7116681917125618,-0.23106070957920655,-0.0009715393153836906,0.005559311320009167,-0.0002643092826031961,-0.00019073538095122164,0.0024332905773130228,0.003384188718951996,0.00774721175491977
xsec,3,14,0.1,rev_long,none,all,579,0.002941117497511133,0.8390490529265897,0.38462178098304234,-0.07839038271350152,-0.9480224267140279,212,-0.0004846556763795401,-0.07851245124489808,-0.059478007472665184,-0.411552893360427,-0.8670926103008828,0.00936045503364614,0.013893001260876748,-0.01173161164576245,0.004433553793065111,0.00034094775375966105,-0.006419774812893502,0.007560728042006052
xsec,3,14,0.1,rev_short,none,all,589,-0.011230319943161144,-2.849269586434169,-1.2949759410038695,-0.8566232691722431,-0.9999718847598296,212,-0.015588175282629168,-2.5926844831800357,-1.9641178516237703,-0.9146839178874606,-0.9931898189828796,-0.011825174928991888,-0.030611623900895092,0.006660230210968843,-0.009652083031162667,-0.010807528908385707,-0.005948602625010491,-0.02865515155184559
xsec,3,14,0.1,rev_ls,none,all,589,-0.004169568264399803,-2.5154186570168204,-1.1432426955659385,-0.44632713856549266,-0.9609922795611636,212,-0.008036415479504353,-2.86577495265416,-2.1710006673625175,-0.6633115411369739,-0.8712667407428487,-0.0016912057826555273,-0.008359311320009171,-0.0025356907173968045,-0.002609264619048778,-0.005233290577313024,-0.006184188718951996,-0.01054721175491977
xsec,3,14,0.1,mom_long,btc,all,331,0.014426531011250684,2.585875787521229,1.5677595960013433,0.8829838453102392,-0.7696827381086772,93,0.009832816273740339,1.1502455959343099,1.3156334585066847,0.4155675267755692,-0.35538271080026584,0.013144758144567932,0.04508618040838999,-0.04095132799618612,0.011458716055819187,0.007856154946161886,0.002779269426562228,0.021521551049064072
xsec,3,14,0.1,mom_short,btc,all,248,-0.008411659440603857,-1.4552871715992115,-1.0193155873852278,-0.4655973015293339,-0.9549272964508304,119,-0.00400762149807029,-0.5225125765408135,-0.5283346233886068,-0.40860305051827206,-0.6818816051440972,-0.043704122691011274,-0.016259326456078516,0.004637671264353813,-0.0017802667552609878,-0.017863997428591724,-0.0008313748884152291,-0.007703617552941632
xsec,3,14,0.1,mom_ls,btc,all,579,0.0023221849943473407,1.1435393241935143,0.5242007364901177,0.14346119953271574,-0.6634981099721438,212,0.0010319456490270925,0.361099887601453,0.27355535934223474,0.020101063288508136,-0.32724868734732593,-0.00022476972327441843,0.009972289617213742,-0.002165328229515546,0.0035958029467851025,-0.0001829304884575438,0.0004425804667296497,0.0018308628961414034
xsec,3,14,0.1,rev_long,btc,all,331,0.0009402280658283689,0.2163790255648838,0.13118584246768722,-0.13625601237410445,-0.8576463665631855,93,-0.0026500425985250217,-0.2616450366474082,-0.29926562264811896,-0.3164612452487868,-0.7624456016164021,-0.0005532690872400465,0.01419416431976441,-0.02926520153651439,0.007027190311045121,-0.006577111732004802,-0.011331388276406585,0.011736187381964424
xsec,3,14,0.1,rev_short,btc,all,258,-0.00353750651859665,-0.6517464470848734,-0.44756346167025524,-0.3198461011378,-0.9051113954193384,119,-0.017897825600500263,-2.131221155351529,-2.154968085026619,-0.7969543088714566,-0.9542810362041929,-0.0028135866449192845,-0.00573626253010243,-0.0010518753690843682,3.365820016642935e-05,-0.011129683751067168,-0.0062833108361042295,-0.03141289732634292
xsec,3,14,0.1,rev_ls,btc,all,589,-0.0005105782614675257,-0.2997743208516779,-0.13624563118982586,-0.14889229266949788,-0.7664485456962393,212,-0.00560446983047726,-1.7289251681782132,-1.309767080788539,-0.561095344484453,-0.8200781870800309,-0.0006311941605108838,0.0030129782972045742,-0.0033010189469123504,0.0023865383277363247,-0.0040162210657705665,-0.0043416082522223474,-0.0073163488587783656
xsec,3,14,0.1,mom_long,none,top50,589,0.008024260747646826,1.9851755956548252,0.9022504038511484,0.49022792596454035,-0.9103430973076463,212,0.012602301249359424,1.670967113265743,1.2658602918840334,1.365399120235319,-0.6505042835686393,0.009025174928991884,0.027811623900895085,-0.009460230210968843,0.006379044939601761,0.0065162890962622375,0.004080950102274434,0.024153466137630187
xsec,3,14,0.1,mom_short,none,top50,579,-0.00650162348458379,-1.821900855512168,-0.835163032932865,-0.695448507223122,-0.9981464449973634,212,0.0048987478065912965,0.6891740241185685,0.5220916823578938,-0.10908177854813861,-0.7068594693817958,-0.012160455033646142,-0.01669300126087675,0.008907641410814158,-0.008566452315551894,-0.005404291004829135,0.001937840883207328,0.008912421636067345
xsec,3,14,0.1,mom_ls,none,top50,589,0.0008165106814855387,0.47854684965968813,0.21749667349941718,-0.002821138440831761,-0.5755033868898536,212,0.008750524527975359,2.3159780141385804,1.7544956939605683,1.4106821312484157,-0.3486133965242747,-0.0009715393153836906,0.005559311320009167,-0.00027629440007734284,-0.0010937036879750664,0.000555999045716551,0.0030093954927408813,0.016532943886848762
xsec,3,14,0.1,rev_long,none,top50,579,0.003701623484583791,1.0372779982319855,0.47549032999077495,-0.00893389101457398,-0.926096371494233,212,-0.0076987478065912995,-1.0830884168814674,-0.8205060462561876,-0.79363714861326,-0.9515739598374693,0.00936045503364614,0.013893001260876748,-0.011707641410814157,0.005766452315551896,0.0026042910048291322,-0.00473784088320733,-0.011712421636067345
xsec,3,14,0.1,rev_short,none,top50,589,-0.010824260747646829,-2.677886344051627,-1.2170832850637978,-0.8543310838000163,-0.9999705256830405,212,-0.015402301249359426,-2.0422253322661734,-1.5471112116281918,-0.9375960547740287,-0.9972872139472699,-0.011825174928991888,-0.030611623900895092,0.006660230210968843,-0.009179044939601762,-0.00931628909626224,-0.006880950102274434,-0.026953466137630187
xsec,3,14,0.1,rev_ls,none,top50,589,-0.003592741581315761,-2.105053701508658,-0.9567342840964393,-0.4106358806353515,-0.9458307632564179,212,-0.011550524527975364,-3.0570465545279455,-2.315900662015237,-0.7991173025606378,-0.9560709792552973,-0.0016912057826555273,-0.008359311320009171,-0.0025237055999226573,-0.0017062963120249332,-0.0033559990457165535,-0.005809395492740882,-0.01933294388684877
xsec,3,14,0.1,mom_long,btc,top50,331,0.013662745920900122,2.3772412016442925,1.441269036924693,0.7579626886008888,-0.7728162481675208,93,0.00736649156692291,0.6480228395972889,0.7411986906658785,0.10381374031561785,-0.507429145173534,0.013144758144567932,0.04508618040838999,-0.04095132799618612,0.011180894422470602,0.0050846911995178785,0.0021598220358214817,0.01599468678989099
xsec,3,14,0.1,mom_short,btc,top50,248,-0.0091095534177228,-1.5573560062072906,-1.090806875244194,-0.486436043114714,-0.9630641221346151,119,0.003590674997479186,0.3804660301788122,0.3847053368503559,-0.12673100107435276,-0.6208554300836009,-0.043704122691011274,-0.016259326456078516,0.004607830767785529,-0.0028971322164824285,-0.021110038061262746,-0.004086116921657498,0.012523669230656419
xsec,3,14,0.1,mom_ls,btc,top50,579,0.0019544038447518878,0.9407616224364375,0.4312470283351324,0.08924368337215571,-0.6861476127323867,212,0.0026235236802449376,0.7228332194380697,0.5475905916263429,0.16333794247593691,-0.36968229520256946,-0.00022476972327441843,0.009972289617213742,-0.002177313346989693,0.0033216743231395647,-0.0016445168640543582,-0.0005583680529034175,0.006936754696290486
xsec,3,14,0.1,rev_long,btc,top50,331,0.0017476457703285812,0.39272819972605844,0.23810246675887772,-0.09780488856779634,-0.807045322160534,93,-0.00937251839029389,-0.863086244322957,-0.9871849495635935,-0.5428069783023152,-0.8174183199910763,-0.0005532690872400465,0.01419416431976441,-0.02926520153651439,0.008462836265109325,-0.004775517853013168,-0.011384966736851276,-0.00603760398742737
xsec,3,14,0.1,rev_short,btc,top50,258,-0.003590390234674573,-0.6494516256814298,-0.4459875755018931,-0.326703061517413,-0.9098040190194135,119,-0.019494152513784602,-1.928915505259918,-1.9504082634082591,-0.8444115361438566,-0.977233787248709,-0.0028135866449192845,-0.00573626253010243,-0.0010518753690843682,0.0009171514089942604,-0.012363023081641259,-0.008621972412497422,-0.032145416631646044
xsec,3,14,0.1,rev_ls,btc,top50,589,-0.00029528856584658676,-0.1697175362060129,-0.07713560247147143,-0.13081396280904134,-0.7294642527000708,212,-0.007527000847730422,-2.0347435448981366,-1.5414432978396266,-0.668081673980871,-0.8887719287547793,-0.0006311941605108838,0.0030129782972045742,-0.0033010189469123504,0.0030153780111146313,-0.0036005159097709095,-0.0049677635456443,-0.01099618919055828
xsec,3,14,0.2,mom_long,none,all,589,0.008946377538651636,2.623827236251657,1.1925137447414633,0.9252255412433479,-0.8564035851955738,212,0.0073562773026628015,1.4578059723369237,1.104377625988157,0.7780494166009397,-0.6028181439185029,0.016140275168155575,0.023688545787810614,-0.008279065974045492,0.00660025234223995,0.007741977314947252,-0.0008748358396631075,0.018514008451149037
xsec,3,14,0.2,mom_short,none,all,586,-0.0062758903522046735,-1.8738292140339838,-0.8538213346253063,-0.6805930277735806,-0.9980774948323403,212,-0.001769842359999896,-0.31791908982322337,-0.2408432509797273,-0.4725836885199892,-0.7913699164739181,-0.009064195581449545,-0.020126665089325736,0.009702616934712362,-0.007752488509809103,-0.0046764868793336065,0.003236309075037518,-0.008555958749717282
xsec,3,14,0.2,mom_ls,none,all,589,0.0013512263360559208,1.1089851447266352,0.5040270980988366,0.11337971623410414,-0.37596608503738926,212,0.0027932174713314536,1.4807180616688893,1.1217349419156684,0.34256025463212114,-0.17983527586708226,0.0036713367871978615,0.0017809403492424394,0.0007117754803334355,-0.0005761180837845764,0.0015327452178068226,0.0011807366176872051,0.004979024850715879
xsec,3,14,0.2,rev_long,none,all,586,0.003475890352204674,1.0378168707890099,0.4728873789976363,0.01723800476546633,-0.9201572368639135,212,-0.0010301576400001033,-0.18504855951311502,-0.14018565757418253,-0.40391567225591485,-0.8364161543218879,0.006264195581449546,0.017326665089325736,-0.012502616934712362,0.004952488509809104,0.0018764868793336074,-0.00603630907503752,0.005755958749717282
xsec,3,14,0.2,rev_short,none,all,589,-0.011746377538651634,-3.445021762166098,-1.5657417323655294,-0.8390519660573161,-0.9999440850066563,212,-0.010156277302662803,-2.0126867298996993,-1.5247339047879676,-0.7963375073239166,-0.9677087870706317,-0.01894027516815558,-0.02648854578781062,0.005479065974045491,-0.00940025234223995,-0.010541977314947253,-0.001925164160336893,-0.021314008451149037
xsec,3,14,0.2,rev_ls,none,all,589,-0.004144095606004988,-3.4007339800073995,-1.5456132009520767,-0.4179375516946128,-0.9451723383264243,212,-0.005593217471331454,-2.9650316230818485,-2.246193695879679,-0.51789585907885,-0.7512428711094756,-0.006430160316609628,-0.004580940349242441,-0.0035117754803334353,-0.002223881916215422,-0.004332745217806823,-0.003980736617687206,-0.007779024850715879
xsec,3,14,0.2,mom_long,btc,all,331,0.015252194869769543,3.216002830420533,1.9497917581696211,1.1590128961117254,-0.7077726448903439,93,0.007463997684963983,0.8887616589456854,1.0165520992037147,0.2570597757296256,-0.45782223381397713,0.017017324372062832,0.042832384425602485,-0.03625382739688965,0.011944211162880768,0.007999983847892404,-0.0033468827076906754,0.025379170907077416
xsec,3,14,0.2,mom_short,btc,all,255,-0.005555293063284917,-1.0427265246194235,-0.7202547578324263,-0.3727395782540681,-0.9246098363645389,119,-0.001795807392365125,-0.2717882457124553,-0.27481662047367766,-0.26164201458854563,-0.5359216583512896,-0.024443409628808026,-0.010774448674739439,0.005649178894229287,-0.000977365276219058,-0.017551812923773735,-0.002099522539752274,-0.001442393402678261
xsec,3,14,0.2,mom_ls,btc,all,586,0.003098870964808928,1.738344784174371,0.7920870549709463,0.2915235147126565,-0.614904789431828,212,0.0011331384552127365,0.433780769782138,0.32861559481977104,0.051758946040522336,-0.37788298239811857,0.002436130438429118,0.010431185429944291,-0.0012970177290609892,0.0038897027668747097,-8.410674037748451e-05,-0.001346264916353298,0.004494107470002251
xsec,3,14,0.2,rev_long,btc,all,331,0.004031033278713852,0.9404586359313619,0.5701793791638656,0.07307080595403614,-0.7539296322656178,93,-0.001063381713671743,-0.11185717170808021,-0.12794053565016394,-0.23925169180921357,-0.7437894539472079,-0.00010719309531325439,0.023821259821677335,-0.029054155600018245,0.008174803218467785,-0.004173365117451514,-0.011924123270667634,0.0169344185807786
xsec,3,14,0.2,rev_short,btc,all,258,-0.0036563560789616084,-0.7588068192388949,-0.5210833266166303,-0.2909851334286443,-0.8800215339555097,119,-0.010072092466074486,-1.6308873232587182,-1.649059330643392,-0.5756422599146878,-0.8393225147701442,-0.01702173003460846,0.0010785818506096729,-0.001371896007059201,0.0018357636396202294,-0.009992886488422954,-0.004165456634486876,-0.016945268706467342
xsec,3,14,0.2,rev_ls,btc,all,589,0.00033186090567248786,0.20716742666811697,0.09415635311316417,-0.047655504951908956,-0.6593360836575959,212,-0.0030600790161187164,-1.1296105751653305,-0.8557494405736198,-0.3733324510424606,-0.6907697370682429,-0.0027068572440166593,0.007250245080701852,-0.0034087932093944248,0.0030658208506592864,-0.003016851958184307,-0.003927001534040503,-0.0018849173807136273
xsec,3,14,0.2,mom_long,none,top50,589,0.009077159620690757,2.625467861870284,1.1932593992468958,0.9338075473917526,-0.8565288623769647,212,0.005065333216798763,0.8895331105892851,0.6738760051419317,0.2434158058558078,-0.6753674247447659,0.016140275168155575,0.023688545787810614,-0.008279065974045492,0.006604040686240904,0.008369618763282724,-0.0026837819229199324,0.015569689295084111
xsec,3,14,0.2,mom_short,none,top50,586,-0.006300442124586599,-1.8633978108122355,-0.8490682042150733,-0.6838534950002042,-0.9982899641275043,212,0.0036494811172013896,0.6279447086194493,0.4757067124956843,-0.014620386208571645,-0.6101599180549472,-0.009064195581449545,-0.020126665089325736,0.009636251382750257,-0.0076742093829928045,-0.00480568782704839,0.0036244973909462324,0.0036833479461250477
xsec,3,14,0.2,mom_ls,none,top50,589,0.001404404016620636,1.1292056128574246,0.5132171796095083,0.11806795354106203,-0.37596608503738926,212,0.004357407167000077,1.9452733837559353,1.473664151619909,0.592962229962857,-0.26719314147470463,0.0036713367871978615,0.0017809403492424394,0.0006785927043523828,-0.00053508434837595,0.0017819654681171667,0.0004703577340131505,0.009626518620604579
xsec,3,14,0.2,rev_long,none,top50,586,0.0035004421245865983,1.0352791221390014,0.47173103885571416,0.012603711247699101,-0.911224950777955,212,-0.0064494811172013935,-1.109724207586353,-0.8406842948456236,-0.7044113334367488,-0.9244211802832379,0.006264195581449546,0.017326665089325736,-0.012436251382750256,0.004874209382992805,0.0020056878270483893,-0.006424497390946235,-0.006483347946125048
xsec,3,14,0.2,rev_short,none,top50,589,-0.011877159620690757,-3.4353368429643254,-1.5613399946652515,-0.8435426116488083,-0.999950168799737,212,-0.007865333216798763,-1.381246607618428,-1.0463792016028899,-0.7572715515656072,-0.962273822666681,-0.01894027516815558,-0.02648854578781062,0.005479065974045491,-0.009404040686240903,-0.011169618763282724,-0.0001162180770800681,-0.01836968929508411
xsec,3,14,0.2,rev_ls,none,top50,589,-0.0041972732865697025,-3.3743917494658944,-1.5336408151357113,-0.42291955914420465,-0.9461266117174649,212,-0.007157407167000078,-3.195274879087052,-2.420617113873499,-0.609416840512859,-0.8439190815868647,-0.006430160316609628,-0.004580940349242441,-0.003478592704352383,-0.0022649156516240487,-0.004581965468117167,-0.0032703577340131513,-0.012426518620604579
xsec,3,14,0.2,mom_long,btc,top50,331,0.015243552993047551,3.174569604901919,1.9246717051440423,1.1456554853469543,-0.7029597998440484,93,0.004909462551104865,0.5195888713741742,0.5942978667023987,0.056075344002448846,-0.5638463664349304,0.017017324372062832,0.042832384425602485,-0.03625382739688965,0.01190694972510031,0.008002332964796247,-0.004961102264792898,0.021266398531735446
xsec,3,14,0.2,mom_short,btc,top50,255,-0.005954980646611328,-1.1070577780804272,-0.7646910412572897,-0.38757413403034047,-0.9331215919540915,119,0.004094715704846796,0.5736399207142147,0.5800316491473804,0.07124712812997003,-0.5420472468540398,-0.024443409628808026,-0.010774448674739439,0.0055665605540315645,-0.0013726105472827697,-0.019562304483706397,-0.0007790981223984811,0.00976606270382312
xsec,3,14,0.2,mom_ls,btc,top50,586,0.003009467556154309,1.669199146104772,0.7605804371116772,0.27505846848671034,-0.6295897890151929,212,0.002226064118230003,0.7741699810954745,0.58648134392189,0.18023927226669856,-0.4266203625220366,0.002436130438429118,0.010431185429944291,-0.0013302005050420417,0.0038133804384884186,-0.0004046567163379542,-0.0013836320130798808,0.007119207762894512
xsec,3,14,0.2,rev_long,btc,top50,331,0.003766583142362108,0.870522622020106,0.527778712649038,0.050657771472744306,-0.7371965427338045,93,-0.005879772343762647,-0.6098324244423957,-0.6975170733229092,-0.4174282600480925,-0.7602348035319044,-0.00010719309531325439,0.023821259821677335,-0.029054155600018245,0.00787131126826953,-0.004928144095959589,-0.011283637267740402,0.003075203815971923
xsec,3,14,0.2,rev_short,btc,top50,258,-0.003966011534450063,-0.8092523442885653,-0.555724978930945,-0.3060634391957827,-0.8922606650444774,119,-0.007987148106794836,-1.1422308753207544,-1.1549580745608934,-0.5323370965755404,-0.8338724266731516,-0.01702173003460846,0.0010785818506096729,-0.001371896007059201,0.0017456654980275888,-0.011951278283138557,-0.0021800396369024443,-0.01474451068994235
xsec,3,14,0.2,rev_ls,btc,top50,589,0.0001897351818622596,0.11695193947818988,0.05315395517471357,-0.06558191205250707,-0.6627789280433551,212,-0.0035313430487700754,-1.2269440829969496,-0.9294855552198421,-0.4158800867771627,-0.7041678833690623,-0.0027068572440166593,0.007250245080701852,-0.0034087932093944248,0.0029484647868643693,-0.003586622184455121,-0.0032539897470930316,-0.003907310857710066
xsec,7,14,0.1,mom_long,none,all,252,0.020726604986949105,2.150895157731885,0.9783998640409921,0.6628574366123026,-0.8944434036174791,91,0.03689161345163671,2.515753833833277,1.9043416204265977,3.2690821303408937,-0.546007365551272,0.04506455902337853,0.05513600101227039,-0.026606155572987764,0.014137190071193665,0.019645731021879862,0.008533117418686557,0.07644425265548824
xsec,7,14,0.1,mom_short,none,all,248,-0.0109289531265655,-1.2138712437950925,-0.5566012727270158,-0.7079700163412028,-0.998157677735404,91,-0.003824402372111913,-0.3032289780067373,-0.22953420782739428,-0.4524998217967259,-0.7865744550017987,-0.03988185923979959,-0.019457533650271516,0.02065140715399309,-0.01953370321718697,-0.003104516551847296,0.007110049082443277,-0.019075084663991524
xsec,7,14,0.1,mom_ls,none,all,252,0.004985563653418516,1.1890263125099096,0.5408646620077945,0.1537445855727244,-0.41548176970040984,91,0.016533605539762398,2.370199142878235,1.7941615812247231,1.1109587159586503,-0.21286019388472543,0.004404161675416727,0.01783923368099944,-0.002977374209497336,-0.0026982565729966527,0.008270607235016282,0.00782158325056492,0.02868458399574835
xsec,7,14,0.1,rev_long,none,all,248,0.008128953126565494,0.9028771857855881,0.4139999141533962,-0.0784534946054456,-0.9271860200367683,91,0.001024402372111915,0.08122275172411789,0.0614829100342194,-0.271062010227508,-0.7770990388212928,0.037081859239799585,0.016657533650271512,-0.023451407153993097,0.016733703217186965,0.00030451655184729167,-0.009910049082443284,0.01627508466399152
xsec,7,14,0.1,rev_short,none,all,252,-0.02352660498694911,-2.4414640398735328,-1.1105739282951126,-0.8626160809996455,-0.9999746994299202,91,-0.039691613451636715,-2.706694540288626,-2.0488773573681303,-0.9362422825309835,-0.9959776253053262,-0.047864559023378536,-0.0579360010122704,0.02380615557298776,-0.016937190071193667,-0.022445731021879863,-0.011333117418686561,-0.07924425265548823
xsec,7,14,0.1,rev_ls,none,all,252,-0.0077633414311962965,-1.8511117638937136,-0.8420342998159522,-0.4009441476793727,-0.9419746748711055,91,-0.019333605539762398,-2.7715972277725744,-2.098006523899062,-0.6806559252516442,-0.8784872755364508,-0.0070768889481440025,-0.020639233680999444,0.00017737420949733284,-0.00010174342700334884,-0.011070607235016286,-0.010621583250564923,-0.03148458399574836
xsec,7,14,0.1,mom_long,btc,all,146,0.034344404191543304,2.581611070456462,1.5428077047919762,0.9364453306462861,-0.635064413550328,41,0.05577734107205885,2.289352300965543,2.5817733517650328,1.8340122727037067,-0.30753777170187113,0.05530902479022058,0.08010493461751605,-0.0652892842510081,0.02313416683339565,0.019417365502522738,0.02114617336498819,0.11580469843098133
xsec,7,14,0.1,mom_short,btc,all,102,-0.009358111448535112,-0.7081567870552854,-0.5063219417280665,-0.3168582912452741,-0.8273147677604568,50,-0.002081922040591602,-0.13371733199890398,-0.1365526437477018,-0.21200997693894785,-0.6270670165939339,-0.07193195624878325,0.004976270101438134,0.007629581925856524,-0.01600065255633411,-0.03462808998328709,0.0043916468552563336,-0.009681329005282657
xsec,7,14,0.1,mom_ls,btc,all,248,0.008184991218174884,1.702932551340288,0.7808525247544877,0.3092700590818842,-0.5639045372399772,91,0.011993268582004576,1.6936144421306283,1.28200956219577,0.6648762355772955,-0.2539971830565616,0.016520926554197454,0.024882256204549983,-0.004598924365171503,0.005170045631838153,0.0008743294506963016,0.006305424269637867,0.019926314596621298
xsec,7,14,0.1,rev_long,btc,all,146,0.009226390463271651,0.7544596791013916,0.45087589652561455,-0.022782195752098056,-0.8088849290679156,41,0.0031493783861610736,0.1515191722644959,0.1708728538936475,-0.11832525043564501,-0.5544131298893082,0.030283353813651537,0.03320946522401031,-0.06685749124778166,0.0184497563953155,-0.015006933400566323,-0.012733005241445109,0.030678843340678448
xsec,7,14,0.1,rev_short,btc,all,106,-0.004770013629677854,-0.35041785872807724,-0.24577104217148601,-0.31429017956434957,-0.9090592076743419,50,-0.024205316802890557,-1.3733546812154918,-1.4024749800182577,-0.6190029365015797,-0.8958163488754106,-0.017131161722852402,-0.02107709902357443,0.01220121696958166,0.0015859973803986577,-0.02291589532643864,0.0008127883073816762,-0.05357439671494927
xsec,7,14,0.1,rev_ls,btc,all,252,0.0016695070692297786,0.36683738540256405,0.16686710494131915,-0.04665244943952851,-0.6440838107310426,91,-0.005940336957757824,-0.8818758766490281,-0.6675505820034986,-0.3435316933660778,-0.6068231845375345,0.009214862464762776,0.005643022523550544,-0.003021550155674169,0.006468302204834805,-0.008796277784319982,-0.0029161589809270534,-0.010158269399127057
xsec,7,14,0.1,mom_long,none,top50,252,0.021634677546681736,2.18597200380184,0.994355630784184,0.6908899774872619,-0.8898524866591575,91,0.030992320254519146,1.419406039631174,1.0744429606754857,1.098845119267414,-0.5988609763366466,0.04506455902337853,0.05513600101227039,-0.026606155572987764,0.014735590488046233,0.02344798993296234,-0.0026378477014713654,0.07789755450892696
xsec,7,14,0.1,mom_short,none,top50,248,-0.011240566526439033,-1.2483330697834458,-0.5724031926618226,-0.7130126969165367,-0.9984057604699093,91,0.003529892211481422,0.20264439257779956,0.1533950364070259,-0.5152184456053751,-0.9115413533475244,-0.03988185923979959,-0.019457533650271516,0.020782678199392033,-0.02132283071134119,-0.0029328163178734845,-0.004753919022807622,0.01508362893298983
xsec,7,14,0.1,mom_ls,none,top50,252,0.005286266355569281,1.2217427871816333,0.5557467422689585,0.16352742054465863,-0.448429403205443,91,0.017261106233000287,1.4432011738514223,1.0924550824696957,0.8039913872473621,-0.3196317039175327,0.004404161675416727,0.01783923368099944,-0.0029117386867978665,-0.0032936201116474796,0.010257586807544425,-0.0036958833621394942,0.046490591720958395
xsec,7,14,0.1,rev_long,none,top50,248,0.00844056652643903,0.9373760920214931,0.42981883664352827,-0.06269904794638215,-0.9164879695425889,91,-0.00632989221148143,-0.36338706267188514,-0.27507186850480236,-0.6297833268003956,-0.8674829660346295,0.037081859239799585,0.016657533650271512,-0.023582678199392033,0.018522830711341188,0.00013281631787348135,0.0019539190228076183,-0.017883628932989837
xsec,7,14,0.1,rev_short,none,top50,252,-0.02443467754668174,-2.4688845453656474,-1.1230469764346187,-0.874444008490577,-0.9999841456527083,91,-0.03379232025451915,-1.547642224541782,-1.1715134692784255,,-1.0548002937043286,-0.047864559023378536,-0.0579360010122704,0.02380615557298776,-0.017535590488046236,-0.026247989932962342,-0.00016215229852863504,-0.08069755450892697
xsec,7,14,0.1,rev_ls,none,top50,252,-0.008064044133347062,-1.863354356261956,-0.8476032140726699,-0.414775116149916,-0.9474004586388958,91,-0.020061106233000284,-1.6773091871060042,-1.2696670287739886,-0.7734100889003965,-0.9501180637570774,-0.0070768889481440025,-0.020639233680999444,0.00011173868679786308,0.0004936201116474772,-0.01305758680754443,0.0008958833621394917,-0.0492905917209584
xsec,7,14,0.1,mom_long,btc,top50,146,0.036255880086069864,2.6393482032974607,1.577312241288227,1.001886635826632,-0.668376474270322,41,0.04338351280152224,1.1087642079080724,1.250387668232898,0.6506266882957752,-0.3909230411382306,0.05530902479022058,0.08010493461751605,-0.0652892842510081,0.023561486608389286,0.02696363088755416,0.011478760559954747,0.09868508335357257
xsec,7,14,0.1,mom_short,btc,top50,102,-0.009789716720300497,-0.7364962623620359,-0.5265842599422791,-0.3249332752216445,-0.837292938800886,50,-0.0032610576009735647,-0.12426067660235714,-0.1268954715912903,-0.5321921811268497,-0.884228016561698,-0.07193195624878325,0.004976270101438134,0.007800234284875146,-0.015964681345450586,-0.037655227787159684,-0.0199004676427404,0.016272162882839683
xsec,7,14,0.1,mom_ls,btc,top50,248,0.008658885861079737,1.758295454055573,0.8062382996220498,0.3314477794678463,-0.562441927703389,91,0.00887731398249304,0.7796526464193069,0.5901710112033257,0.19380578095076983,-0.42786902182817244,0.016520926554197454,0.024882256204549983,-0.004533288842472033,0.005319735080970818,0.0029191173911796244,-0.0022534419980676174,0.024401789429064485
xsec,7,14,0.1,rev_long,btc,top50,146,0.009454173925248137,0.7755303789355438,0.4634680481558527,-0.013182406785604117,-0.7759126055506832,41,-0.014611538324231415,-0.6646651901820386,-0.7495634792137884,-0.43827919327028153,-0.7154769178150844,0.030283353813651537,0.03320946522401031,-0.06685749124778166,0.021125360403345197,-0.016732354967208388,-0.01377518915943027,-0.016061210209886732
xsec,7,14,0.1,rev_short,btc,top50,106,-0.004296040086769793,-0.3107845665323879,-0.21797361323057024,-0.31191564928867577,-0.9090592076743419,50,-0.023631542365976612,-0.994870592106425,-1.0159656007800641,-0.7097220773373711,-0.9362848392790699,-0.017131161722852402,-0.02107709902357443,0.01220121696958166,0.0006353721126600539,-0.019009905614685053,0.01343161861988169,-0.06714047047981028
xsec,7,14,0.1,rev_ls,btc,top50,252,0.0018351768727949012,0.4015559222902496,0.182659883891286,-0.03962918806364668,-0.6086399706073238,91,-0.009783792250507243,-1.200262769074328,-0.908558824737619,-0.4939396519452658,-0.7440888058544143,0.009214862464762776,0.005643022523550544,-0.003021550155674169,0.007213355192618296,-0.008738469416364802,4.244136407187431e-05,-0.02348880229189391
xsec,7,14,0.2,mom_long,none,all,252,0.021034312331452004,2.589806704379356,1.1780520860575878,0.92900060384282,-0.8696440504974037,91,0.018583038547391323,1.733490471070779,1.3121943841552215,1.028278334574253,-0.5437065350392531,0.04389349697386497,0.05395500212038062,-0.023917512385682793,0.016816080483031362,0.01794129210296017,7.657531697554629e-05,0.04439468463191859
xsec,7,14,0.2,mom_short,none,all,251,-0.01032292257516266,-1.315892182868795,-0.5997646410331847,-0.6072678253478985,-0.9938824175855506,91,-0.004061312288509751,-0.3566179513618427,-0.269947877346505,-0.41602702232159783,-0.7786748784933419,-0.03272498971611202,-0.019075015381050445,0.01732657818674642,-0.013157997018288655,-0.007860469798426748,0.008702986516157144,-0.021864150095018835
xsec,7,14,0.2,mom_ls,none,all,252,0.005376176867381108,1.856149231990229,0.8443257448838464,0.24316375871360374,-0.28129458066335356,91,0.00726086312944079,1.7907126594948013,1.355509669443575,0.40429782751211185,-0.15056165220412,0.005956128512014114,0.017439993369665084,-0.0032954670994681887,0.0018290417323713537,0.005040411152266711,0.004389780916566345,0.01126526726844988
xsec,7,14,0.2,rev_long,none,all,251,0.007522922575162652,0.9589682511813021,0.437083870867042,-0.014306079839444763,-0.920970255473334,91,0.0012613122885097457,0.11075400570117548,0.08383708288514954,-0.20987732679601478,-0.7692482131230373,0.029924989716112006,0.016275015381050438,-0.020126578186746423,0.010357997018288654,0.0050604697984267455,-0.011502986516157146,0.019064150095018835
xsec,7,14,0.2,rev_short,none,all,252,-0.023834312331452008,-2.934550980208108,-1.3348694703858137,-0.8178106173425276,-0.9998918088679369,91,-0.021383038547391327,-1.9946842100074909,-1.50990932007728,-0.760017730511251,-0.9567489336279696,-0.046693496973864976,-0.05675500212038062,0.02111751238568279,-0.019616080483031366,-0.020741292102960177,-0.0028765753169755484,-0.0471946846319186
xsec,7,14,0.2,rev_ls,none,all,252,-0.008170621311825556,-2.820527857203536,-1.2830025964267675,-0.3737141931363418,-0.9150065430646404,91,-0.01006086312944079,-2.481263542661167,-1.878233622061908,-0.4328566717776693,-0.6638777931944914,-0.008724310330195937,-0.020239993369665095,0.0004954670994681846,-0.004629041732371355,-0.007840411152266715,-0.007189780916566348,-0.014065267268449883
xsec,7,14,0.2,mom_long,btc,all,146,0.03586127530669135,3.1982535838344104,1.9113220916525713,1.2056861178512648,-0.6350270469601826,41,0.03222213558975019,1.693465546872586,1.9097734408128766,0.8050241051039702,-0.3096861968379657,0.04899565584565183,0.08953460248440036,-0.05659966289783621,0.02570930220586599,0.017791064354935434,0.006611579194887035,0.07661376667417967
xsec,7,14,0.2,mom_short,btc,all,105,-0.008409858150443088,-0.6764271188558092,-0.4766765346013967,-0.2946114554156113,-0.8639186574464826,50,-0.0010049084214472299,-0.07263773295854978,-0.07417792684803824,-0.15531557102297067,-0.480287063391304,-0.049782927472610185,0.009716710467378821,0.004858597780708221,-0.00977912652230782,-0.0363150300726161,0.003980715567520342,-0.006857597451974374
xsec,7,14,0.2,mom_ls,btc,all,251,0.008670739221076518,2.054824072521312,0.936559118054258,0.3848343678933914,-0.5457499507597612,91,0.006982759000590091,1.2119316409878473,0.9173917710098236,0.3319159418294224,-0.23805470786198846,0.01301194614163266,0.028650226892609296,-0.004662038880247171,0.007053657945443046,5.126674219487046e-05,0.0026356639565104914,0.01304581261470111
xsec,7,14,0.2,rev_long,btc,all,146,0.008898756579241794,0.8783152075756467,0.5248937320539447,0.05010644165950562,-0.8221067512731541,41,0.00498863407761038,0.2625114437944734,0.2960422691763491,-0.04829458305033918,-0.5635330352069561,0.02475591766868832,0.03577908772998639,-0.06168651287354041,0.011999162687765064,-0.008760316620465223,-0.01640688327051075,0.04207419748102034
xsec,7,14,0.2,rev_short,btc,all,106,-0.003412268988197819,-0.3005590720618057,-0.21080180286144196,-0.201533189690704,-0.7899717964504535,50,-0.010198978972657053,-0.8740859276121197,-0.892619845863179,-0.32505152003175664,-0.6656542225871833,-0.03138702035850438,-0.004232734916351473,0.011312867232036766,-0.001306506347783607,-0.02105058452536404,0.0034163913802725526,-0.026182239821748336
xsec,7,14,0.2,rev_ls,btc,all,252,0.0018601546583736778,0.4919755398186191,0.2237899878753793,0.00385651319355107,-0.5885294642139256,91,-0.001678104128850699,-0.31478444379033127,-0.23828130944726283,-0.14269082967456226,-0.39895490768123154,0.005360091580945072,0.009810233522944205,-0.0027665717807789847,0.0038246162130716912,-0.006389144410071841,-0.003154116960055855,0.0003805453462512295
xsec,7,14,0.2,mom_long,none,top50,252,0.020647250537700928,2.5213375298765635,1.1469068064823749,0.8803769878299645,-0.8721229134217969,91,0.01656500200328942,1.208061120361547,0.9144619161797297,0.596023440865846,-0.6659290065079054,0.04389349697386497,0.05395500212038062,-0.023917512385682793,0.0174653175962903,0.015416293989215263,-0.007844103437234823,0.05060928064402059
xsec,7,14,0.2,mom_short,none,top50,251,-0.010132005198481455,-1.2822567318702875,-0.5844340885329569,-0.6050372622607205,-0.9942051646777783,91,0.00662835355334029,0.5257974237394435,0.3980110869649021,-0.05613308789197324,-0.6322197495280565,-0.03272498971611202,-0.019075015381050445,0.017251780645274835,-0.013288145492348516,-0.006733980291607185,0.006227982507679021,0.007186765801236272
xsec,7,14,0.2,mom_ls,none,top50,252,0.005277725854527361,1.776300171884537,0.8080039793759487,0.23379310369167228,-0.2826627496476092,91,0.011596677778314853,1.799768169652354,1.3623643881586205,0.6647907158512052,-0.2639219214188303,0.005956128512014114,0.017439993369665084,-0.0033328658702039804,0.002088586051970893,0.004341156848804039,-0.000808060464777901,0.02889802322262843
xsec,7,14,0.2,rev_long,none,top50,251,0.007332005198481447,0.927902506926254,0.42292455356572817,-0.030002815301718,-0.9161443630472532,91,-0.009428353553340298,-0.7479088085083699,-0.5661419862196836,-0.5769395921631619,-0.8431764545632584,0.029924989716112006,0.016275015381050438,-0.02005178064527484,0.010488145492348515,0.003933980291607182,-0.009027982507679024,-0.009986765801236275
xsec,7,14,0.2,rev_short,none,top50,252,-0.02344725053770094,-2.8632593305910765,-1.302440302445283,-0.8157346539318305,-0.9998867689112969,91,-0.01936500200328942,-1.412260983201324,-1.0690343916188991,-0.8006465191108796,-0.9714540803214535,-0.046693496973864976,-0.05675500212038062,0.02111751238568279,-0.020265317596290303,-0.018216293989215267,0.00504410343723482,-0.0534092806440206
xsec,7,14,0.2,rev_ls,none,top50,252,-0.00807217029897181,-2.71643366372907,-1.2356521970468781,-0.372453311776792,-0.9117411950210846,91,-0.014396677778314857,-2.234319424016764,-1.69130517273205,-0.578368706774335,-0.8047413748266703,-0.008724310330195937,-0.020239993369665095,0.0005328658702039769,-0.004888586051970894,-0.007141156848804042,-0.001991939535222103,-0.031698023222628435
xsec,7,14,0.2,mom_long,btc,top50,146,0.03593790893968744,3.183167319073147,1.9023063240272438,1.2036913477837898,-0.6469066046980754,41,0.03363114408111921,1.33577512684103,1.5063948982313637,0.7021787022919477,-0.41015069002787463,0.04899565584565183,0.08953460248440036,-0.05659966289783621,0.027340675625248497,0.016479362661765157,0.0015388884212916608,0.08925772055815363
xsec,7,14,0.2,mom_short,btc,top50,105,-0.00951165973089204,-0.7552827855349561,-0.5322459298525518,-0.31448857267327734,-0.8820597493597959,50,0.008168765386070765,0.47649928188279134,0.4866028637597245,0.008238788297978417,-0.5690470694100022,-0.049782927472610185,0.009716710467378821,0.0047613609767951605,-0.01122613930512098,-0.041444469865721624,-0.0005409110597132219,0.018393168170251974
xsec,7,14,0.2,mom_ls,btc,top50,251,0.008462570584563149,1.9862148319029855,0.9052880176505004,0.3675944105765596,-0.5610389196093823,91,0.00982041305840344,1.334433781073328,1.0101217992100193,0.4746320590744184,-0.30161385162792775,0.01301194614163266,0.028650226892609296,-0.004699437650982963,0.007366146910544622,-0.0012286374476489146,0.0002396839654842088,0.023183008898527625
xsec,7,14,0.2,rev_long,btc,top50,146,0.007778144062158764,0.765445855535561,0.4574413927162719,0.013771363063772801,-0.8249111723973127,41,-0.0075498025378153205,-0.401031746662372,-0.4522558962672652,-0.29120050666679254,-0.6140344959612525,0.02475591766868832,0.03577908772998639,-0.06168651287354041,0.011489691354716176,-0.012925400358676972,-0.016057218135355586,0.00719638449792113
xsec,7,14,0.2,rev_short,btc,top50,106,-0.002386532361379908,-0.2082212384289022,-0.1460392200233726,-0.18612765963381916,-0.7899717964504535,50,-0.005370765499468993,-0.38427948373151055,-0.39242765808376906,-0.25521230021726116,-0.6381103134048312,-0.03138702035850438,-0.004232734916351473,0.011312867232036766,6.630187509421382e-05,-0.01602762319278901,0.014079577078778839,-0.02820377635219471
xsec,7,14,0.2,rev_ls,btc,top50,252,0.0017512631007319643,0.46079646480662034,0.20960724045368184,-0.0027427940755551106,-0.5673631460981945,91,-0.0031762647199114168,-0.5584090843711008,-0.42269702476091636,-0.2147882416139606,-0.4535501549210208,0.005360091580945072,0.009810233522944205,-0.0027665717807789847,0.003877560858573729,-0.006969794296452955,-0.0003522555697378918,-0.007115014324100807
xsec,14,14,0.1,mom_long,none,all,126,0.0469668078748312,2.214354093443124,1.0072660846230936,0.7763519886678967,-0.9146962146202796,45,0.042144258552699536,1.7521998645516657,1.3337050632689573,1.195131481479652,-0.4633449830827554,0.10250441182102654,0.11717071558214835,-0.059591058688031176,0.051571925551177705,0.0317222918687877,-0.006669184574520619,0.10894160177942186
xsec,14,14,0.1,mom_short,none,all,124,-0.022325289961731633,-1.0810658007637661,-0.495705457792636,,-1.3520848077866159,45,-0.018187980966993398,-0.5734464615141149,-0.4364847097113168,-0.7586144089015772,-0.971798828145413,-0.13467069111904523,-0.008300356366380159,0.02776353603934808,-0.01828294157333876,-0.004061858594776006,0.028378027768886198,-0.08190988765819707
xsec,14,14,0.1,mom_ls,none,all,126,0.012497943797515908,1.218668665057865,0.5543483846330095,0.13051314218992927,-0.6948101322035769,45,0.011978138792853064,0.7647245136884749,0.5820779789714089,0.16516021974680628,-0.48994816600878,-0.009961744598143644,0.0544351796078841,-0.01591376132434155,0.016644491988919475,0.013830216637005847,0.010854421597182789,0.01351585706061239
xsec,14,14,0.1,rev_long,none,all,124,0.01952528996173162,0.9454803616797859,0.43353492006620314,-0.07067214515046938,-0.9541524398844832,45,0.015387980966993405,0.4851656295100916,0.36928884066958034,-0.08525810909746967,-0.8130325713967287,0.1318706911190452,0.005500356366380161,-0.030563536039348086,0.015482941573338753,0.0012618585947759965,-0.031178027768886205,0.07910988765819707
xsec,14,14,0.1,rev_short,none,all,126,-0.0497668078748312,-2.346366289761949,-1.0673158338941322,-0.9771836538698937,-0.9999999963085079,45,-0.04494425855269954,-1.868613340294981,-1.422314385283329,-0.8028142032863983,-0.9651095581548015,-0.10530441182102654,-0.11997071558214835,0.05679105868803117,-0.05437192555117771,-0.03452229186878771,0.003869184574520616,-0.11174160177942186
xsec,14,14,0.1,rev_ls,none,all,126,-0.01527572157529369,-1.4894219698364022,-0.6775087328404562,-0.42906055745000893,-0.9503582633187874,45,-0.014778138792853064,-0.943485895181677,-0.7181440547871609,-0.40747651776833693,-0.6397722137994756,0.007289017325416369,-0.057235179607884094,0.013113761324341543,-0.019444491988919475,-0.016630216637005858,-0.013654421597182791,-0.016315857060612393
xsec,14,14,0.1,mom_long,btc,all,75,0.076257652911002,2.5509204237409624,1.5040029692265684,1.0369946518302813,-0.6708561376134892,19,0.0777411952958526,1.7292050210949488,2.025592600394582,0.9301896379374186,-0.25963748541953446,0.15116065777432358,0.1713801765153145,-0.13884660664240087,0.06925293638287075,0.012634769112541338,0.016453449211767106,0.18280590286857054
xsec,14,14,0.1,mom_short,btc,all,49,-0.009344049396084242,-0.34415924261466424,-0.2510405118165039,-0.2723044537461957,-0.869273881050761,26,-0.04396659850688044,-0.8882517926470997,-0.8894710818863379,-0.778547364475808,-0.9506151338596586,-0.05776907950294522,0.013088254961436108,0.0019816278085068757,0.015386948744915616,-0.05589158017630534,-0.00534739654132652,-0.08902233413336001
xsec,14,14,0.1,mom_ls,btc,all,124,0.021215586886762186,1.993360452548622,0.9140236005784758,0.4337472834936893,-0.5769397726464836,45,0.0037105683271367517,0.21112527115638205,0.16070018541939887,-0.09734398323117222,-0.545878280151028,0.05468735515943492,0.05524933411268064,-0.017966833041061066,0.02737527754786449,-0.0055429451283374115,0.002357266133896807,0.005562455538938785
xsec,14,14,0.1,rev_long,btc,all,75,0.028006367131287912,0.9566006553667444,0.5640043541325942,0.040885992762505374,-0.8416909675351526,19,-0.01988802198232571,-0.6143880794891801,-0.7196948495996689,-0.2840562717380827,-0.5956718137619357,0.1510960940230702,0.018868238446265333,-0.10054300123734565,0.027887638006379833,-0.026177405771916004,-0.07052435613080105,0.06691712227220345
xsec,14,14,0.1,rev_short,btc,all,51,-0.006692035762815307,-0.24096964194193835,-0.17228983642577733,-0.4017431793454863,-0.9469525145702936,26,-0.018931112471164614,-0.7514620502375813,-0.7524935703528629,-0.3437360371126761,-0.6782156133470361,0.024445577387765594,-0.033235578089082486,0.02759164628378971,-0.006380610436582321,-0.0705765015194753,0.02368858496276724,-0.06865409281075176
xsec,14,14,0.1,rev_ls,btc,all,126,0.006980887741837354,0.6739011877972415,0.30654438369425785,0.014701718838884492,-0.7086626005198859,45,-0.009667570465716315,-0.9798982855064633,-0.7458597225739058,-0.2676635720275121,-0.4914512063419141,0.05827752201581175,-0.0005858454952034526,-0.00345307171671952,0.009330785558945013,-0.020773161765343266,-0.009897155463285984,-0.009353401521673606
xsec,14,14,0.1,mom_long,none,top50,126,0.04750890031145258,2.216117548250136,1.008068245498867,0.7700554358260987,-0.9146962146202796,45,0.08532617965851476,1.728543615816373,1.3156988646871062,2.5284964839065474,-0.5579929927860168,0.10250441182102654,0.11717071558214835,-0.059591058688031176,0.05494221744516884,0.030979063321500175,0.0003315192961254959,0.20163466225967902
xsec,14,14,0.1,mom_short,none,top50,124,-0.024179664763094987,-1.158519731694619,-0.5312207208439621,,-1.3520848077866159,45,0.004023614867146309,0.10610443603251717,0.08076248973348364,,-1.5795400943354867,-0.13467069111904523,-0.008300356366380159,0.02776353603934808,-0.018180446674404226,-0.013008294854058834,-0.009856641743098722,0.023017650228534244
xsec,14,14,0.1,mom_ls,none,top50,126,0.011856519875473202,1.1365464544948285,0.516992607732034,0.10615780763959481,-0.6948101322035769,45,0.04467489726283054,1.601263329095149,1.218818157018603,0.9512535338598995,-0.644846484147481,-0.009961744598143644,0.0544351796078841,-0.01591376132434155,0.01838088538538231,0.008985384233720674,-0.004762561223486612,0.11232615624410663
xsec,14,14,0.1,rev_long,none,top50,124,0.021379664763094976,1.0243633949328295,0.4697054751639094,-0.03673755691133851,-0.9550709706719406,45,-0.006823614867146327,-0.1799416273891936,-0.13696443219576976,-0.5465680494026943,-0.8108753819224274,0.1318706911190452,0.005500356366380161,-0.030563536039348086,0.01538044667440422,0.010208294854058829,0.0070566417430987065,-0.025817650228534262
xsec,14,14,0.1,rev_short,none,top50,126,-0.05030890031145258,-2.3467273728181985,-1.0674800834680234,-0.9778075197112436,-0.9999999968581331,45,-0.08812617965851474,-1.7852662083859185,-1.358873853135757,,-1.1557739292287343,-0.10530441182102654,-0.11997071558214835,0.05679105868803117,-0.057742217445168845,-0.03377906332150019,-0.0031315192961255027,-0.20443466225967902
xsec,14,14,0.1,rev_ls,none,top50,126,-0.01463429765325098,-1.402724182494848,-0.6380716161392037,-0.4229119264585931,-0.9483162942698178,45,-0.04747489726283056,-1.701622537423911,-1.29520760721867,-0.8630790820915077,-0.9755998423243837,0.007289017325416369,-0.057235179607884094,0.013113761324341543,-0.021180885385382313,-0.011785384233720683,0.0019625612234866006,-0.11512615624410664
xsec,14,14,0.1,mom_long,btc,top50,75,0.07421743177125005,2.4696505108057374,1.4560868565851124,0.9639327587972635,-0.6708561376134892,19,0.11851033847321946,1.1730407574821993,1.3741011906226295,0.9304088319280142,-0.458348224201806,0.15116065777432358,0.1713801765153145,-0.13884660664240087,0.06961616687455092,0.0032278300052871077,0.01160369492928901,0.30177887026281447
xsec,14,14,0.1,mom_short,btc,top50,49,-0.00922799079310814,-0.34265878405388,-0.24994603042993108,-0.2694975806846719,-0.8667205161181819,26,-0.02679843726513801,-0.44790413433283416,-0.4485189652802334,,-1.5795400943354867,-0.05776907950294522,0.013088254961436108,0.0019816278085068757,0.01856499536396114,-0.05773151959713749,-0.05733526780582245,0.008827865032327173
xsec,14,14,0.1,mom_ls,btc,top50,124,0.02062151545960264,1.9356284049797725,0.8875514921747094,0.41223057419830855,-0.5927812510003414,45,0.01727707846775091,0.6251440112702111,0.47583483481017147,-0.040449085167713394,-0.6695164312466485,0.05468735515943492,0.05524933411268064,-0.017966833041061066,0.027935810349311457,-0.008936741659314549,-0.01275864250250089,0.058378591374411246
xsec,14,14,0.1,rev_long,btc,top50,75,0.031148091756819724,1.046158727275159,0.6168071012566809,0.07688843304035942,-0.844813502253255,19,-0.04900115989027224,-1.3332553004602232,-1.5617766766250873,-0.5057493209815838,-0.7805365670700586,0.1510960940230702,0.018868238446265333,-0.10054300123734565,0.02891824110959146,-0.013468706480512231,-0.048335088663412316,-0.050142996279174956
xsec,14,14,0.1,rev_short,btc,top50,51,-0.011031648164691623,-0.38496601920259393,-0.2752451800292701,-0.4369510592254655,-0.9608882074122423,26,-0.06387621744776903,-1.429539179662143,-1.4315014855682613,-0.8428250187213921,-0.9729401438573405,0.024445577387765594,-0.033235578089082486,0.02759164628378971,-0.017912926136846034,-0.0861980595854582,0.006530345532300365,-0.1460172075911833
xsec,14,14,0.1,rev_ls,btc,top50,126,0.007037669941913518,0.6644345604759866,0.30223820128887763,0.00869150889480741,-0.7286636290617239,45,-0.02879781879507964,-1.930624969698052,-1.46951517886266,-0.6005199270357756,-0.8329910195519936,0.05827752201581175,-0.0005858454952034526,-0.00345307171671952,0.008154924963929146,-0.019322125893035225,-0.009396081279014283,-0.05534756486969538
xsec,14,14,0.2,mom_long,none,all,126,0.04361588088478443,2.581427291402166,1.174240456054073,0.9595581270233791,-0.8585491423149373,45,0.023063207686207107,1.2014889076029913,0.9145257181843301,0.48602606748517063,-0.47204312940009585,0.0852124468188942,0.10783556389623189,-0.04651133137642695,0.044787016483857515,0.033155180283536166,-0.003817992572578065,0.05984800804033418
xsec,14,14,0.2,mom_short,none,all,126,-0.025032821754102104,-1.496281764621478,-0.6806291184440693,-0.6897594234723112,-0.9979610309733925,45,-0.016000967062891957,-0.6344938076216575,-0.48295152907932,-0.5784434824556426,-0.8897318154693482,-0.09137818387763091,-0.037503938216475685,0.020627728907601506,-0.01460803787568171,-0.012508656496558865,0.021524043885893906,-0.06735098204544104
xsec,14,14,0.2,mom_ls,none,all,126,0.009291529565341159,1.5049876378756242,0.6845892488007699,0.18690697075764584,-0.41667493496763175,45,0.0035311203116575756,0.3541341890217483,0.2695529034844444,0.032759842587589016,-0.3466147525199099,-0.0030828685293683654,0.0351658128398781,-0.012941801234412721,0.015089489304087898,0.010323261893488651,0.008853025656657923,-0.003751487002553429
xsec,14,14,0.2,rev_long,none,all,126,0.022232821754102093,1.3289179339636894,0.6044986066558364,0.12951829341080168,-0.8835257164331033,45,0.01320096706289195,0.5234641020821255,0.3984401194809494,0.008776804964637508,-0.7266485044731756,0.08857818387763093,0.03470393821647568,-0.023427728907601517,0.011808037875681708,0.009708656496558858,-0.024324043885893914,0.06455098204544103
xsec,14,14,0.2,rev_short,none,all,126,-0.04641588088478441,-2.747146664009118,-1.249622936248308,-0.8421694457453432,-0.9999342496659712,45,-0.02586320768620711,-1.3473562555912033,-1.0255541599239208,-0.6016430154686394,-0.8768578471816149,-0.08801244681889421,-0.11063556389623189,0.04371133137642694,-0.04758701648385751,-0.03595518028353618,0.0010179925725780615,-0.0626480080403342
xsec,14,14,0.2,rev_ls,none,all,126,-0.012091529565341165,-1.958515268220847,-0.8908900395545662,-0.30677953718990014,-0.8809429101144939,45,-0.00633112031165758,-0.634944708557808,-0.4832947369939779,-0.19865756901824094,-0.4474557512197437,0.0002828685293683552,-0.037965812839878106,0.01014180123441271,-0.017889489304087902,-0.01312326189348866,-0.01165302565665793,0.0009514870025534174
xsec,14,14,0.2,mom_long,btc,all,75,0.06977013205127221,2.9646675932485462,1.7479451030764033,1.1161844830376695,-0.6220886391026461,19,0.05103750955766071,1.4613815616837222,1.7118639152604487,0.5514858890745915,-0.234575555711509,0.11382676700864156,0.17158431816347908,-0.12232239003311991,0.06052008138688169,0.02191516029250422,0.01105200114237886,0.11958409541242958
xsec,14,14,0.2,mom_short,btc,all,51,-0.01445643619024362,-0.5651120937569257,-0.4040470385023393,-0.27984063096524014,-0.8384412360581955,26,-0.02954065659530238,-0.8167393624398152,-0.8178604876929568,-0.5385674637943234,-0.8124553954022455,-0.08335852127818764,0.01571499692432187,-0.005969705259271888,0.02216685543963881,-0.04844674171420252,-0.006791400298255931,-0.056081455608523234
xsec,14,14,0.2,mom_ls,btc,all,126,0.017839212929138856,2.01092107103232,0.9147284075760799,0.3863729357365675,-0.5517367649984073,45,0.002240617890196572,0.1723383902148467,0.13117714952225135,-0.04335208237610433,-0.39520487976456786,0.030024480556116798,0.055817289612670844,-0.018647714041500105,0.025097106431311998,-0.0012204413549086726,0.0007220078756339104,0.004318715804861273
xsec,14,14,0.2,rev_long,btc,all,75,0.02942476393752587,1.3267213342722615,0.7822246462535444,0.19371642850076531,-0.7156225798962643,19,-0.005327029139353883,-0.15623251351565293,-0.18301093245609792,-0.16314519781193204,-0.5365346171722971,0.09158555735242216,0.06796577267947417,-0.09562076450340073,0.025356682781326106,-0.009317388618664253,-0.057358728767402056,0.08387017022301443
xsec,14,14,0.2,rev_short,btc,all,51,-0.00795374681642005,-0.35285436923414903,-0.2522858110571477,-0.208746397395972,-0.7393598600603805,26,-0.005420448626298715,-0.2580956856251186,-0.2584499695058622,-0.15442436224465694,-0.47227180653004364,-0.011707592979567928,-0.00863755706863641,0.01578094134501374,-0.004882983175649023,-0.05718632915548542,0.01376370147111257,-0.02780195707327855
xsec,14,14,0.2,rev_ls,btc,all,126,0.007147683363797691,0.8894918275360585,0.40461232152503446,0.0821444495467003,-0.5958334773821017,45,-0.002690502421461002,-0.2894488022058867,-0.2203169517753054,-0.11342395921383375,-0.3429192350223488,0.03170734908548516,0.01925147677279274,-0.007105912807087387,0.008607617127224094,-0.012943703248397328,-0.009531017781024014,0.006670202807414696
xsec,14,14,0.2,mom_long,none,top50,126,0.043583990793377936,2.5839101225473025,1.1753698470641862,0.9534124386045335,-0.8585491423149373,45,0.03892276238638665,1.3328811559310612,1.0145362879912607,0.8274688212136552,-0.6562117375742275,0.0852124468188942,0.10783556389623189,-0.04651133137642695,0.04803604033790098,0.02975161214036902,-0.010059153622040668,0.10595064745055036
xsec,14,14,0.2,mom_short,none,top50,126,-0.02609779294424056,-1.5481623337693389,-0.7042285680119238,-0.7002165648649872,-0.9984886763545286,45,0.016701546841714224,0.6709564065326656,0.5107054136511577,-0.09240696990869568,-0.7279299231311634,-0.09137818387763091,-0.037503938216475685,0.020627728907601506,-0.015132371758510812,-0.017145336842862256,0.01627263323596677,0.01728848124957915
xsec,14,14,0.2,mom_ls,none,top50,126,0.008743098924568702,1.4094267430733558,0.6411204789976118,0.16996794299073215,-0.41667493496763175,45,0.027812154614050434,1.921722492260182,1.4627389660146106,0.8227657969948816,-0.3317369207511609,-0.0030828685293683654,0.0351658128398781,-0.012941801234412721,0.016451834289695086,0.00630313764875338,0.0031067398069630514,0.06161956435006476
xsec,14,14,0.2,rev_long,none,top50,126,0.02329779294424054,1.382061907429999,0.628672753976371,0.15173308825956777,-0.8774819888497196,45,-0.019501546841714224,-0.783441672484154,-0.5963247381230503,-0.5667152905935766,-0.8048771426501237,0.08857818387763093,0.03470393821647568,-0.023427728907601517,0.012332371758510803,0.01434533684286225,-0.019072633235966772,-0.020088481249579154
xsec,14,14,0.2,rev_short,none,top50,126,-0.046383990793377954,-2.7499102572626346,-1.2508800404143505,-0.8405637922595722,-0.9999294365314071,45,-0.04172276238638666,-1.4287650811149604,-1.0875193301036337,-0.8768721464152703,-0.9825107235062992,-0.08801244681889421,-0.11063556389623189,0.04371133137642694,-0.05083604033790098,-0.032551612140369036,0.007259153622040661,-0.10875064745055037
xsec,14,14,0.2,rev_ls,none,top50,126,-0.011543098924568708,-1.8607992958321684,-0.8464409673828979,-0.2973220656001203,-0.8710676995357401,45,-0.030612154614050445,-2.1151926873241127,-1.6100008075251506,-0.6135227641636116,-0.809786215028425,0.0002828685293683552,-0.037965812839878106,0.01014180123441271,-0.019251834289695086,-0.009103137648753392,-0.0059067398069630565,-0.06441956435006475
xsec,14,14,0.2,mom_long,btc,top50,75,0.06814993950790384,2.930891460052182,1.728030955953842,1.075299887017065,-0.6220886391026461,19,0.06585259307857716,1.1106459657739698,1.3010118652704963,0.5547390965000991,-0.4514748200099272,0.11382676700864156,0.17158431816347908,-0.12232239003311991,0.06417078185668247,0.010687057370219378,-0.01234793746397217,0.1999106454372332
xsec,14,14,0.2,mom_short,btc,top50,51,-0.018346731443745396,-0.7132689860335789,-0.5099770906449514,-0.3098720328767175,-0.8695694145427826,26,0.011890700894463478,0.32499486787839954,0.3254409832124659,-0.2220246930812828,-0.7279299231311634,-0.08335852127818764,0.01571499692432187,-0.005969705259271888,0.020497820729428382,-0.06919361004277116,-0.007236891236370034,0.034206225047102586
xsec,14,14,0.2,mom_ls,btc,top50,126,0.016569691108975288,1.8759620822239944,0.8533382204130684,0.3442051494872458,-0.5517367649984073,45,0.017337305463877965,1.0636042924170335,0.8095734161434567,0.3454667750267233,-0.3639649615655818,0.030024480556116798,0.055817289612670844,-0.018647714041500105,0.026206338468903186,-0.008481971444061749,-0.004797917824554741,0.04762761101647008
xsec,14,14,0.2,rev_long,btc,top50,75,0.02856851476457725,1.2757042562330907,0.7521453712835903,0.17213415993465775,-0.6960225086760343,19,-0.02608480971689945,-0.809278497232443,-0.9479896921733916,-0.332249294664572,-0.588351207112578,0.09158555735242216,0.06796577267947417,-0.09562076450340073,0.02545928478038314,-0.013209631321795406,-0.04650041178702639,0.008913365260461012
xsec,14,14,0.2,rev_short,btc,top50,51,-0.010257595624957533,-0.4427830902075087,-0.31658355620718925,-0.23343723562202268,-0.7777396918701296,26,-0.02204327072670898,-0.826565856841326,-0.8277004707684928,-0.3862475721917733,-0.6670627460112042,-0.011707592979567928,-0.00863755706863641,0.01578094134501374,-0.007041741929779772,-0.06856243781731836,0.0052973389003850915,-0.0539406486249854
xsec,14,14,0.2,rev_ls,btc,top50,126,0.006426592184406588,0.7873157912059695,0.3581344540686664,0.059300171611067265,-0.6096760821742586,45,-0.011874849150172478,-1.1686223624428536,-0.8895090071463747,-0.31174254660926703,-0.5254493449407038,0.03170734908548516,0.01925147677279274,-0.007105912807087387,0.0083545041792081,-0.016185109092815137,-0.009304657631517796,-0.015391953333594674
xsec,1,30,0.1,mom_long,none,all,1768,0.002401619357207506,1.8057240488583213,0.8204586233084618,0.33665800932866863,-0.9573740119016735,637,0.0017285933779748813,0.9548369920377398,0.7227797092888827,0.29098635804183526,-0.6815770164197563,0.004677407734552495,0.009226540262087001,-0.005799377650281385,0.0018738127764883904,0.00239137385876487,-0.0013529098899966855,0.0058636988662455515
xsec,1,30,0.1,mom_short,none,all,1737,-0.00276125387945478,-2.2081625965546805,-1.012226195387063,-0.7624313912324086,-0.9994158611783139,637,-0.0008454362003388943,-0.438027008909561,-0.3315718146661601,-0.5233907703221582,-0.8545148047335358,-0.0029747905887602378,-0.006202052331507293,0.0017484649852064192,-0.00419293303273697,-0.002238458600454406,0.0013106856754257048,-0.0037387615115671256
xsec,1,30,0.1,mom_ls,none,all,1768,-0.00015560943582298658,-0.2761372886398057,-0.12546724391514283,-0.1428606395377805,-0.7761244668451157,637,0.00044157858881799353,0.517567506425194,0.39178131445559644,0.0800321767954435,-0.45353128607900295,0.0010015015830778342,0.0015122439652898538,-0.0020254563325374834,-0.0011595601281242896,7.64576291552324e-05,-2.1112107285490266e-05,0.0010624686773392127
xsec,1,30,0.1,rev_long,none,all,1737,-3.87461205452196e-05,-0.03098510237908528,-0.014203633529431294,-0.38819575280591756,-0.9757611268629741,637,-0.0019545637996611037,-1.0126745631962175,-0.7665608187520644,-0.685429480232206,-0.9228995587111358,0.00017479058876023972,0.003402052331507295,-0.004548464985206418,0.0013929330327369712,-0.0005615413995455933,-0.004110685675425703,0.0009387615115671273
xsec,1,30,0.1,rev_short,none,all,1768,-0.005201619357207505,-3.910981620850169,-1.7770149311885204,-0.9099894548275684,-0.9999970273876351,637,-0.004528593377974881,-2.5014954553704167,-1.8935485041918323,-0.8712239595097121,-0.984866392976207,-0.007477407734552494,-0.012026540262087002,0.0029993776502813866,-0.0046738127764883895,-0.005191373858764868,-0.0014470901100033134,-0.00866369886624555
xsec,1,30,0.1,rev_ls,none,all,1768,-0.0026198430528647947,-4.648134158440621,-2.11195157698564,-0.6418823617022198,-0.9956697427913032,637,-0.0032415785888179915,-3.7994046577003378,-2.8760224172954287,-0.7193497504716801,-0.9024466043942274,-0.0036601335049019374,-0.004312243965289854,-0.0007745436674625155,-0.0016404398718757088,-0.002876457629155231,-0.0027788878927145085,-0.003862468677339211
xsec,1,30,0.1,mom_long,btc,all,1015,0.005345216947555542,3.0370430383748954,1.8212281630415723,1.1567287342074875,-0.7302765944886009,287,0.001663655104250304,0.5680442351482966,0.6406010417492729,0.08003347279929884,-0.5413297695210414,0.005962904686369531,0.01386743404533636,-0.011569324396460958,0.003922874021249128,0.003221223986656887,-0.0007635866894924244,0.0055693078087272405
xsec,1,30,0.1,mom_short,btc,all,723,-0.0030925240814202665,-1.3904405646927513,-0.987938051265681,-0.5077858106055635,-0.9710622677003072,350,-0.0017547152896493264,-0.6384526811990742,-0.651990285943312,-0.4623307667027797,-0.7750154631320707,-0.012572270641475616,-0.006337538352335692,0.0014383666336159838,-0.001958359292995035,-0.007090142002296964,-0.0007145199948122621,-0.00296185550834913
xsec,1,30,0.1,mom_ls,btc,all,1738,0.0009175777591777967,1.323940208335222,0.6067222447841424,0.1904446018941679,-0.6464251247385713,637,-0.00010728519345166934,-0.10701965116370374,-0.08101030123604816,-0.1439418072951536,-0.5707170769167998,0.0009740326325878182,0.0030864688537963784,-0.0005103107668568151,0.0010349413515313053,1.8830085197589524e-05,-0.00036915699049981415,0.00024412365185190685
xsec,1,30,0.1,rev_long,btc,all,1014,-0.0002749476550827417,-0.19080789040451407,-0.11447846162213869,-0.2362051459686727,-0.8745122410402658,287,-0.0030634407378445573,-1.146611122986801,-1.2930688041836933,-0.49391368712598926,-0.8409310832995487,-0.002491176092549587,0.0033187224337411572,-0.005878741971739299,0.002420836953018261,-0.0027284988082736925,-0.006261751585056991,0.0020829321708518127
xsec,1,30,0.1,rev_short,btc,all,753,-0.0012338218084648029,-0.609897460710865,-0.4246252047765968,-0.34109238963423694,-0.9182748178817148,350,-0.004581842762429033,-2.0276624624920623,-2.0706565539576856,-0.667819697778268,-0.8960142090382597,-0.004377931750726974,-0.004480914398674377,0.0016543562803949317,-0.00021933180961722053,-0.003333390829059732,-0.0008922485861243017,-0.008863594028757985
xsec,1,30,0.1,rev_ls,btc,all,1767,-0.00034178402490885594,-0.5723798311705194,-0.26014320091392473,-0.20671985211452037,-0.7999645098977932,637,-0.0019488637822696624,-2.255377152740088,-1.7072451700005329,-0.5506151179749554,-0.806916108301367,-0.0015230521136538212,0.00017422488850652473,0.00011514556568066877,0.0007945014796555959,-0.0014576275439576421,-0.0017480448832143233,-0.002218345025487305
xsec,1,30,0.1,mom_long,none,top50,1768,0.0024393135929846694,1.8073858726047132,0.8212136986058239,0.3334606105233979,-0.9561449415328885,637,0.0007628513206274494,0.3100764674908843,0.234717528645483,-0.3418863836816124,-0.8052795884482912,0.004677407734552495,0.009226540262087001,-0.005799377650281385,0.002074474904962276,0.0023733458040136606,-0.0010985656467972877,0.0032607086482378516
xsec,1,30,0.1,mom_short,none,top50,1737,-0.0028011728158494715,-2.219103381418461,-1.0172414732721662,-0.7678725475440424,-0.9994824773421023,637,0.0022482647552052835,0.9951914506393905,0.7533266865214724,0.23412664883324585,-0.6865268765323846,-0.0029747905887602378,-0.006202052331507293,0.0017484649852064192,-0.004474228884551498,-0.002147382662217458,0.0012978415700570939,0.0035236488088048767
xsec,1,30,0.1,mom_ls,none,top50,1768,-0.0001563718180807791,-0.2728959907340786,-0.12399451012774777,-0.14594476971996928,-0.8108542853955694,637,0.001505558037916367,1.1645150969011118,0.8814990309544197,0.42298841377924545,-0.48449961340733216,0.0010015015830778342,0.0015122439652898538,-0.0020254563325374834,-0.001199876989794611,0.00011298157089810126,9.963796162990298e-05,0.0033921787285213644
xsec,1,30,0.1,rev_long,none,top50,1737,1.172815849472318e-06,0.0009291106934278642,0.00042590621893935974,-0.38498793451046764,-0.9680537546012044,637,-0.005048264755205282,-2.234607785098568,-1.6915234524390725,-0.9131100433525954,-0.9910361961408818,0.00017479058876023972,0.003402052331507295,-0.004548464985206418,0.0016742288845514996,-0.0006526173377825403,-0.004097841570057092,-0.006323648808804876
xsec,1,30,0.1,rev_short,none,top50,1768,-0.005239313592984668,-3.882018858641208,-1.763855252651703,-0.9127357045591894,-0.9999975761320736,637,-0.003562851320627449,-1.4481935363062926,-1.0962341340919994,-0.8686620365201703,-0.9923717816174775,-0.007477407734552494,-0.012026540262087002,0.0029993776502813866,-0.0048744749049622746,-0.0051733458040136605,-0.0017014343532027107,-0.006060708648237852
xsec,1,30,0.1,rev_ls,none,top50,1768,-0.002619080670607002,-4.569878209863497,-2.0763947775533684,-0.6430075893205681,-0.9957537439501912,637,-0.004305558037916366,-3.3302517800486524,-2.5208893596648703,-0.8296354452522443,-0.9718462873224767,-0.0036601335049019374,-0.004312243965289854,-0.0007745436674625155,-0.0016001230102053875,-0.0029129815708981003,-0.0028996379616299016,-0.0061921787285213635
xsec,1,30,0.1,mom_long,btc,top50,1015,0.005307609766126276,2.970172978777233,1.7811280939069911,1.1208321900872331,-0.6761436456336924,287,-0.0016296282195585989,-0.4486232402768771,-0.5059262946296335,-0.43765430681258366,-0.71116424450534,0.005962904686369531,0.01386743404533636,-0.011569324396460958,0.004116627541231305,0.002878893278568951,-0.0006270381562608343,-0.00324288677595591
xsec,1,30,0.1,mom_short,btc,top50,723,-0.003172029880834978,-1.4133070853529144,-1.004185208054594,-0.5159191501091571,-0.9734235450262545,350,0.0015935431384973254,0.48503168402227487,0.4953161850042328,-0.07556640170735629,-0.7301999464374473,-0.012572270641475616,-0.006337538352335692,0.0014383666336159838,-0.0015277722253305723,-0.00803704647803369,-0.001113349031356485,0.004734874792401748
xsec,1,30,0.1,mom_ls,btc,top50,1738,0.0008900593523516918,1.2683700087328786,0.581256082465353,0.1748846421635255,-0.6358722917877087,637,7.06725270492513e-05,0.05803391431746057,0.04392973467623275,-0.13739750126302763,-0.49107329460438576,0.0009740326325878182,0.0030864688537963784,-0.0005103107668568151,0.0011691275060202882,-0.0002456642794260413,-0.000438760782949571,0.0007542870790697302
xsec,1,30,0.1,rev_long,btc,top50,1014,-0.00026325485474670303,-0.1809093241230032,-0.10853964725880287,-0.23763719479346923,-0.8450279094826174,287,-0.0058467057511905965,-1.9357373803482572,-2.1829908758432732,-0.6951257537566438,-0.9198519178054563,-0.002491176092549587,0.0033187224337411572,-0.005878741971739299,0.0030295989477931258,-0.003283178646822991,-0.006658880174948351,-0.0045398432693258455
xsec,1,30,0.1,rev_short,btc,top50,753,-0.001373017954553421,-0.6691057333753062,-0.4658474208443658,-0.3592032650194309,-0.9288103100715558,350,-0.0055246845435800085,-1.6520528830428394,-1.687082634825241,-0.7805487838624658,-0.9625722510459618,-0.004377931750726974,-0.004480914398674377,0.0016543562803949317,-0.00043501265220351665,-0.004041456325584557,-0.0012574962371125391,-0.010476730232566948
xsec,1,30,0.1,rev_ls,btc,top50,1767,-0.00036808798599091187,-0.6089931621592017,-0.27678374029148933,-0.21622176117686265,-0.7895789268466513,637,-0.0028348855108671148,-2.4815453235810816,-1.8784469208061725,-0.6958035740098312,-0.9007023087384695,-0.0015230521136538212,0.00017422488850652473,0.00011514556568066877,0.0009690044958149001,-0.0017586458503241417,-0.0019383987445794734,-0.004037891649451634
xsec,1,30,0.2,mom_long,none,all,1768,0.0018640051876769711,1.5834818016642545,0.7194794242502728,0.2399998093923823,-0.9431371490595307,637,0.001241705663877928,0.8215107841514026,0.6218562233114279,0.20556042675757125,-0.70787450177786,0.004226269921311653,0.007500680750107573,-0.005068670798452741,0.0022113210711471095,0.0008286351984904346,-0.001501642110588537,0.0049230363171141765
xsec,1,30,0.2,mom_short,none,all,1759,-0.0030014495968205424,-2.525355454705736,-1.1503659755805475,-0.775841225657776,-0.9996983119478707,637,-0.0014907469686511342,-0.8457179791818765,-0.6401802613752293,-0.5949515009088654,-0.8871106250772742,-0.0044502500151624574,-0.006353125677554605,0.001414332886975427,-0.003946713294393775,-0.001940343211130584,0.00034554267267018096,-0.00395488564174775
xsec,1,30,0.2,mom_ls,none,all,1768,-0.0005610827683807831,-1.4457415974402712,-0.6568950341252774,-0.21756545209677625,-0.7859293500547037,637,-0.0001245206523866031,-0.22205075782937445,-0.16808500668661552,-0.07861581925886163,-0.4706872953991269,-4.675836917872142e-05,0.0005737775362764842,-0.0018271689557386576,-0.0008676961116233328,-0.0005558540063200746,-0.0005780497189591782,0.00048407533768321303
xsec,1,30,0.2,rev_long,none,all,1759,0.00020144959682054345,0.169495379405316,0.07720961305572384,-0.31574089887538437,-0.9669808095339576,637,-0.0013092530313488645,-0.7427543715966659,-0.5622402496472048,-0.5716326512973569,-0.8819391297994551,0.0016502500151624586,0.0035531256775546056,-0.004214332886975427,0.0011467132943937764,-0.0008596567888694144,-0.0031455426726701794,0.0011548856417477518
xsec,1,30,0.2,rev_short,none,all,1768,-0.00466400518767697,-3.9620959138843492,-1.800239500037079,-0.8758011536376266,-0.9999838267085507,637,-0.004041705663877925,-2.6739869888907415,-2.0241188334650473,-0.8255623702059041,-0.9700775492543574,-0.007026269921311652,-0.010300680750107573,0.002268670798452743,-0.005011321071147108,-0.0036286351984904327,-0.0012983578894114613,-0.007723036317114175
xsec,1,30,0.2,rev_ls,none,all,1768,-0.0022317905347866364,-5.750058898816168,-2.6126281095099024,-0.5667709036501744,-0.9876965499404637,637,-0.0026754793476133957,-4.771033602120059,-3.6115130736488363,-0.6374794619594568,-0.8429488714212152,-0.0027121992855444047,-0.0033737775362764834,-0.0009728310442613415,-0.001932303888376666,-0.0022441459936799234,-0.0022219502810408203,-0.0032840753376832117
xsec,1,30,0.2,mom_long,btc,all,1015,0.0039060775807082224,2.605398930995327,1.562383492473038,0.7505662398216544,-0.7040422400589965,287,0.0019171028028044364,0.7627694549804492,0.8601986909477857,0.18090661994604162,-0.5703963744657659,0.003972924067679366,0.011364498413929306,-0.010853204756698475,0.004095124977918298,0.0010247330589605555,-0.0017837672096498354,0.007872139095571766
xsec,1,30,0.2,mom_short,btc,all,745,-0.003239152774124775,-1.5046118939400102,-1.053156194242273,-0.5233202402317139,-0.9837103219028748,350,-0.0017936152769856362,-0.7365163465350909,-0.7521332708282684,-0.4340948385533473,-0.7069446972795635,-0.010313837026364518,-0.0065879401619028935,0.000732374800807212,-0.0018330298076696552,-0.00582030983374769,-0.001590641429947813,-0.0020291651735480478
xsec,1,30,0.2,mom_ls,btc,all,1760,0.0004407670249136046,0.7004013122383465,0.31896060719439406,0.03329072247574261,-0.6036481096808569,637,-6.087664249615339e-05,-0.06945101041765622,-0.052572095067624544,-0.1055202569082504,-0.5481878244693075,2.740783699754518e-05,0.0022639081630733164,-0.0007288879276346027,0.0011136750912295397,-0.0005443135892028256,-0.0008421471026550816,0.0009875193794082913
xsec,1,30,0.2,rev_long,btc,all,1014,2.6805743672956774e-05,0.020253800710779476,0.012151614602812884,-0.16120181936742028,-0.8645859529485411,287,-0.0016786046268787462,-0.6579276825281578,-0.7419653835817767,-0.35366674978778334,-0.7845311037058893,-0.0005757413502012859,0.0034087043796589772,-0.007139834242131826,0.002119007698286872,-0.0025926063080620346,-0.005202054600874602,0.003990946694914586
xsec,1,30,0.2,rev_short,btc,all,753,-0.0019114109261541016,-1.0156044049441275,-0.7070880864445143,-0.3851549858565544,-0.9401076476198297,350,-0.0034878800099581884,-1.9111959787019361,-1.9517205414617815,-0.558648419385414,-0.7932865620811426,-0.007637114923958389,-0.004018502390224755,0.0009202490311589743,-0.0009160951868619174,-0.0031895842365529054,-0.0015639756688468325,-0.005720559121865194
xsec,1,30,0.2,rev_ls,btc,all,1767,-0.0003995787785256537,-0.723565325942821,-0.32885610168366736,-0.2101131739790214,-0.796614761331161,637,-0.0013363559901095495,-1.7531017064956265,-1.327039434312858,-0.4267082793714084,-0.729688756901735,-0.0013263079653590406,0.0002901306267968328,-0.00030171897189594466,0.0005813712028528732,-0.0013884595828827504,-0.0016640973836959028,-0.000896555958274921
xsec,1,30,0.2,mom_long,none,top50,1768,0.002064205380950791,1.7300483939547395,0.7860742201769784,0.31567806235218554,-0.9451600085231325,637,0.0005670119141242378,0.2995407884297339,0.2267423715113549,-0.1895012749320153,-0.8481519385355825,0.004226269921311653,0.007500680750107573,-0.005068670798452741,0.002341892243925154,0.0016655080499771203,-0.0021633675507081204,0.004230940240094129
xsec,1,30,0.2,mom_short,none,top50,1759,-0.003069602441636403,-2.5629979024741876,-1.1675131027581118,-0.7827775688947584,-0.9997518705683225,637,0.00026783734550144564,0.14050529842137383,0.10635781771485278,-0.27750199661613706,-0.7034828631033929,-0.0044502500151624574,-0.006353125677554605,0.001414332886975427,-0.004020856766506413,-0.0021939456338354625,0.0006315847724718694,-0.0002202796061316593
xsec,1,30,0.2,mom_ls,none,top50,1768,-0.0004948856282006318,-1.241484649090453,-0.5640877335024411,-0.2011181218111503,-0.7728862436088404,637,0.0004174246298128417,0.5234401734115247,0.3962267272040825,0.08165911988273011,-0.5340347307460287,-4.675836917872142e-05,0.0005737775362764842,-0.0018271689557386576,-0.0008394822612906293,-0.0002642187919291711,-0.0007658913891181255,0.002005330316981235
xsec,1,30,0.2,rev_long,none,top50,1759,0.00026960244163640374,0.2251074872248459,0.10254239404966066,-0.3034600149508496,-0.9645287141272997,637,-0.003067837345501444,-1.609362581349169,-1.218233717784137,-0.7879948127634366,-0.9546296920669405,0.0016502500151624586,0.0035531256775546056,-0.004214332886975427,0.001220856766506414,-0.0006060543661645363,-0.003431584772471868,-0.002579720393868339
xsec,1,30,0.2,rev_short,none,top50,1768,-0.00486420538095079,-4.076779754979493,-1.8523478753118834,-0.8857583462627728,-0.9999898623364605,637,-0.003367011914124237,-1.7787234770310256,-1.3464342587839133,-0.8086577032040269,-0.9704546203786186,-0.007026269921311652,-0.010300680750107573,0.002268670798452743,-0.005141892243925153,-0.004465508049977119,-0.0006366324492918779,-0.007030940240094129
xsec,1,30,0.2,rev_ls,none,top50,1768,-0.002297987674966788,-5.7642251186588656,-2.6190647503892066,-0.5779048407374581,-0.9892160341019097,637,-0.0032174246298128403,-4.034571000093711,-3.0540354834072354,-0.7136825303686651,-0.902048087002507,-0.0027121992855444047,-0.0033737775362764834,-0.0009728310442613415,-0.0019605177387093694,-0.0025357812080708275,-0.0020341086108818735,-0.004805330316981234
xsec,1,30,0.2,mom_long,btc,top50,1015,0.004222304552088523,2.771938192922094,1.6622523419561466,0.8529577543555269,-0.6644528117612871,287,0.00038920387077508287,0.12984636149567028,0.14643175530117605,-0.1371663503821724,-0.6921562525822007,0.003972924067679366,0.011364498413929306,-0.010853204756698475,0.00442937648841476,0.001963102617564862,-0.002198519068084265,0.004553085326939672
xsec,1,30,0.2,mom_short,btc,top50,745,-0.00330873481969929,-1.5308307634175955,-1.0715081459366342,-0.5292825270186159,-0.9845843251833408,350,-0.00026210378888412233,-0.09825325870648208,-0.10033659834992066,-0.2630795410814555,-0.6830468332309109,-0.010313837026364518,-0.0065879401619028935,0.000732374800807212,-0.0019452099752280338,-0.006164893061037955,-0.0013110524051188521,0.000955194605264821
xsec,1,30,0.2,mom_ls,btc,top50,1760,0.0005172249090039433,0.8138354456106812,0.3706181632623322,0.058889442523277324,-0.589201818124885,637,1.5671259656990072e-05,0.01573812660142309,0.011913236148771461,-0.10383637317600858,-0.5757184659025378,2.740783699754518e-05,0.0022639081630733164,-0.0007288879276346027,0.0012104725684280357,-0.0002731802645537963,-0.0008707064756346016,0.0012051119706181339
xsec,1,30,0.2,rev_long,btc,top50,1014,9.390853467698523e-05,0.07004831683942006,0.04202668733455715,-0.15331293614726005,-0.8499061812781263,287,-0.003714107021581407,-1.3706725789408243,-1.545749833615379,-0.5468268734528325,-0.8291771999378854,-0.0005757413502012859,0.0034087043796589772,-0.007139834242131826,0.0021756542904944687,-0.002379639580685808,-0.005494950814206645,-0.0008485674643571587
xsec,1,30,0.2,rev_short,btc,top50,753,-0.00195521380232556,-1.0280227063354055,-0.7157340049979427,-0.3918612511914298,-0.9433228078236372,350,-0.0035128145096705436,-1.4527640386391867,-1.4835681153090559,-0.5984867849006981,-0.8529233721592392,-0.007637114923958389,-0.004018502390224755,0.0009202490311589743,-0.0006038830167738354,-0.003799212248209874,-0.0006697272289492062,-0.006812199749026168
xsec,1,30,0.2,rev_ls,btc,top50,1767,-0.0003896583868106067,-0.6974353788973356,-0.31698019744325606,-0.20907906115593,-0.7901126808806112,637,-0.0018017533701558505,-1.9987134445907777,-1.5129593160714125,-0.5292815569734355,-0.7796993588597438,-0.0013263079653590406,0.0002901306267968328,-0.00030171897189594466,0.000649954829718666,-0.0014089614726246244,-0.0015048150865164752,-0.0022002183463631004
xsec,3,30,0.1,mom_long,none,all,589,0.008751561895218248,2.29691939385181,1.0439360907178268,0.7002866374259888,-0.9080745297533747,212,0.010753175387499888,1.7170943567152672,1.300804513941583,1.318868570304133,-0.6175937818015509,0.01441997033903544,0.02822772766163678,-0.013565756118712169,0.0072193911860867046,0.0083731649176118,-0.0006200884562340391,0.026170266375672543
xsec,3,30,0.1,mom_short,none,all,579,-0.0055229016173960034,-1.5445183944731722,-0.7080103523998803,-0.6604847305572317,-0.9966235743789987,212,9.534619017444205e-05,0.015356187951138519,0.011633256218946796,-0.4003507352181208,-0.8001718039997384,-0.009802018755903988,-0.015000610349314441,0.008599194989634178,-0.007787066304154665,-0.004694808313486989,0.005845765738060887,-0.00769966697473829
xsec,3,30,0.1,mom_ls,none,all,589,0.0016612138538295942,1.0205165699883771,0.4638186613940729,0.10965985858586969,-0.4879219918906087,212,0.005424260788837166,1.8066549756284283,1.3686521874826592,0.7282800276807957,-0.2677738906558682,0.002789466907051216,0.006613558656161169,-0.0024832805645389946,-0.0002838375590339802,0.0018391783020624056,0.002612838640913423,0.009235299700467126
xsec,3,30,0.1,rev_long,none,all,579,0.002722901617396001,0.7614786439726158,0.349063348803904,-0.11409336189383645,-0.91153782683991,212,-0.0028953461901744435,-0.4663162754441099,-0.35326324010667653,-0.5694755631271068,-0.8861314135696448,0.007002018755903987,0.012200610349314437,-0.01139919498963418,0.004987066304154666,0.0018948083134869885,-0.008645765738060888,0.004899666974738291
xsec,3,30,0.1,rev_short,none,all,589,-0.011551561895218252,-3.031802421565881,-1.3779360199883977,-0.8508649204921335,-0.9999646606386938,212,-0.013553175387499887,-2.164205468135591,-1.6395186618825153,-0.8953617979367425,-0.990794819370539,-0.017219970339035443,-0.031027727661636785,0.010765756118712168,-0.010019391186086704,-0.011173164917611804,-0.0021799115437659607,-0.02897026637567254
xsec,3,30,0.1,rev_ls,none,all,589,-0.004437444753659817,-2.725351648924092,-1.2386559814962126,-0.46040936282249767,-0.9665844604462186,212,-0.008224260788837165,-2.739249135217877,-2.0751495839275274,-0.6765990868139891,-0.8765858261985988,-0.005452212005090432,-0.009413558656161175,-0.0003167194354610057,-0.0025161624409660195,-0.004639178302062408,-0.0054128386409134244,-0.012035299700467126
xsec,3,30,0.1,mom_long,btc,all,331,0.014348715889443258,2.7237830803579284,1.6513697534368454,0.9184798163393635,-0.7018365070928356,93,0.0076458941822772734,0.7661062053924445,0.8762606526349662,0.19597573181539873,-0.5124038481303542,0.015123309246521766,0.04090317495743232,-0.035153123314073303,0.012231423009024462,0.007065819132672531,-0.0015047019874412722,0.02280973926352515
xsec,3,30,0.1,mom_short,btc,all,248,-0.008984115685153086,-1.4931844820154423,-1.045859708697581,-0.491225256531972,-0.9653905041143147,119,-0.0018488428243988032,-0.22198291118406246,-0.22445633472705007,-0.34472385286351737,-0.7009627641438494,-0.031401723002197277,-0.019786562174599103,0.0038691477188451157,-0.002564662950126467,-0.021206392218757926,-0.00081768080091037,-0.0030487404517308015
xsec,3,30,0.1,mom_ls,btc,all,579,0.0021773439287459,1.0915914180795614,0.5003877113777033,0.12741488513210109,-0.6364815244472461,212,0.0011581506199253029,0.3620437996302717,0.2742704307202573,0.010245413096668488,-0.43277799953568064,0.0019988790283053453,0.0080151659352671,-0.0019036823077497463,0.003731218312748238,-0.0009860094611464716,-0.0005721487152863013,0.003503667496545478
xsec,3,30,0.1,rev_long,btc,all,331,0.00012960527659915412,0.029870448867549502,0.01810979594416568,-0.18007651563412075,-0.8464231676652767,93,-0.005383071918499354,-0.5751921839952935,-0.6578960919394456,-0.3958268490364337,-0.8084393972642416,0.0002135402784975246,0.008877032692866755,-0.030713554678689522,0.007470892289607101,-0.0058636467745318875,-0.015998534332787792,0.012208265796607203
xsec,3,30,0.1,rev_short,btc,all,258,-0.004370717042162134,-0.8012856842425713,-0.5502541613084121,-0.3487879002954142,-0.9238829588662009,119,-0.01598155481679151,-1.9957019995592915,-2.0179389198887328,-0.7579418204408463,-0.9428080743901617,-0.0156814164789091,-0.012775083555691196,0.005479053948419646,0.000518727005731144,-0.013955464921456912,-0.0029815925564225148,-0.031108783628857245
xsec,3,30,0.1,rev_ls,btc,all,589,-0.0009208367150454249,-0.5397494353659658,-0.24531288169333706,-0.18908420549394866,-0.7659007430941445,212,-0.005666110168911861,-1.862640716624205,-1.4110648273698374,-0.5576424977916405,-0.8147587666550852,-0.002386556410932669,1.6072791059284108e-06,-0.0008204017432107512,0.0026150558717822187,-0.004225187763208878,-0.004584987356199725,-0.0071316322039216475
xsec,3,30,0.1,mom_long,none,top50,589,0.008720302997949805,2.244440511953591,1.0200847535917996,0.6644713211850422,-0.9087580985687835,212,0.0060397701459916795,0.7839878757354831,0.5939190025544399,0.032522454539641865,-0.7290776395453218,0.01441997033903544,0.02822772766163678,-0.013565756118712169,0.006405017619900389,0.00902994943414813,-0.0010421171789330751,0.015639661853111896
xsec,3,30,0.1,mom_short,none,top50,579,-0.005995909976613182,-1.667891324359133,-0.7645647527085663,-0.6802811490792859,-0.9974744351882645,212,0.009665966486265021,1.4593749043328192,1.1055661884071917,0.7824090856049268,-0.5967715380710634,-0.009802018755903988,-0.015000610349314441,0.008599194989634178,-0.00924944575600051,-0.005489266725891896,0.00786040502103381,0.012113505361356218
xsec,3,30,0.1,mom_ls,none,top50,589,0.0014130955766837045,0.8538447731643554,0.38806732920752823,0.07443168876486816,-0.565151864866108,212,0.00785286831612835,2.031804544972245,1.5392168247543694,1.1495900722451404,-0.35626545242478735,0.002789466907051216,0.006613558656161169,-0.0024832805645389946,-0.0014222140680500608,0.0017703413541281167,0.003409143921050368,0.013876583607234058
xsec,3,30,0.1,rev_long,none,top50,579,0.003195909976613179,0.8890110999359666,0.40752448426991006,-0.06826639051745198,-0.8855218358190069,212,-0.012465966486265022,-1.8821210144024436,-1.425822350265279,-0.8771205159863159,-0.9841785452025396,0.007002018755903987,0.012200610349314437,-0.01139919498963418,0.00644944575600051,0.0026892667258918944,-0.010660405021033813,-0.014913505361356218
xsec,3,30,0.1,rev_short,none,top50,589,-0.01152030299794981,-2.9651073781103716,-1.3476235226837179,-0.8539719924399987,-0.999969420286024,212,-0.008839770145991679,-1.1474397950963853,-0.8692561705186995,-0.8631208462775088,-0.9903299424801499,-0.017219970339035443,-0.031027727661636785,0.010765756118712168,-0.009205017619900389,-0.011829949434148132,-0.001757882821066926,-0.018439661853111904
xsec,3,30,0.1,rev_ls,none,top50,589,-0.0041893264765139274,-2.5307641273745927,-1.1502171198223574,-0.4460843005507874,-0.962966704709636,212,-0.01065286831612835,-2.7562599282667817,-2.0880363052059496,-0.7779821328171783,-0.9542121055950524,-0.005452212005090432,-0.009413558656161175,-0.0003167194354610057,-0.0013777859319499392,-0.004570341354128119,-0.006209143921050369,-0.01667658360723406
xsec,3,30,0.1,mom_long,btc,top50,331,0.014534327449703845,2.686838319765145,1.6289709579414011,0.9148255087288233,-0.6916979819573539,93,-0.002369136998361053,-0.1974776803029807,-0.2258719741533576,-0.36869242791618995,-0.6310043214434986,0.015123309246521766,0.04090317495743232,-0.035153123314073303,0.011350965843380665,0.008675878337841758,-0.004769475697996297,0.0016085671324630672
xsec,3,30,0.1,mom_short,btc,top50,248,-0.009602282303512526,-1.6105796088031183,-1.128085873370115,-0.5045778324556423,-0.9697042686668003,119,0.008702921198156915,0.9908173135715145,1.001857401554483,0.32156881137772375,-0.5770039983160322,-0.031401723002197277,-0.019786562174599103,0.0038691477188451157,-0.0041747000000820645,-0.02352726084452389,0.0006685494546595674,0.01805200831786292
xsec,3,30,0.1,mom_ls,btc,top50,579,0.00209801068616655,1.0391844082690442,0.47636423220326174,0.11392917680616987,-0.6500607855997921,212,0.0019229195323893751,0.5338801169185396,0.4044470027376927,0.07283210643187132,-0.44003962897412574,0.0019988790283053453,0.0080151659352671,-0.0019036823077497463,0.003173412806421545,-0.0008092838971129752,-0.0009583705958425118,0.00582866837288149
xsec,3,30,0.1,rev_long,btc,top50,331,0.0004938545776070239,0.1115236764966715,0.06761435133611221,-0.166995905020207,-0.8097318620514918,93,-0.013698250242016251,-1.3516729120656428,-1.54602296618772,-0.627268279212263,-0.8906118593908778,0.0002135402784975246,0.008877032692866755,-0.030713554678689522,0.008863044347230014,-0.0057864172575616945,-0.018596245645998488,-0.005581572143988536
xsec,3,30,0.1,rev_short,btc,top50,258,-0.0040612251160483115,-0.7383237090670596,-0.5070172864636168,-0.34044412866296203,-0.9188744149399922,119,-0.015411437073931208,-1.5370485658941273,-1.554174983821161,-0.7905898190333128,-0.9579252037302372,-0.0156814164789091,-0.012775083555691196,0.005479053948419646,0.0011941555679299348,-0.012583485357056562,-0.005135801478967968,-0.027368540311706612
xsec,3,30,0.1,rev_ls,btc,top50,589,-0.0007507047663434117,-0.43367253739857314,-0.19710156767162348,-0.1750812040807983,-0.7277104864029895,212,-0.007329948783738975,-2.0486479885959055,-1.551976768557278,-0.6562885204296336,-0.8792703788385279,-0.002386556410932669,1.6072791059284108e-06,-0.0008204017432107512,0.0031956268744716063,-0.003979625251241093,-0.005767514516892879,-0.009447915234352568
xsec,3,30,0.2,mom_long,none,all,589,0.006931784797767614,2.0831506600005905,0.9467794830755738,0.5359307484693985,-0.9053047819894732,212,0.00840161759021423,1.7104592527760893,1.295778014890555,1.0522818975260484,-0.541034687926609,0.01480959166229745,0.020666328034255846,-0.013154706951708454,0.00832300794512312,0.005317550515574632,0.0019684192593056762,0.017122175327668045
xsec,3,30,0.2,mom_short,none,all,586,-0.005748897397938457,-1.711340664013916,-0.7797824683292719,-0.6552793077641663,-0.9973794333121815,212,-0.002751781015332547,-0.4927287024297032,-0.3732722769500196,-0.5284748346576094,-0.8411041258241315,-0.009963075670127953,-0.01629379685843856,0.007774464131245296,-0.007089629597522838,-0.003977914834683825,0.0030131951932519077,-0.010566526542524808
xsec,3,30,0.2,mom_ls,none,all,589,0.0006060843554271556,0.5204488113896415,0.23654086383489994,0.02438317888272845,-0.5146508269635776,212,0.0028249182874408407,1.4607201556555323,1.1065852989680804,0.34437003704704394,-0.19449691556686,0.0025697738147631,0.0021862655879086442,-0.002690121410231579,0.0006166891738001413,0.0006698178404454038,0.002490807226278792,0.0032778243925716192
xsec,3,30,0.2,rev_long,none,all,586,0.0029488973979384554,0.8778323357982688,0.39998948192027417,-0.05356629364826526,-0.916244533360834,212,-4.8218984667452946e-05,-0.008634000167633483,-0.0065407858033583845,-0.33421710441274544,-0.808180364171472,0.007163075670127954,0.013493796858438555,-0.010574464131245296,0.004289629597522839,0.0011779148346838238,-0.005813195193251909,0.007766526542524807
xsec,3,30,0.2,rev_short,none,all,589,-0.009731784797767614,-2.924610979120728,-1.3292181521850588,-0.7873808679600993,-0.9997934217633797,212,-0.01120161759021423,-2.2805025636441494,-1.7276208597636031,-0.8175364397797311,-0.9699786440319341,-0.01760959166229745,-0.02346632803425585,0.010354706951708453,-0.01112300794512312,-0.008117550515574634,-0.004768419259305676,-0.019922175327668046
xsec,3,30,0.2,rev_ls,none,all,589,-0.003398953625376222,-2.9183375094129675,-1.3263668978225909,-0.36102569308877897,-0.9151473471748914,212,-0.0056249182874408415,-2.9085554626161216,-2.203409533101088,-0.520748835749937,-0.7475886085446677,-0.005328597344174866,-0.004986265587908647,-0.00010987858976842083,-0.0034166891738001406,-0.0034698178404454047,-0.005290807226278792,-0.006077824392571619
xsec,3,30,0.2,mom_long,btc,all,331,0.011977961581531018,2.667365894374351,1.617165254855755,0.7739974666311373,-0.7006315879334013,93,0.009011375052438512,1.0453820025153213,1.1956920715812251,0.35401396464747226,-0.40222815754789,0.013168609198345031,0.03517952137206523,-0.037444178716960784,0.01359319034086056,0.0035421178562700228,-0.000312781004976713,0.024462833661869462
xsec,3,30,0.2,mom_short,btc,all,255,-0.007040117537487409,-1.2583846328640562,-0.8692188197038067,-0.42987912656889393,-0.956600115389836,119,-0.004090179087757061,-0.5862051311062153,-0.5927368662049409,-0.38160197053425493,-0.625819929539289,-0.02305817744607102,-0.01303612919429162,0.0026295111600883694,-0.0009528096345434353,-0.01782740729102857,-0.00420027273971715,-0.003962070110930776
xsec,3,30,0.2,mom_ls,btc,all,586,0.0018510881496821491,1.0475181522979249,0.477307825142611,0.1171981739856236,-0.6093544830886852,212,0.0008286003972492721,0.30410764731155143,0.23038023437672842,0.006012438884595683,-0.41764517648567356,0.001278361100747942,0.0077095044224349,-0.002626918834091798,0.00445240509174947,-0.0016445618945889432,-0.0011760604656989632,0.0035460295670235466
xsec,3,30,0.2,rev_long,btc,all,331,0.001954150764751199,0.4760513493208485,0.28861945909728687,-0.05436605255142346,-0.8241279698372603,93,-0.0017607928622859178,-0.19314610975704144,-0.22091758949127963,-0.2582421675955734,-0.7580170469376966,0.0017379620772372544,0.015756066069651707,-0.03158302209680275,0.007208361043330116,-0.0053296780062492485,-0.013772883946872939,0.018144958077886856
xsec,3,30,0.2,rev_short,btc,all,258,-0.0032578138077455692,-0.6605374418213177,-0.4536003615311848,-0.2809103263234569,-0.8741739213203664,119,-0.010725084447467519,-1.9085981786350155,-1.9298645528976035,-0.5817099007008262,-0.8290014558093721,-0.02119924080219337,-0.0025673296278103386,0.004406264886748699,-4.21116258803007e-05,-0.011896035405889568,-0.006835756998811592,-0.0152508472968126
xsec,3,30,0.2,rev_ls,btc,all,589,-0.00016442449852776815,-0.1040799977914736,-0.04730373486644038,-0.10020374895920237,-0.6437873324157635,212,-0.0033963178901915687,-1.3346473594329513,-1.0110774069467658,-0.39205777265526653,-0.7046222700587268,-0.00272901156991951,0.004123238834526255,-0.0013367974238602195,0.00243571591794933,-0.0037143797350343475,-0.005066867691977755,-0.0011317948255480724
xsec,3,30,0.2,mom_long,none,top50,589,0.007701527235873011,2.2605654578000416,1.0274134447835928,0.6522916508696714,-0.9052174951932189,212,0.0037374778537588253,0.6516424943618168,0.49365924174577247,0.04779055173046376,-0.7269451687582131,0.01480959166229745,0.020666328034255846,-0.013154706951708454,0.00888317728859797,0.008478188265440383,-0.002934974354633027,0.012782357514023339
xsec,3,30,0.2,mom_short,none,top50,586,-0.00606501302800179,-1.7849681230171541,-0.8133312543340966,-0.6709033710549522,-0.9980055596709436,212,0.0030580266062601247,0.5325632190900698,0.40344937169139977,-0.06607130612436629,-0.6314225404982365,-0.009963075670127953,-0.01629379685843856,0.007774464131245296,-0.007348728019378436,-0.005239331639377152,0.0040267707239598,0.0017448401356005643
xsec,3,30,0.2,mom_ls,none,top50,589,0.0008337028077420666,0.6931271616364079,0.31502213853297184,0.04894585715473965,-0.5143772342136697,212,0.0033977522300094754,1.4659261120006986,1.1105291308761474,0.41128358630878403,-0.2107303078842716,0.0025697738147631,0.0021862655879086442,-0.002690121410231579,0.0007672246346097662,0.001619428313031616,0.0005458981846633866,0.007263598824811952
xsec,3,30,0.2,rev_long,none,top50,586,0.0032650130280017886,0.9609120622349283,0.4378452493377031,-0.026692450440451765,-0.9035827500858233,212,-0.005858026606260123,-1.0201904393371362,-0.7728569623328223,-0.6804345741973741,-0.9081819759603853,0.007163075670127954,0.013493796858438555,-0.010574464131245296,0.004548728019378438,0.002439331639377151,-0.006826770723959801,-0.004544840135600565
xsec,3,30,0.2,rev_short,none,top50,589,-0.010501527235873012,-3.0824262508590463,-1.400944246829502,-0.8100241892528646,-0.9998848478680398,212,-0.0065374778537588265,-1.139832406277433,-0.8634931059111538,-0.7147441547618555,-0.9419575031762581,-0.01760959166229745,-0.02346632803425585,0.010354706951708453,-0.01168317728859797,-0.011278188265440388,0.00013497435463302686,-0.01558235751402334
xsec,3,30,0.2,rev_ls,none,top50,589,-0.0036265720776911333,-3.0147124392367384,-1.3701687255021928,-0.3799845465846263,-0.9271544930265725,212,-0.006197752230009476,-2.673958021258105,-2.025687552078785,-0.5625808743004379,-0.8050050703816987,-0.005328597344174866,-0.004986265587908647,-0.00010987858976842083,-0.0035672246346097657,-0.004419428313031618,-0.003345898184663388,-0.010063598824811951
xsec,3,30,0.2,mom_long,btc,top50,331,0.013213393232672885,2.8490408337113733,1.727310773396537,0.8979929389726398,-0.6837902720592118,93,0.002931108767103109,0.29194427358167135,0.3339214300851028,-0.07725911842249455,-0.6405150413191345,0.013168609198345031,0.03517952137206523,-0.037444178716960784,0.014681762965177179,0.007393502450655507,-0.006089815770895662,0.017880069430072504
xsec,3,30,0.2,mom_short,btc,top50,255,-0.007460938934842974,-1.3275660303729255,-0.9170053001785847,-0.4431473830678003,-0.9614256022712488,119,0.001835242681351327,0.25187584422504283,0.25468234694046815,-0.08722250022339972,-0.5335261243202272,-0.02305817744607102,-0.01303612919429162,0.0026295111600883694,-0.0010807371507406776,-0.020451004296002332,-0.0018778627195906714,0.006155947147902018
xsec,3,30,0.2,mom_ls,btc,top50,586,0.0021084417505373445,1.1695196293302683,0.5328985178086529,0.14651842613757093,-0.6213682154301845,212,0.0011579881943900882,0.3862775152492327,0.2926289597920224,0.027240175332614358,-0.4493609442091201,0.001278361100747942,0.0077095044224349,-0.002626918834091798,0.004800643860601827,-0.0007538051809003432,-0.001940133314613735,0.005357664017706381
xsec,3,30,0.2,rev_long,btc,top50,331,0.0021896018308884915,0.5234582415309622,0.317361214806385,-0.04637331330644878,-0.8043454846157284,93,-0.007422664101573534,-0.8041458303049994,-0.9197697983868791,-0.45517265690948916,-0.7673753649491809,0.0017379620772372544,0.015756066069651707,-0.03158302209680275,0.007529845627632982,-0.004708321777591309,-0.013342228316843079,0.0023868994551588625
xsec,3,30,0.2,rev_short,btc,top50,258,-0.00343010225548247,-0.6881459635059992,-0.4725595220944111,-0.2898259383877164,-0.8817912179732288,119,-0.007167665459296486,-1.088451119179976,-1.1005790825858555,-0.49151661667723945,-0.7771150862403555,-0.02119924080219337,-0.0025673296278103386,0.004406264886748699,0.0005087208006198563,-0.013586622178956915,-0.0027241006788549854,-0.012338359021992049
xsec,3,30,0.2,rev_ls,btc,top50,589,-0.00013600014931272275,-0.08479978971187874,-0.038540995910640065,-0.09958447807511484,-0.6303130811286772,212,-0.003639764035619388,-1.331058562400674,-1.008358672614579,-0.4175037347919822,-0.6821398647172545,-0.00272901156991951,0.004123238834526255,-0.0013367974238602195,0.0026334192259920616,-0.00377323349393196,-0.0038860314992771217,-0.0033059348071055694
xsec,7,30,0.1,mom_long,none,all,252,0.026379099257695954,2.5640548980804336,1.1663380963305179,1.0800121940033311,-0.8403170888273772,91,0.030263252404412296,2.1580747862494896,1.6335905286830597,2.1405240855756342,-0.5517339746394206,0.044632534637257575,0.07516054808176886,-0.023081708690093714,0.023017429731278533,0.014974913355893368,0.0037624889406658014,0.0672248435512166
xsec,7,30,0.1,mom_short,none,all,248,-0.013174466418088364,-1.3793599575815916,-0.6324834794984211,-0.7660206104577826,-0.9991677209744114,91,0.002055958130076755,0.16917215609995287,0.1280576714405976,-0.22813872683318592,-0.7413732458324027,-0.04766120174350928,-0.018117049735504324,0.01710082160638874,-0.020235721006085967,-0.004917658594520437,0.017554792340384776,-0.019560836952721282
xsec,7,30,0.1,mom_ls,none,all,252,0.00670687567709021,1.3418652804001485,0.6103880996641712,0.1944458915790679,-0.4525936861066663,91,0.01615960526724452,2.484927510883545,1.8810071236215433,1.098387563936806,-0.2168180042110993,0.000652084707942749,0.028521749173132268,-0.002990443541852484,0.0013908543625962828,0.005028627380686464,0.01065864064052529,0.023832003299247662
xsec,7,30,0.1,rev_long,none,all,248,0.010374466418088363,1.086201376530772,0.4980602940429491,-0.016477736280681277,-0.9249097322442965,91,-0.0048559581300767546,-0.3995669438878656,-0.3024588300966288,-0.45145582375347415,-0.8526423665229541,0.044861201743509285,0.015317049735504323,-0.019900821606388747,0.017435721006085966,0.0021176585945204347,-0.020354792340384783,0.016760836952721278
xsec,7,30,0.1,rev_short,none,all,252,-0.029179099257695955,-2.8362155827380295,-1.2901386339388174,-0.9277515814272381,-0.9999990852991911,91,-0.0330632524044123,-2.3577429950973126,-1.784732693417663,-0.9014055292741961,-0.9914698658110063,-0.047432534637257585,-0.07796054808176886,0.020281708690093707,-0.025817429731278537,-0.017774913355893374,-0.006562488940665806,-0.07002484355121662
xsec,7,30,0.1,rev_ls,none,all,252,-0.009484653454867993,-1.8973238940640273,-0.8630552880836269,-0.4773799228291866,-0.9722637804223526,91,-0.01895960526724453,-2.915494775083828,-2.2069321607148797,-0.6685205995722516,-0.8738412313316688,-0.0033248119806700283,-0.03132174917313227,0.0001904435418524805,-0.0041908543625962845,-0.00782862738068647,-0.013458640640525293,-0.02663200329924767
xsec,7,30,0.1,mom_long,btc,all,146,0.043522324327307245,2.8927806384638877,1.7287670898103258,1.3400277218608823,-0.5730987342249245,41,0.030630246902134443,1.3702837506019643,1.5453113398792877,0.6595469282829729,-0.3407621828531471,0.053880534971607406,0.1092223372200598,-0.05063608321833243,0.03492895988953904,0.016440818468230905,0.006628754874678298,0.07223283308305843
xsec,7,30,0.1,mom_short,btc,all,102,-0.011913438997308628,-0.8599434793100906,-0.6148472487727248,-0.36788897446562463,-0.8606445301969866,50,0.003851575816835617,0.2495026233722751,0.25479301997852116,-0.06682196927051232,-0.5150949000701506,-0.1286674302405319,0.01963518994406427,0.004122389524783674,-0.02173848756128847,-0.030716414548032332,0.010430979431620569,-0.0038720719048684505
xsec,7,30,0.1,mom_ls,btc,all,248,0.010361065673510843,1.9449114268710692,0.8918080736085807,0.4174756094660075,-0.546078271698446,91,0.007958345680380731,1.2090252874033331,0.9151917584250338,0.37041974993980586,-0.22030152137916548,0.010967320529741514,0.03652145617930004,-0.004257090554121559,0.00820153180376887,0.0005120153756878072,0.004282868598069729,0.01308466897939345
xsec,7,30,0.1,rev_long,btc,all,146,0.011255458177811187,0.8618616625028511,0.5150608581559557,0.004756597799306483,-0.7815701724662918,41,-0.002666180463297653,-0.1365270782414622,-0.15396580607077648,-0.21733093829610006,-0.6822378285267714,0.027678062365352973,0.04089114758295402,-0.06316226187840565,0.01670580582213046,-0.010413165725756773,-0.027752598053332227,0.040816943359428946
xsec,7,30,0.1,rev_short,btc,all,106,-0.005566732652382289,-0.437631728407225,-0.30693985280418123,-0.2965544131329927,-0.8946728121013242,50,-0.032762316916280135,-1.823212855046269,-1.861871843759222,-0.7045825851983425,-0.9208237275903961,-0.0196885336342081,-0.027678859353815553,0.012015396331622094,-0.0012936911701539526,-0.014756873418727853,-0.003802381004209324,-0.06675876342175456
xsec,7,30,0.1,rev_ls,btc,all,252,0.002089728636523634,0.4511347084033231,0.2052122976702542,-0.027194367659403196,-0.5894360590719236,91,-0.009601259586863793,-1.4496983666323282,-1.0973732403841214,-0.45669516275257027,-0.7355338296406584,0.007918206682731353,0.00659970700616777,-0.0026666470122690775,0.005410677441172586,-0.00591661200499866,-0.007775772042455563,-0.012147334319854219
xsec,7,30,0.1,mom_long,none,top50,252,0.02782300372548822,2.669226316636092,1.2141785041932434,1.1968069261411376,-0.8403170888273772,91,0.02290211784698872,1.0516242205772912,0.7960444083841693,0.36576360497850513,-0.7190690825007571,0.044632534637257575,0.07516054808176886,-0.023081708690093714,0.021190292163071726,0.023799434114170383,-0.008189591025504029,0.06626686969546543
xsec,7,30,0.1,mom_short,none,top50,248,-0.01237983873495111,-1.2979584480107618,-0.5951581173064879,-0.755521443246476,-0.9989684691149894,91,0.02817306545699052,2.136133044432633,1.61698136303078,1.811343389707711,-0.5128011562806019,-0.04766120174350928,-0.018117049735504324,0.01710082160638874,-0.018658016886260335,-0.002705599917845316,0.02495312377391556,0.03266403675180559
xsec,7,30,0.1,mom_ls,none,top50,252,0.007819835183641181,1.5559533027834451,0.7077725264409284,0.2608805814767481,-0.4525936861066663,91,0.025537591651989617,2.230472370118657,1.6883930814313575,1.857097643827112,-0.4228841086068481,0.000652084707942749,0.028521749173132268,-0.002990443541852484,0.0012661376384056954,0.010546917098162533,0.008381766374205768,0.04946545322363551
xsec,7,30,0.1,rev_long,none,top50,248,0.009579838734951109,1.0043937471904092,0.4605487121166272,-0.05407689849097996,-0.9276509051631721,91,-0.03097306545699052,-2.3484341351159435,-1.7776861973484377,-0.87364273188694,-0.9801234429970261,0.044861201743509285,0.015317049735504323,-0.019900821606388747,0.01585801688626033,-9.44000821546898e-05,-0.02775312377391557,-0.035464036751805594
xsec,7,30,0.1,rev_short,none,top50,252,-0.03062300372548822,-2.937846978888112,-1.3363687552992614,-0.9344321264377011,-0.9999993860746911,91,-0.025702117846988722,-1.1801952041557195,-0.8933683483956275,,-1.105304206712285,-0.047432534637257585,-0.07796054808176886,0.020281708690093707,-0.02399029216307173,-0.026599434114170387,0.005389591025504021,-0.06906686969546545
xsec,7,30,0.1,rev_ls,none,top50,252,-0.010597612961418965,-2.108324326197458,-0.9590352308390108,-0.5071652441629982,-0.9793858565034362,91,-0.028337591651989628,-2.475026465956652,-1.873512363328854,-0.8520324938364094,-0.9777931571642646,-0.0033248119806700283,-0.03132174917313227,0.0001904435418524805,-0.004066137638405697,-0.013346917098162539,-0.011181766374205773,-0.05226545322363552
xsec,7,30,0.1,mom_long,btc,top50,146,0.04571271084856801,3.00260258998983,1.7943982590086964,1.4634591196457611,-0.5763253828132047,41,0.019032040699566845,0.5113883541747871,0.5767084535895183,-0.029370732285857848,-0.5402093089376749,0.053880534971607406,0.1092223372200598,-0.05063608321833243,0.031540950783890354,0.028965868491138785,-0.005766825987925977,0.06201674295788776
xsec,7,30,0.1,mom_short,btc,top50,102,-0.010942152989802407,-0.796682233764433,-0.5696163659141344,-0.35249214380261873,-0.8428046583659129,50,0.03299039137176418,1.9307537191621962,1.9716929797811595,1.060376382069554,-0.41993617695035457,-0.1286674302405319,0.01963518994406427,0.004122389524783674,-0.0173022901942823,-0.029324895870001165,0.021176507729709467,0.04685886347330668
xsec,7,30,0.1,mom_ls,btc,top50,248,0.011205556812361059,2.090071705511284,0.9583690010986716,0.47460955238884917,-0.546078271698446,91,0.013350732072914564,1.3971889584722357,1.0576253723381979,0.6601833339245331,-0.3009608385613112,0.010967320529741514,0.03652145617930004,-0.004257090554121559,0.007786484078205415,0.004954636224998439,0.0039795116322271715,0.02642111847703119
xsec,7,30,0.1,rev_long,btc,top50,146,0.010584249324027595,0.8084174517105437,0.48312183328482367,-0.01741569532514531,-0.7958338080405366,41,-0.025098277756047036,-1.2090315915559584,-1.3634622959536447,-0.5549421707160482,-0.8210845612438099,0.027678062365352973,0.04089114758295402,-0.06316226187840565,0.016516512708078235,-0.013023772401773248,-0.031674994281360364,-0.013698635778837252
xsec,7,30,0.1,rev_short,btc,top50,106,-0.0059824637257745415,-0.46345518431203286,-0.325051537217843,-0.30648658785597427,-0.8986451571660252,50,-0.02887558110787464,-1.1258295118658963,-1.1497013435455983,-0.7783046277022793,-0.9554816834673038,-0.0196885336342081,-0.027678859353815553,0.012015396331622094,-0.002680112649621612,-0.01596265745570602,0.007722624024653255,-0.07183869148084217
xsec,7,30,0.1,rev_ls,btc,top50,252,0.0018078556475712856,0.3877386083292716,0.17637465978250694,-0.04272724178390852,-0.6073558570297155,91,-0.013586859579075055,-1.6149689062411772,-1.2224775184636403,-0.5923439724662796,-0.82213011957709,0.007918206682731353,0.00659970700616777,-0.0026666470122690775,0.005120346439799719,-0.006992280873164096,-0.005802254741978601,-0.024444334746604325
xsec,7,30,0.2,mom_long,none,all,252,0.019732534734490204,2.3708378614112187,1.0784474700821847,0.7776148978877726,-0.8428426791122168,91,0.016356721217899255,1.488047683035485,1.12640239194867,0.7870821859841863,-0.5415232472856406,0.036509380889857085,0.049090257254446795,-0.022657701163710294,0.018375957056011603,0.019925832890517654,-0.004157204071029883,0.04496824859456359
xsec,7,30,0.2,mom_short,none,all,251,-0.0136008356424158,-1.6052696574241196,-0.731658712150308,-0.6941269923638257,-0.9983965766412358,91,0.0001501339193904735,0.013224794695880485,0.0100107278471631,-0.2652319137428166,-0.7087478776677276,-0.026820174042380195,-0.0340659196610765,0.013601376266821662,-0.01359863391465139,-0.009408789276171023,0.012318480981983244,-0.01682150803633102
xsec,7,30,0.2,mom_ls,none,all,252,0.0030928353310419954,0.9444698035723769,0.42962072050990396,0.09068152067757751,-0.3264334352692646,91,0.008253427568644866,1.8365076439013348,1.3901749429847736,0.46531417727116664,-0.20744526401529673,0.005149378128765493,0.007512168796685148,-0.004528162448444317,0.002388661570680106,0.005258521807173315,0.004080638455476681,0.01407337027911628
xsec,7,30,0.2,rev_long,none,all,251,0.010800835642415792,1.2747932691373496,0.5810323500735596,0.09197036711817796,-0.8816159089135948,91,-0.0029501339193904754,-0.25986742747866937,-0.19671096245007924,-0.36791878975591663,-0.8037948086295865,0.02402017404238019,0.031265919661076495,-0.016401376266821664,0.010798633914651388,0.0066087892761710195,-0.015118480981983248,0.014021508036331018
xsec,7,30,0.2,rev_short,none,all,252,-0.022532534734490208,-2.7072541455466954,-1.2314766149366525,-0.8131997125784414,-0.9998736373261901,91,-0.01915672121789926,-1.74277682202331,-1.3192238416414679,-0.7344106777751851,-0.9475003200246065,-0.03930938088985709,-0.051890257254446806,0.019857701163710294,-0.021175957056011604,-0.022725832890517658,0.0013572040710298802,-0.047768248594563585
xsec,7,30,0.2,rev_ls,none,all,252,-0.005887279775486443,-1.7975482237825773,-0.8176692998884094,-0.3069531739691267,-0.8650108903558583,91,-0.011053427568644867,-2.4595483576115105,-1.8617959523148981,-0.46659639277384357,-0.7012879034429607,-0.007917559946947313,-0.010312168796685154,0.001728162448444315,-0.005188661570680106,-0.00805852180717332,-0.006880638455476683,-0.016873370279116284
xsec,7,30,0.2,mom_long,btc,all,146,0.03562014374184898,2.9926444250230593,1.7884471171763185,1.1329411596755548,-0.6001464999518087,41,0.025498913859161764,1.3071920844549374,1.4741609178546167,0.5361540625241787,-0.3383285432479587,0.04288779913849204,0.09019774173608644,-0.04962581047584885,0.026530366356080946,0.01874458640481106,-0.0002212543705001549,0.07008053879057577
xsec,7,30,0.2,mom_short,btc,all,105,-0.010888646449298866,-0.8389424476998761,-0.5912006889611948,-0.3418213766567564,-0.9057841232981025,50,0.005065872307425577,0.3609653559273254,0.3686191828416862,0.0010630124171229216,-0.3812488985380026,-0.061020336345609695,0.006472812290864137,0.0038096492573869616,-0.011342972585589146,-0.03697582400993493,0.006492313772812066,0.003391354065450131
xsec,7,30,0.2,mom_ls,btc,all,251,0.008082137667596752,1.8161401785297033,0.827770448386666,0.32948757958788377,-0.5292124807453875,91,0.007135983975807205,1.2226312008220084,0.9254909804151377,0.3400170562720155,-0.19505076470346105,0.009361558233885351,0.02819287549929641,-0.0042608053405260365,0.007074348927959785,0.00026414919230282084,0.0015994326248388838,0.01485801612321039
xsec,7,30,0.2,rev_long,btc,all,146,0.012751382664862901,1.1367828917654865,0.6793577174199965,0.1249365709951622,-0.7647939251233936,41,0.0030446689928474557,0.16327431148522759,0.18412948773439503,-0.08915589585551886,-0.6027750018938252,0.01365648849594701,0.0587276413059395,-0.04904046629827067,0.011894240845910195,-0.006780913308800022,-0.021168731545353318,0.04501456325906212
xsec,7,30,0.2,rev_short,btc,all,106,-0.0006496015734111382,-0.06022617447443349,-0.04224056878924496,-0.1368966340391664,-0.7716359755490908,50,-0.011660123252063998,-0.9628605165914946,-0.983276790939294,-0.3584075119400433,-0.6779885220098654,-0.02017412614395224,0.008792219837497436,0.011767268370068723,-0.0043874673205747195,-0.025157810949325343,0.005147377856725175,-0.03139066803194694
xsec,7,30,0.2,rev_ls,btc,all,252,0.00355723036168334,0.8980668741390363,0.40851294141361405,0.08530980176490077,-0.5601475007385117,91,-0.002517443592837662,-0.4713630998436742,-0.3568061220035468,-0.18027823409980404,-0.4836753808129075,0.0025994174179860994,0.01928070670261126,-0.0011326428920817215,0.0032856873572796783,-0.006394372614870496,-0.0038812058306377977,-0.0006153541559058949
xsec,7,30,0.2,mom_long,none,top50,252,0.01921365917531301,2.282049108454991,1.038059214286236,0.7174511622447355,-0.8428426791122168,91,0.013802196060566709,0.9415740644925851,0.7127401161485412,0.3069067431786239,-0.7461528526881942,0.036509380889857085,0.049090257254446795,-0.022657701163710294,0.020567661852020334,0.015219577307727149,-0.00928376932115588,0.04600104251402189
xsec,7,30,0.2,mom_short,none,top50,251,-0.014002162755035694,-1.6437888455916587,-0.749215201477441,-0.7015034754526518,-0.998583316764197,91,0.01000335891890554,0.8366847938706441,0.633342441823149,0.18718705413616377,-0.6077227669154375,-0.026820174042380195,-0.0340659196610765,0.013601376266821662,-0.014379856290723303,-0.010564742001398997,0.01414863116680875,0.00422179499419843
xsec,7,30,0.2,mom_ls,none,top50,252,0.0026335302790970625,0.7994257607213768,0.3636430408004851,0.06496128321911421,-0.3264334352692646,91,0.011902777489736125,1.8196594223526097,1.37742140204054,0.6895209831924096,-0.2688770903424704,0.005149378128765493,0.007512168796685148,-0.004528162448444317,0.003093902780648516,0.002327417653164076,0.002432430922826434,0.025111418754110163
xsec,7,30,0.2,rev_long,none,top50,251,0.011202162755035692,1.3150818559516917,0.5993953057343788,0.10841905927909168,-0.8631043420414205,91,-0.012803358918905544,-1.0708778725984562,-0.8106187798493009,-0.6369879545679771,-0.8826086926499773,0.02402017404238019,0.031265919661076495,-0.016401376266821664,0.011579856290723303,0.007764742001398994,-0.016948631166808757,-0.007021794994198433
xsec,7,30,0.2,rev_short,none,top50,252,-0.02201365917531302,-2.6146113468798275,-1.1893352296189121,-0.8106380054063751,-0.9998818787782393,91,-0.016602196060566708,-1.132587680659909,-0.8573310433066917,-0.79053982848926,-0.9697169120960518,-0.03930938088985709,-0.051890257254446806,0.019857701163710294,-0.023367661852020334,-0.01801957730772715,0.0064837693211558765,-0.0488010425140219
xsec,7,30,0.2,rev_ls,none,top50,252,-0.00542797472354151,-1.6474544583024593,-0.7493946007654625,-0.2912374375427157,-0.8492058744572949,91,-0.014702777489736129,-2.247714671388461,-1.7014449275613068,-0.5877937426350535,-0.8120075571467916,-0.007917559946947313,-0.010312168796685154,0.001728162448444315,-0.005893902780648517,-0.005127417653164079,-0.00523243092282644,-0.027911418754110167
xsec,7,30,0.2,mom_long,btc,top50,146,0.035268250547506805,2.9260488846969013,1.7486486696503654,1.0991021048446972,-0.5774170041931403,41,0.025895452258418293,0.995279459434153,1.1224074096601342,0.3967173419281047,-0.38129140426162744,0.04288779913849204,0.09019774173608644,-0.04962581047584885,0.02991390460862885,0.013893150827292935,-0.00029451000896251123,0.07129138685521169
xsec,7,30,0.2,mom_short,btc,top50,105,-0.01068643354405658,-0.8170852200483016,-0.5757979541468811,-0.3411112501275402,-0.9052742055020202,50,0.013638464359697898,0.8899771060755396,0.9088479772430688,0.2468725800553968,-0.3737746574009173,-0.061020336345609695,0.006472812290864137,0.0038096492573869616,-0.01046643452930139,-0.036603400004432116,0.011105527952669246,0.01661191144620979
xsec,7,30,0.2,mom_ls,btc,top50,251,0.008022089756593728,1.7844955258409017,0.8133472729870357,0.3223959344161169,-0.5028629159745601,91,0.00958042176142882,1.3342865322636448,1.0100103367795275,0.4679582335108756,-0.23207883606639113,0.009361558233885351,0.02819287549929641,-0.0042608053405260365,0.008356319945229675,-0.0013076684723085882,0.002756528249896645,0.019097957448565798
xsec,7,30,0.2,rev_long,btc,top50,146,0.013586762530054917,1.206825820954907,0.7212163738443856,0.14968260871791683,-0.7242003893840087,41,-0.008370303503305107,-0.4398553093975713,-0.49603842796762504,-0.3087827702897401,-0.6387909679286023,0.01365648849594701,0.0587276413059395,-0.04904046629827067,0.01348066114627109,-0.004882606171502807,-0.020108776812261316,0.011976383565552322
xsec,7,30,0.2,rev_short,btc,top50,106,9.926856374635683e-05,0.009119652761761078,0.006396211002588673,-0.12508723134438438,-0.7716359755490908,50,-0.006685725978328404,-0.41407226354619076,-0.42285215719298763,-0.32570610165724845,-0.7292248774499903,-0.02017412614395224,0.008792219837497436,0.011767268370068723,-0.00412539735312045,-0.02075045535567995,0.01514009310326801,-0.03230733968281115
xsec,7,30,0.2,rev_ls,btc,top50,252,0.003956725787986373,0.9934784314244223,0.45191378052024866,0.10602198973485577,-0.5139091102554307,91,-0.0037223557283073074,-0.6068277966797936,-0.45934837268568945,-0.24759459984167098,-0.4993406779573706,0.0025994174179860994,0.01928070670261126,-0.0011326428920817215,0.003862417164581159,-0.005035086125472666,-0.0010759026729297927,-0.007413461305544366
xsec,14,30,0.1,mom_long,none,all,126,0.04411935758996526,1.9870291821381325,0.9038604576614939,0.604256220039038,-0.8835416124606994,45,0.04796986133388909,2.1038229971357048,1.6013466501548332,1.6051306514894441,-0.4350519597829515,0.08442845893263115,0.12978554929079916,-0.04443253022787964,0.03722786087008576,0.019788849290753793,0.012489018712878887,0.09652259334158728
xsec,14,30,0.1,mom_short,none,all,124,-0.03378545065026802,-1.6981989941070166,-0.7786820276823867,,-1.180438832215246,45,-0.02493569718646327,-0.7687694165562362,-0.5851567986564823,-0.8090933026622206,-0.9746692895931445,-0.14659893709443955,-0.03539163164908034,0.020017026104441307,-0.02787955947768344,-0.005108032621694545,0.02572011058966299,-0.09425417098537288
xsec,14,30,0.1,mom_ls,none,all,126,0.005435091967072971,0.5570207481829662,0.25337777265950784,-0.020181608120420802,-0.6467970059710374,45,0.011517082073712919,0.7260974039212866,0.5526765545573473,0.15005156367304795,-0.5001292599721618,-0.024421651031156944,0.047196958820859426,-0.012207752061719165,0.00467415069620116,0.007340408334529623,0.01910456465127094,0.0011342111781071976
xsec,14,30,0.1,rev_long,none,all,124,0.030985450650268007,1.557459205470752,0.7141480452862278,0.2637554234899737,-0.882325128487123,45,0.022135697186463264,0.6824452063181518,0.5194502325241501,0.06562351910259023,-0.7772494004555266,0.14379893709443953,0.032591631649080334,-0.02281702610444131,0.025079559477683436,0.0023080326216945403,-0.028520110589662997,0.09145417098537288
xsec,14,30,0.1,rev_short,none,all,126,-0.04691935758996525,-2.1131344115409334,-0.9612232439688765,,-1.025905901680212,45,-0.0507698613338891,-2.226623110127034,-1.694817227216225,-0.8232562454234567,-0.9681844613057834,-0.08722845893263115,-0.1325855492907992,0.04163253022787963,-0.040027860870085766,-0.022588849290753797,-0.015289018712878898,-0.09932259334158729
xsec,14,30,0.1,rev_ls,none,all,126,-0.008212869744850755,-0.8416161674321603,-0.3828346262393558,-0.31204827912337096,-0.8832269429365319,45,-0.014317082073712925,-0.9026241246624698,-0.6870416952115623,-0.40323075958479027,-0.6855244063437917,0.02174892375842967,-0.04999695882085942,0.009407752061719158,-0.007474150696201165,-0.010140408334529628,-0.021904564651270945,-0.003934211178107199
xsec,14,30,0.1,mom_long,btc,all,75,0.07262682418726546,2.2495178512855665,1.3262983416393799,0.8477786410254597,-0.643119121000371,19,0.06479871680939968,1.5888825791879844,1.8612187427382672,0.7365963433127525,-0.3212576529440401,0.12622205931073663,0.1849509644756441,-0.10792982644823117,0.06190777240163711,0.00279438488054889,0.006998566294925214,0.16388468911992732
xsec,14,30,0.1,mom_short,btc,all,49,-0.01829963240549589,-0.7048190303486425,-0.5141170371380752,-0.2950728287361568,-0.8261922465112184,26,-0.03812379540310716,-0.7954983916131421,-0.7965903597203322,-0.7526141971646629,-0.9431749182538681,-0.10173504317540004,-0.009633222709583531,-0.008435474079593126,0.01411154274028732,-0.03687959774906722,0.0003055132218071672,-0.08295798879884055
xsec,14,30,0.1,mom_ls,btc,all,124,0.018348104137804886,1.6422250658019248,0.7530160767889953,0.32623576313830105,-0.6247280591681372,45,0.002666188209975638,0.16077734945661545,0.12237734368511467,-0.10542339126619316,-0.5528691696580201,0.040315319406754646,0.05505544624066289,-0.017611207550959376,0.024519778361790697,-0.005469458399466805,0.0016973073200846692,0.003992025217194861
xsec,14,30,0.1,rev_long,btc,all,75,0.04110285190351912,1.4545323401644688,0.8575810276493266,0.2886329863309407,-0.662915909937827,19,0.004088825942634772,0.09932838432837189,0.11635337501928966,-0.11846141190024018,-0.5551472665836792,0.15501491057419942,0.048690637236265835,-0.10004524088967763,0.040549965557988454,-0.014512207739855697,-0.05817047418549479,0.11081905473371402
xsec,14,30,0.1,rev_short,btc,all,51,-0.00499661259393554,-0.18656088852034955,-0.13338835841555285,-0.3681294045280167,-0.9435447838715619,26,-0.03847185156332368,-1.4601043591298528,-1.4621086213761987,-0.5214783084561275,-0.7918381465294513,0.02422114207565011,-0.04432088499504731,0.018238789515118533,0.026960470429839314,-0.0546895042878075,-0.019995120785410627,-0.060028037470888924
xsec,14,30,0.1,rev_ls,btc,all,126,0.011221772422512783,1.1199068525727247,0.5094235803902039,0.13823234799452044,-0.6187717427047134,45,-0.01025089386373728,-0.8899975901462575,-0.6774308777720109,-0.2926936690018085,-0.556756870705518,0.059671941400933896,0.006458487419803468,-0.006803455489240217,0.018445627665589534,-0.014209866733996431,-0.018807257331186274,0.0014578140390876589
xsec,14,30,0.1,mom_long,none,top50,126,0.0451582925860848,2.019083784793836,0.9184414653723948,0.6278481481830804,-0.8779441476411989,45,0.0668376778765683,1.3310255897524006,1.0131239045881018,1.1532261981110414,-0.7200254939774312,0.08442845893263115,0.12978554929079916,-0.04443253022787964,0.03305944663911169,0.02899210234907644,-0.0013343088529610713,0.16012565971697693
xsec,14,30,0.1,mom_short,none,top50,124,-0.03225121563431916,-1.6227444752118076,-0.7440835630884207,,-1.180438832215246,45,0.040476855897797696,1.7495777008586761,1.3317091762330027,1.0818666959514496,-0.4350940376102608,-0.14659893709443955,-0.03539163164908034,0.020017026104441307,-0.029147045718398046,0.00347657446431455,0.04791298149461439,0.030301105081101135
xsec,14,30,0.1,mom_ls,none,top50,126,0.006709500504726621,0.6876382639504375,0.31279310920386405,0.011900850415755615,-0.6467970059710374,45,0.05365726688718299,2.1232778582238687,1.61615491904208,1.9792506695155416,-0.23119094571940368,-0.024421651031156944,0.047196958820859426,-0.012207752061719165,0.001956200460356821,0.016234338406695494,0.02328933632082666,0.09521338239903902
xsec,14,30,0.1,rev_long,none,top50,124,0.029451215634319163,1.4818603429015196,0.6794833942057772,0.21734800150032152,-0.882325128487123,45,-0.04327685589779769,-1.8706053215506977,-1.423830602434371,-0.7745037021789567,-0.9275209767691485,0.14379893709443953,0.032591631649080334,-0.02281702610444131,0.02634704571839804,-0.0062765744643145565,-0.05071298149461441,-0.033101105081101145
xsec,14,30,0.1,rev_short,none,top50,126,-0.047958292586084805,-2.14427528946921,-0.975388616289149,,-1.025905901680212,45,-0.06963767787656831,-1.3867856306411532,-1.055566236861904,-0.9394173026314239,-1.3846101525492331,-0.08722845893263115,-0.1325855492907992,0.04163253022787963,-0.0358594466391117,-0.03179210234907645,-0.0014656911470389373,-0.16292565971697695
xsec,14,30,0.1,rev_ls,none,top50,126,-0.009487278282504404,-0.9722212516229657,-0.4422443079042187,-0.33418475341891274,-0.9023478757179172,45,-0.056457266887183,-2.2340769791617068,-1.7004908167841764,-0.8955266501296992,-0.9815375741919435,0.02174892375842967,-0.04999695882085942,0.009407752061719158,-0.004756200460356828,-0.0190343384066955,-0.02608933632082667,-0.09801338239903905
xsec,14,30,0.1,mom_long,btc,top50,75,0.0740749501339544,2.2882869918607613,1.349156327328304,0.8798960420580335,-0.6372251061877141,19,0.08015417334799939,0.8012248366031364,0.9385556255486701,0.29178874486905015,-0.5549969243678862,0.12622205931073663,0.1849509644756441,-0.10792982644823117,0.05451967251252456,0.01744046393318468,-0.021482711104427742,0.25438883240930305
xsec,14,30,0.1,mom_short,btc,top50,49,-0.018270451635965756,-0.708316673436838,-0.5166683273615813,-0.2935449540265672,-0.8242911099430076,26,0.034351708889222364,1.2053226126775058,1.2069771400351919,0.43177792713197083,-0.28526457976975184,-0.10173504317540004,-0.009633222709583531,-0.008435474079593126,0.015099136488237084,-0.03748885314114186,0.03168076432244555,0.037467810883795326
xsec,14,30,0.1,mom_ls,btc,top50,124,0.018791811007597817,1.6799663389638557,0.770321734850877,0.33997009965118075,-0.6247280591681372,45,0.02684526360813078,1.1984855331873325,0.912239668661046,0.6034190270227509,-0.26798034545126714,0.040315319406754646,0.05505544624066289,-0.017611207550959376,0.021953225637608202,-0.0007867652193487936,0.0035718878319443213,0.058693040986070144
xsec,14,30,0.1,rev_long,btc,top50,75,0.038585314779910056,1.3636206600951417,0.8039802036137712,0.23869473951469122,-0.7031498753319143,19,-0.0516586360147955,-1.3128759358690354,-1.5379042672733525,-0.5301777808934606,-0.7426881754350327,0.15501491057419942,0.048690637236265835,-0.10004524088967763,0.04264827074189519,-0.02796415378485031,-0.06965056819547806,-0.020815323705053956
xsec,14,30,0.1,rev_short,btc,top50,51,-0.005433796192158932,-0.19866091201368719,-0.14203970159561002,-0.3768884237009599,-0.9435447838715619,26,-0.05990639272436868,-1.2212075878896562,-1.22288392030251,,-1.0238854042013665,0.02422114207565011,-0.04432088499504731,0.018238789515118533,0.02238973787443754,-0.05361186380131645,-0.01873575021972466,-0.10793880897978671
xsec,14,30,0.1,rev_ls,btc,top50,126,0.010384027788464876,1.0294280189229204,0.4682665401582175,0.11200241794347798,-0.6187717427047134,45,-0.02821200327905223,-1.7348676448730225,-1.3205124648612345,-0.6120242335049202,-0.8126008415619916,0.059671941400933896,0.006458487419803468,-0.006803455489240217,0.018597025177251373,-0.01842110362604429,-0.021117448488882345,-0.037920341412968905
xsec,14,30,0.2,mom_long,none,all,126,0.03940805949428656,2.0992730216053377,0.9549179705669377,0.6521462617262204,-0.8597316959061881,45,0.028898674899972474,1.504370738786321,1.145067359006075,0.7287072546754343,-0.40122373672958345,0.08007827636331843,0.09418752895682597,-0.04640000355009311,0.04862563967979127,0.02680581246297973,-0.0008254358522695562,0.06957377382409315
xsec,14,30,0.2,mom_short,none,all,126,-0.033803904287846936,-1.8025662240099984,-0.819951889405903,-0.8791487505476454,-0.9999837095729031,45,-0.013869372822243164,-0.5348777084687154,-0.4071277041200733,-0.564914649359003,-0.890067126853849,-0.09496669706109491,-0.07069797786310529,0.019425263586934305,-0.020169047946315372,-0.012020722582306938,0.023525366065360043,-0.06504112077370017
xsec,14,30,0.2,mom_ls,none,all,126,0.00280207760321981,0.41148761375288023,0.18717761481917633,-0.0036234701748265596,-0.5846519842932116,45,0.007514651038864657,0.6893695433144432,0.5247207633001,0.13217824725616567,-0.36989099418721183,-0.007444210348888241,0.01174477554686034,-0.013487369981579404,0.014228295866737949,0.007392544940336397,0.011349965106545241,0.002266326525196489
xsec,14,30,0.2,rev_long,none,all,126,0.031003904287846933,1.6532584581303467,0.7520347260277682,0.3139130427628396,-0.8861320496495989,45,0.011069372822243153,0.42689462928358285,0.3249352657058438,-0.0665933730411179,-0.7467854421493809,0.09216669706109491,0.06789797786310528,-0.022225263586934316,0.01736904794631537,0.009220722582306929,-0.02632536606536005,0.06224112077370016
xsec,14,30,0.2,rev_short,none,all,126,-0.042208059494286555,-2.2484294260547153,-1.0227662826101904,,-1.0193783560780347,45,-0.03169867489997248,-1.650129604311526,-1.2560132281960865,-0.6615328635665845,-0.8980199394292459,-0.08287827636331845,-0.09698752895682598,0.04360000355009311,-0.05142563967979127,-0.02960581246297974,-0.001974564147730447,-0.07237377382409316
xsec,14,30,0.2,rev_ls,none,all,126,-0.005602077603219821,-0.8226701296061669,-0.3742164466100826,-0.19434505742137453,-0.6959506163260383,45,-0.010314651038864664,-0.9462323984620156,-0.7202345841870189,-0.2865667095822507,-0.4787626714930625,0.004644210348888239,-0.014544775546860348,0.010687369981579395,-0.01702829586673795,-0.010192544940336407,-0.014149965106545249,-0.005066326525196498
xsec,14,30,0.2,mom_long,btc,all,75,0.06672386435422438,2.4506300945072934,1.444872566118602,0.8985664810248428,-0.5618870964555612,19,0.056705507707800196,1.5074542926637906,1.7658335613201757,0.6210082376026735,-0.3267890500802052,0.11343041708575896,0.15337057632640452,-0.10326986588901178,0.06629325391994326,0.011693598159786676,-0.0016285030545390138,0.15670666901466743
xsec,14,30,0.2,mom_short,btc,all,51,-0.0146432545957561,-0.6090288269535197,-0.4354468725968715,-0.2618253137041613,-0.8149555883791075,26,-0.016224389180128303,-0.45308150422120924,-0.4537034420626724,-0.43001544003391223,-0.7452744953257788,-0.0729011418246892,0.005720812301202658,-0.008529528792801628,0.022909022589803586,-0.04054548527920518,0.00656357485198191,-0.04281034721759022
xsec,14,30,0.2,mom_ls,btc,all,126,0.016894777151520903,1.7623964377572163,0.8016794444347954,0.33631635115860914,-0.5395751174443344,45,0.007284116975165198,0.5526630647236347,0.4206652121230758,0.08838287992805016,-0.40212935902068625,0.03130635960054564,0.04829110277374037,-0.017018271313198333,0.027306441973222052,-0.003194580746086021,0.0013913079091015107,0.015347960960304982
xsec,14,30,0.2,rev_long,btc,all,75,0.044033146078468706,1.6333911307579851,0.9630347884257696,0.3647918732198252,-0.6818194921274014,19,0.007846718858821376,0.2057424981230572,0.241006981069758,-0.05990816284457712,-0.46252306709021473,0.10044128027474707,0.11565972171579776,-0.09810255718907472,0.03323991603856972,-0.005880622374874493,-0.04611412248096786,0.10035101829846006
xsec,14,30,0.2,rev_short,btc,all,51,-0.0020377582296721023,-0.09033218006525623,-0.06458621261169839,-0.15593860588047515,-0.7016834795246789,26,-0.0113782970788676,-0.6166706519070025,-0.6175171459937563,-0.21168925824986273,-0.4750795421661158,0.006060765563189606,-0.0022946531655002726,0.022647949004175702,-0.0034706867422358983,-0.05815110614678883,-0.002662907463961408,-0.021546251629591496
xsec,14,30,0.2,rev_ls,btc,all,126,0.012692699548301089,1.3715399001860171,0.6238865000206898,0.21187482102653354,-0.5263211039349684,45,-0.0016305340636994618,-0.17067997900939919,-0.12991483266763085,-0.09075290389765889,-0.31391822114273615,0.03735056994943388,0.03514632722688003,-0.004930901331618936,0.011678146106484103,-0.011987125686422418,-0.011358657197443733,0.011681634435108489
xsec,14,30,0.2,mom_long,none,top50,126,0.038766519097954893,2.0582393299051924,0.9362525520149442,0.6201591425657691,-0.8597316959061881,45,0.038803206267547026,1.2774391210228095,0.9723360092610777,0.7638417687078725,-0.6763860869493056,0.08007827636331843,0.09418752895682597,-0.04640000355009311,0.04861211375673939,0.02371033492688586,-0.007192554613212332,0.10174477378858614
xsec,14,30,0.2,mom_short,none,top50,126,-0.03918288957946171,-2.0247523345598157,-0.9210199770680523,-0.9011052185217611,-0.9999942728828717,45,0.01227003528142383,0.5871776344042928,0.44693633408291056,0.05677983291517541,-0.6160208448447351,-0.09496669706109491,-0.07069797786310529,0.019425263586934305,-0.02184690509512247,-0.03641025569286376,0.025882124955854038,-0.006357034799375412
xsec,14,30,0.2,mom_ls,none,top50,126,-0.0002081852407534101,-0.029043562184650484,-0.013211344676926504,-0.08399208915295076,-0.6319763805705063,45,0.025536620774485423,1.866794110849327,1.420929659960606,0.7652305046722079,-0.16522004676079327,-0.007444210348888241,0.01174477554686034,-0.013487369981579404,0.01338260433080846,-0.006349960382988953,0.009344785171320855,0.04769386949460536
xsec,14,30,0.2,rev_long,none,top50,126,0.036382889579461716,1.8800640127536792,0.8552041078591032,0.4587918461986118,-0.8861320496495989,45,-0.015070035281423833,-0.7211705153229887,-0.5489264023043716,-0.47749915495763207,-0.7456700496093123,0.09216669706109491,0.06789797786310528,-0.022225263586934316,0.019046905095122465,0.03361025569286377,-0.028682124955854052,0.0035570347993754124
xsec,14,30,0.2,rev_short,none,top50,126,-0.0415665190979549,-2.2069003461076653,-1.0038755216970516,,-1.0193783560780347,45,-0.04160320626754704,-1.3696178320860588,-1.0424987892942321,-0.8899134474010663,-0.9856204417018745,-0.08287827636331845,-0.09698752895682598,0.04360000355009311,-0.05141211375673939,-0.026510334926885867,0.004392554613212321,-0.10454477378858615
xsec,14,30,0.2,rev_ls,none,top50,126,-0.002591814759246596,-0.36157958584794825,-0.16447543543065113,-0.1372378912693909,-0.5713797997494532,45,-0.028336620774485437,-2.071481471661007,-1.5767295632847331,-0.5898285687880713,-0.7876773759747561,0.004644210348888239,-0.014544775546860348,0.010687369981579395,-0.016182604330808467,0.0035499603829889505,-0.012144785171320864,-0.05049386949460537
xsec,14,30,0.2,mom_long,btc,top50,75,0.06461686533840726,2.374292321456547,1.3998644050392008,0.8426103665723539,-0.5564172744438106,19,0.07048572775933794,1.1633499336862279,1.362749349323662,0.6100118421965093,-0.417735351717309,0.11343041708575896,0.15337057632640452,-0.10326986588901178,0.06555137399219155,0.0032271741857277454,-0.009456626158471515,0.2075297630470113
xsec,14,30,0.2,mom_short,btc,top50,51,-0.016949537587631073,-0.6991999917348833,-0.49991796159092106,-0.28115727046597483,-0.8380557727975328,26,0.01891009670640214,0.7774826074926992,0.778549845616909,0.18249651461948768,-0.3852884425258467,-0.0729011418246892,0.005720812301202658,-0.008529528792801628,0.02673552593632659,-0.056590591502681274,0.02185529104962661,0.015474036639306911
xsec,14,30,0.2,mom_ls,btc,top50,126,0.01580094636274349,1.645212142418432,0.7483746154127675,0.29984463484804835,-0.5395751174443344,45,0.020343237131043072,1.40129312731631,1.066608768117872,0.5189378600361494,-0.24534120540495563,0.03130635960054564,0.04829110277374037,-0.017018271313198333,0.027550476680883187,-0.0087394877378223,0.003701818476790662,0.04311570476317795
xsec,14,30,0.2,rev_long,btc,top50,75,0.051501568933906554,1.838012191362109,1.0836777845187526,0.48399740425000815,-0.674421963652118,19,-0.005983635436716676,-0.16015879984627696,-0.18761018843865718,-0.18597336855229052,-0.4227181234674502,0.10044128027474707,0.11565972171579776,-0.09810255718907472,0.03694569547513001,0.022926548499430974,-0.03338009784645271,0.04098172869425939
xsec,14,30,0.2,rev_short,btc,top50,51,-0.003551304038466118,-0.1541858527362641,-0.11024067236444951,-0.17409125078111787,-0.7325549039902208,26,-0.018450594408161363,-0.6410602239967544,-0.6419401972647999,-0.3751931706146716,-0.656696704897888,0.006060765563189606,-0.0022946531655002726,0.022647949004175702,-0.005434121689083534,-0.06520074966018452,0.0024519218601330222,-0.042836863387838146
xsec,14,30,0.2,rev_ls,btc,top50,126,0.014609131603496897,1.5222823537582038,0.692456274586437,0.25960375022133575,-0.48104854927308494,45,-0.006593383643442357,-0.5817020469304646,-0.4427685340014483,-0.22062168143870942,-0.4163937799128339,0.03735056994943388,0.03514632722688003,-0.004930901331618936,0.012767872350074722,-0.003789527354833347,-0.007042966694530197,-0.00597816473142742
xsec,1,60,0.1,mom_long,none,all,1738,0.0016334545325521668,1.295551318335542,0.5937124646149954,0.09034273131130321,-0.9624450920096086,637,0.0019311652683018422,1.1075098203365192,0.8383479406983143,0.4291385462200752,-0.7274608309750017,0.004521337532600571,0.0074370685575031225,-0.006216923843476997,0.002177591570066092,0.0009463380801957615,-0.002245135174909252,0.007535391965993201
xsec,1,60,0.1,mom_short,none,all,1707,-0.003738010864347616,-3.0195274880018452,-1.3962675959489617,-0.8237357969610763,-0.9998790542229626,637,-0.0009215097711388736,-0.46236230920752647,-0.3499928241384513,-0.5508487903656494,-0.8810098603557759,-0.004009436765144503,-0.010016388489791642,0.0015857942758766496,-0.003500889895728655,-0.002840085795617217,0.0003135689906146712,-0.0025788764918743294
xsec,1,60,0.1,mom_ls,none,all,1738,-0.0010189414752202863,-1.9178711422585792,-0.8789030481225666,-0.35595452215528245,-0.9370944543726271,637,0.0005048277485814842,0.595124208607622,0.4504891474409823,0.10649020292956157,-0.49918120213977946,0.0004803051485646392,-0.0012896599661442602,-0.002315564783800173,-0.0006616491628312813,-0.0009468738577107277,-0.0009657830921472903,0.0024782577370594354
xsec,1,60,0.1,rev_long,none,all,1707,0.000938010864347617,0.7577157187948198,0.35037730548844603,-0.11808512851624786,-0.9659810364191075,637,-0.001878490228861125,-0.9425218345396287,-0.7134575464165211,-0.6849543731704404,-0.9243971748873493,0.001209436765144505,0.007216388489791644,-0.004385794275876649,0.0007008898957286562,4.008579561721824e-05,-0.00311356899061467,-0.00022112350812566908
xsec,1,60,0.1,rev_short,none,all,1738,-0.004433454532552167,-3.516331645579618,-1.6114297428085935,-0.8690418505926826,-0.9999682027481482,637,-0.0047311652683018415,-2.713290303158231,-2.053870129547241,-0.8770955938150727,-0.9843135184031453,-0.0073213375326005685,-0.010237068557503122,0.003416923843476997,-0.004977591570066091,-0.0037463380801957603,-0.0005548648250907465,-0.010335391965993198
xsec,1,60,0.1,rev_ls,none,all,1738,-0.0017560872934793677,-3.3060600739988253,-1.5150685634134853,-0.5011311466763719,-0.9692324920674725,637,-0.0033048277485814826,-3.8959486755344352,-2.949103014010466,-0.7255520164913287,-0.9080500173583358,-0.0031236264482036274,-0.0015103400338557392,-0.00048443521619982564,-0.0021383508371687174,-0.001853126142289271,-0.0018342169078527082,-0.005278257737059434
xsec,1,60,0.1,mom_long,btc,all,1014,0.0031168034248418405,1.8577909006097106,1.1146134673284758,0.4108419296257457,-0.7644524493871289,287,0.0020208085131277315,0.7193906136261601,0.8112790307488236,0.1641332949312022,-0.6526948869499174,0.004358591540039963,0.009049432089063014,-0.012982226230349867,0.003689658538269437,0.0005817004875080421,-0.0029552314503448994,0.010027709181624598
xsec,1,60,0.1,mom_short,btc,all,705,-0.003210641379933072,-1.5010209265500325,-1.0800369674580117,-0.4950330943612907,-0.9689005617663935,350,-0.0012737865949312731,-0.4740227019052889,-0.4840737709463609,-0.40030682343020385,-0.7343908526372325,-0.012789877415414314,-0.007424060371203518,0.0006696253561914018,-0.0024224585252472985,-0.005433710662277356,-0.0012638569469054558,-0.001285309890171111
xsec,1,60,0.1,mom_ls,btc,all,1719,0.0002608890343039006,0.39403079117828266,0.18156772607882146,-0.03877627417548657,-0.754806300114373,637,0.00010529571039380947,0.10831493026867832,0.08199078425330487,-0.06829716803619823,-0.5754214593585563,0.0007834901573667264,0.001387982548672537,-0.0009555678143308027,0.0008819615125533151,-0.0006377583080571128,-0.0010420288667524287,0.0016449040584025475
xsec,1,60,0.1,rev_long,btc,all,1002,0.0013090642441003655,0.8855490709641175,0.5344723014844335,0.047898668167375646,-0.8506970919246757,287,-0.0023080961115347826,-0.7754752570390956,-0.8745274166550434,-0.44796687451480044,-0.7912431117232923,-0.0005983010157933973,0.008810784987507349,-0.00831602616322206,0.0011969683261500803,-0.0011183316349464014,-0.004789027048545651,0.0016839473052917984
xsec,1,60,0.1,rev_short,btc,all,724,-0.002355946553571878,-1.2357738950915633,-0.8774374485609273,-0.4133975739566329,-0.9310404984230486,350,-0.004657657807544613,-2.1299496518323178,-2.1751126174846496,-0.6690892678062591,-0.8906358207339443,-0.007897618424290589,-0.007615527851513659,0.0018398770032937938,-0.0016904894652762105,-0.0045627390620541055,-0.0012234129141977129,-0.008643077807231139
xsec,1,60,0.1,rev_ls,btc,all,1726,-0.00011414337549173622,-0.19453873739216193,-0.08946066649404966,-0.13176860654230382,-0.8031925208502448,637,-0.0017995320381876748,-1.9998689479226892,-1.5138339934972826,-0.5286783777461009,-0.7998223345568986,-0.001139260624723734,0.0012776425148167975,-4.000303053062888e-05,0.00014361067538459714,-0.0010908844503463844,-0.0014762457746051374,-0.002233353678656887
xsec,1,60,0.1,mom_long,none,top50,1738,0.0016089843242431743,1.2585150008535329,0.5767398267724765,0.06678600708430094,-0.9676552469618117,637,0.00031309168267699755,0.1279674203288537,0.09686706279188793,-0.43656284418553126,-0.9497869395213132,0.004521337532600571,0.0074370685575031225,-0.006216923843476997,0.002530199938671753,0.000478493062211895,-0.0036646073721277803,0.005650812840778997
xsec,1,60,0.1,mom_short,none,top50,1707,-0.003532237623673288,-2.8155490841678343,-1.3019454092232197,-0.8132536163662798,-0.9998493682030374,637,0.0021278558060255663,0.9724888518011926,0.7361415775183576,0.24255691111585298,-0.7305810540454896,-0.004009436765144503,-0.010016388489791642,0.0015857942758766496,-0.0037741646217566665,-0.0016078448206683065,0.0009972659349543344,0.0036450076550733593
xsec,1,60,0.1,mom_ls,none,top50,1738,-0.000930125105890583,-1.7037275185521061,-0.7807674229157636,-0.338912054638965,-0.9349738495060679,637,0.0012204737443512817,1.0330057493016858,0.7819508475269735,0.3294894656283802,-0.6767585218735974,0.0004803051485646392,-0.0012896599661442602,-0.002315564783800173,-0.0006219823415424566,-0.0005646758792282056,-0.0013336707185867228,0.004647910247926178
xsec,1,60,0.1,rev_long,none,top50,1707,0.0007322376236732897,0.5836671227635543,0.26989503939730897,-0.18734395090296008,-0.97310093409573,637,-0.004927855806025566,-2.252166157628288,-1.704814553955294,-0.9064318506671042,-0.9887162989236832,0.001209436765144505,0.007216388489791644,-0.004385794275876649,0.0009741646217566681,-0.001192155179331692,-0.0037972659349543333,-0.0064450076550733575
xsec,1,60,0.1,rev_short,none,top50,1738,-0.004408984324243174,-3.4486183780554325,-1.5803987752352149,-0.8697498571994274,-0.9999666641831089,637,-0.0031130916826769967,-1.2723886769306816,-0.9631557278188011,-0.8441500416237108,-0.9853191340966648,-0.0073213375326005685,-0.010237068557503122,0.003416923843476997,-0.005330199938671752,-0.0032784930622118936,0.0008646073721277815,-0.008450812840778995
xsec,1,60,0.1,rev_ls,none,top50,1738,-0.0018449036628090708,-3.380026128234178,-1.5489649963346732,-0.5186302666376397,-0.9743205299448912,637,-0.004020473744351281,-3.402918343842689,-2.5758955212317654,-0.8052376513272538,-0.9544867341426542,-0.0031236264482036274,-0.0015103400338557392,-0.00048443521619982564,-0.002178017658457542,-0.0022353241207717926,-0.0014663292814132759,-0.007447910247926176
xsec,1,60,0.1,mom_long,btc,top50,1014,0.0029754216989108947,1.7490139997203948,1.0493509027278554,0.36032410719169183,-0.8084691414384726,287,-0.0008481095256966137,-0.2264086173742081,-0.2553279959140259,-0.3692734856225127,-0.8485010253997675,0.004358591540039963,0.009049432089063014,-0.012982226230349867,0.00396260630680716,-0.00025465529205088885,-0.005823816186665482,0.007158254828771475
xsec,1,60,0.1,mom_short,btc,top50,705,-0.002994980650445346,-1.388213142789071,-0.9988678281583488,-0.48167194500082167,-0.9645575537466309,350,0.0007367593028207355,0.24724694253094123,0.2524895101961266,-0.15469476589516584,-0.7349451545062786,-0.012789877415414314,-0.007424060371203518,0.0006696253561914018,-0.0023942743044965157,-0.004116899787033933,-0.0018217339990849672,0.003705874986513774
xsec,1,60,0.1,mom_ls,btc,top50,1719,0.00026341368357524095,0.3933452537547859,0.18125183332649608,-0.04081425882505674,-0.7593805162387081,637,1.1348761469646261e-05,0.009659690201636947,0.007312062827456799,-0.14380417543412682,-0.7201323922865024,0.0007834901573667264,0.001387982548672537,-0.0009555678143308027,0.0009798767557324531,-0.0007235484492127177,-0.0018812348724215947,0.002551029005478113
xsec,1,60,0.1,rev_long,btc,top50,1002,0.0011102477695073215,0.7375315093416579,0.44513644262080243,-0.0009873178273223093,-0.8624601397844631,287,-0.0066243149562753584,-2.0543432520955403,-2.3167463834210493,-0.7398667966152181,-0.9327888940330501,-0.0005983010157933973,0.008810784987507349,-0.00831602616322206,0.0016089141676963376,-0.0023128002828863,-0.006791457955289862,-0.006355366676042929
xsec,1,60,0.1,rev_short,btc,top50,724,-0.002495217061932306,-1.2904366744862588,-0.9162497020595955,-0.42825233109275274,-0.938780199242564,350,-0.004065276673543356,-1.259435600606596,-1.2861403852584714,-0.6955495947658386,-0.9449084764730737,-0.007897618424290589,-0.007615527851513659,0.0018398770032937938,-0.0022162730514208675,-0.004919966811136533,-0.0011682647564529277,-0.007427241120537188
xsec,1,60,0.1,rev_ls,btc,top50,1726,-0.00020106282960389733,-0.3371510912614236,-0.155042444182422,-0.1602450401694051,-0.8161073740089687,637,-0.0026091249828816346,-2.2773033428722593,-1.7238425635469667,-0.6696409997998646,-0.8875873734561961,-0.001139260624723734,0.0012776425148167975,-4.000303053062888e-05,0.00020185909727491044,-0.0015588725699845112,-0.0019475641538348712,-0.003496881242448064
xsec,1,60,0.2,mom_long,none,all,1738,0.0017868335885126542,1.5728390795114502,0.7207851615937843,0.25566749544409806,-0.9486371332278403,637,0.0008698760045401756,0.5731998626921315,0.43389314990497474,0.05118148415664736,-0.7778607922099188,0.005458975483625521,0.0066354210747920864,-0.005243163054384407,0.002045215553237924,0.0009254172499728913,-0.002582743548799991,0.005502986802220914
xsec,1,60,0.2,mom_short,none,all,1729,-0.0039126724575168975,-3.432489610292346,-1.5770961333190854,-0.8254349025986271,-0.9999007945183798,637,-0.0012685288871784766,-0.7017182058685544,-0.5311772428904216,-0.5688947732075871,-0.8864091024757653,-0.0041018733803257,-0.009189567904493377,0.000760961924524211,-0.003949834647419425,-0.003135458426564457,0.00042003939419824244,-0.0035344385294670887
xsec,1,60,0.2,mom_ls,none,all,1738,-0.0010527888096121178,-2.817211457033198,-1.291043846603985,-0.335130075635077,-0.9086592623934462,637,-0.0001993264413191505,-0.36165132352897494,-0.27375797195117524,-0.10230071553514064,-0.470005686485383,0.0007451879838212669,-0.001277073414850645,-0.002241100564930098,-0.0009523095470907506,-0.001105020588295783,-0.0010813520773008743,0.0009842741363769126
xsec,1,60,0.2,rev_long,none,all,1729,0.0011126724575168986,0.9761196960782685,0.44848922301924293,-0.008721028517044038,-0.9428683144452581,637,-0.0015314711128215218,-0.8471712173768073,-0.6412803141473973,-0.6123990594423901,-0.9073829907256883,0.0013018733803257015,0.006389567904493378,-0.0035609619245242094,0.0011498346474194266,0.0003354584265644589,-0.003220039394198241,0.0007344385294670906
xsec,1,60,0.2,rev_short,none,all,1738,-0.004586833588512653,-4.037505879455518,-1.8502683241207025,-0.8634730159279334,-0.9999584591727023,637,-0.003669876004540174,-2.4182439921555754,-1.8305299273226212,-0.8006672988842105,-0.9588839634161243,-0.00825897548362552,-0.009435421074792087,0.0024431630543844084,-0.004845215553237923,-0.00372541724997289,-0.0002172564512000076,-0.008302986802220913
xsec,1,60,0.2,rev_ls,none,all,1738,-0.0017399614780748776,-4.657338889409102,-2.134319275079607,-0.4762792912247179,-0.9612716157956649,637,-0.002600673558680848,-4.718576363172019,-3.5718046959538676,-0.6269609591516871,-0.8364478795880886,-0.003499700619200327,-0.0015229265851493543,-0.0005588994350699005,-0.001847690452909248,-0.0016949794117042155,-0.0017186479226991244,-0.0037842741363769113
xsec,1,60,0.2,mom_long,btc,all,1014,0.003296016174165792,2.2509237493257945,1.3504802527047766,0.5640257678308065,-0.7150097655306925,287,0.0014801014262798104,0.5916261188421862,0.6671950608871876,0.10099302453846959,-0.6539022105844543,0.004611819047007114,0.009063367430353362,-0.01012183667310282,0.00365201412735609,0.0003284175723153738,-0.003346649732635467,0.009246782836534392
xsec,1,60,0.2,mom_short,btc,all,716,-0.002778791074797954,-1.3902661297734555,-0.9926310671041213,-0.4529303523639884,-0.9547023358875009,350,-0.0014522414267905237,-0.5975058420862284,-0.6101752194116472,-0.39281784204871784,-0.7047311599605323,-0.008682968785572183,-0.005201303088149623,0.00015504827187085574,-0.002063990341583713,-0.0054422241934412195,-0.001390594288514496,-0.001523782550221964
xsec,1,60,0.2,mom_ls,btc,all,1730,0.0003909092459678551,0.6548810662703152,0.3008055293276396,0.029216180814928938,-0.6998468707202246,637,-6.553798275853855e-05,-0.07502296066603538,-0.05678987529009044,-0.1063600315788854,-0.5712149320740316,0.0009961999414836635,0.0018155341232973451,-0.0008938526602333169,0.0009255406062423226,-0.0007266143279550112,-0.0011695736012564423,0.0014159804023581345
xsec,1,60,0.2,rev_long,btc,all,1013,0.0019141128030517093,1.430554957953703,0.8587094779046051,0.22558569357012104,-0.755033627036033,287,-0.001755510795275237,-0.6480468771001439,-0.7308224938931679,-0.3735935537741534,-0.7851223285100564,0.0001725800943812196,0.008842527238439314,-0.006160243680834254,0.0020173230281038544,-0.0006948361649654782,-0.00514319833402872,0.0036955864261735477
xsec,1,60,0.2,rev_short,btc,all,724,-0.0024731441660647492,-1.3770982811609678,-0.9777821064507833,-0.41046115469786015,-0.929346422488132,350,-0.0031694911587136737,-1.711084692988658,-1.7473661417783974,-0.5313285367780123,-0.7712353067090828,-0.011258742537880865,-0.005487824842009007,0.001305904677048021,-0.0013521751747201717,-0.005062062545967155,-0.0009364659966195789,-0.005760903075217932
xsec,1,60,0.2,rev_ls,btc,all,1737,4.2728812107225965e-05,0.07896426830184296,0.036197380120200066,-0.07078370505320541,-0.7059150082048835,637,-0.0012662115414393872,-1.594624891827833,-1.207077779088163,-0.41515599626098554,-0.7191559236567865,-0.0011769539393455988,0.0016926075381479906,-5.2752095303218204e-05,0.0004778501533330737,-0.0010215937396592274,-0.0014882215239555674,-0.0009682937340187774
xsec,1,60,0.2,mom_long,none,top50,1738,0.0017164479236427828,1.4912923621529255,0.6834147372354549,0.2133070559563719,-0.948607530250081,637,-0.001042144056361111,-0.5591915739432421,-0.42328934323013157,-0.5441332514004301,-0.9205704023816711,0.005458975483625521,0.0066354210747920864,-0.005218691172394336,0.0018090043526012114,0.000802342293038979,-0.003287088057834165,0.0019703727103214798
xsec,1,60,0.2,mom_short,none,top50,1729,-0.003888108512079155,-3.3848132682293217,-1.555190699288656,-0.8250819293306383,-0.9999024551388674,637,0.00022332416201206978,0.1173869548416362,0.08885800382919343,-0.28713098075908916,-0.71752958502314,-0.0041018733803257,-0.009189567904493377,0.000760961924524211,-0.003959171038950981,-0.0030101063922178106,0.0010569005503830665,-0.0008952618003240093
xsec,1,60,0.2,mom_ls,none,top50,1738,-0.0010757632698773598,-2.8078076693238563,-1.286734371634825,-0.341834929350197,-0.91056986719759,637,-0.0004094099471745201,-0.5575269919284027,-0.42202931024564744,-0.19102328042550631,-0.652548818033846,0.0007451879838212669,-0.001277073414850645,-0.0022288646239350626,-0.001075083343174885,-0.0011038820495894157,-0.0011150937537255494,0.0005375554549987352
xsec,1,60,0.2,rev_long,none,top50,1729,0.001088108512079157,0.947258575092931,0.43522865489610923,-0.022583063282732074,-0.945741278563492,637,-0.0030233241620120687,-1.5891644400687708,-1.2029443994978122,-0.7844074293725032,-0.9535065430758065,0.0013018733803257015,0.006389567904493378,-0.0035609619245242094,0.0011591710389509823,0.00021010639221781186,-0.003856900550383065,-0.001904738199675989
xsec,1,60,0.2,rev_short,none,top50,1738,-0.004516447923642782,-3.9240015381856934,-1.7982526754574082,-0.8615875891314015,-0.999960198169153,637,-0.0017578559436388875,-0.9432268273171469,-0.7139912024007724,-0.6503267241196705,-0.91152782487765,-0.00825897548362552,-0.009435421074792087,0.0024186911723943372,-0.00460900435260121,-0.0036023422930389773,0.00048708805783416676,-0.004770372710321478
xsec,1,60,0.2,rev_ls,none,top50,1738,-0.0017169870178096352,-4.482622029697736,-2.0542517579377186,-0.47322372884536945,-0.9595634270388728,637,-0.002390590052825478,-3.2554618916418425,-2.4642759122898807,-0.6080973796058577,-0.8337561974384925,-0.003499700619200327,-0.0015229265851493543,-0.0005711353760649361,-0.0017249166568251138,-0.0016961179504105827,-0.0016849062462744493,-0.003337555454998734
xsec,1,60,0.2,mom_long,btc,top50,1014,0.003216578477742438,2.165056832095067,1.2989629251562687,0.5297516254790653,-0.7069864589233257,287,-0.0004465078046956011,-0.15247285561198454,-0.1719483520821656,-0.24061799819677798,-0.7547408193972723,0.004611819047007114,0.009063367430353362,-0.01009188125071837,0.0033392815411008325,0.0003108934547106566,-0.003859034754370029,0.0050445582870532486
xsec,1,60,0.2,mom_short,btc,top50,716,-0.002765389355884175,-1.3739428590581229,-0.9809764743022164,-0.45354618844811045,-0.9547069785454823,350,-0.0007032592338977171,-0.26813521415829894,-0.2738206919613983,-0.31919296940814046,-0.684898631544556,-0.008682968785572183,-0.005201303088149623,0.00015504827187085574,-0.0020635155564601,-0.005357790295626619,-0.0008721137264728131,-0.000507304637576001
xsec,1,60,0.2,mom_ls,btc,top50,1730,0.00037040225364675245,0.6138622746152472,0.2819644298186031,0.019604340531701014,-0.7133591726332253,637,-0.0002937900092714589,-0.3009640313814864,-0.22781971888634475,-0.19587659322012263,-0.6321026655715043,0.0009961999414836635,0.0018155341232973451,-0.0008910212572956087,0.0008185152003867077,-0.0007196369663442784,-0.0011602829206854575,0.0008689670225892376
xsec,1,60,0.2,rev_long,btc,top50,1013,0.0018816592680866652,1.3944005798334547,0.8370073356786165,0.21410729424609798,-0.7660863512561152,287,-0.004153303913121565,-1.5046783665262138,-1.6968723022823153,-0.5815084416862208,-0.8520539558665986,0.0001725800943812196,0.008842527238439314,-0.006160243680834254,0.0020311725608967877,-0.0008384638887513395,-0.005905797070433378,-0.0013333831054471042
xsec,1,60,0.2,rev_short,btc,top50,724,-0.002415436346492159,-1.3299602358574554,-0.9443126454389054,-0.4078154807223725,-0.9275873612965893,350,-0.0012694342172731693,-0.5291440090127878,-0.5403638576526949,-0.3670007280331624,-0.7309826418067074,-0.011258742537880865,-0.005487824842009007,0.0012827110527850179,-0.0012823148123846432,-0.004702665798322742,-5.139367241502407e-05,-0.0026829627508122528
xsec,1,60,0.2,rev_ls,btc,top50,1737,4.529214844889727e-05,0.08289050201765404,0.03799717358765428,-0.07154191542655663,-0.697419066670395,637,-0.0012843800620969375,-1.4178901614090713,-1.073295491495065,-0.4317636737188921,-0.7381443603669744,-0.0011769539393455988,0.0016926075381479906,-6.215663336054555e-05,0.0004935985435615932,-0.0010157549167548617,-0.0014451891669599074,-0.001068588432409497
xsec,3,60,0.1,mom_long,none,all,579,0.006808570273097549,1.9097394001025092,0.8754283992323144,0.43896769437245076,-0.9066218637559835,212,0.009815378981486425,1.6404061273754782,1.2427084666852077,1.1427268845098415,-0.5985513306080198,0.012276329153793817,0.022829717665272163,-0.013764300367516665,0.007868326935081531,0.006185995381175518,-0.0005724004712053733,0.02389659112846865
xsec,3,60,0.1,mom_short,none,all,569,-0.0076186593741283505,-2.0469136520322917,-0.9465186905549676,-0.7414214320963677,-0.9992580559104303,212,-0.0025205591118333064,-0.380212139460484,-0.2880340648324645,-0.6131880402634542,-0.9056584810925858,-0.0025391438675170528,-0.025593941148275557,0.005786886351490617,-0.006711425423297601,-0.00736282151898247,0.002360156152940216,-0.00913663980408186
xsec,3,60,0.1,mom_ls,none,all,579,-0.00033925301878717724,-0.2243003849344741,-0.10281974960554234,-0.11049254242045825,-0.7495116573946605,212,0.003647409934826562,1.2310775488754961,0.9326169096803639,0.3949474890620901,-0.4068738296546004,0.005006589592459961,-0.0013821117415016957,-0.003988707008013024,0.0005784507558919652,-0.000588413068903476,0.0008938778408674211,0.007379975662193394
xsec,3,60,0.1,rev_long,none,all,569,0.00481865937412835,1.2946345509146964,0.5986553456528831,0.11266855684948873,-0.8905892592359914,212,-0.00027944088816669405,-0.042152083418237674,-0.03193279400636806,-0.4404742911364692,-0.853546495747413,-0.0002608561324829464,0.02279394114827555,-0.008586886351490618,0.0039114254232976015,0.00456282151898247,-0.005160156152940217,0.006336639804081858
xsec,3,60,0.1,rev_short,none,all,579,-0.009608570273097548,-2.6951128494176304,-1.2354451750796334,-0.7909425777144269,-0.9996519448971407,212,-0.01261537898148643,-2.1083592410876264,-1.5972117123858283,-0.8738881795087508,-0.985265722291027,-0.01507632915379382,-0.025629717665272167,0.010964300367516663,-0.010668326935081532,-0.008985995381175518,-0.0022275995287946264,-0.02669659112846865
xsec,3,60,0.1,rev_ls,none,all,579,-0.002436567361178281,-1.6112689091377568,-0.7386089231774501,-0.30122838368069305,-0.8280758212758852,212,-0.006447409934826563,-2.1761364258441196,-1.6485570956658449,-0.595287375530845,-0.8278226280658496,-0.0076544156794164835,-0.0014178882584983076,0.001188707008013023,-0.0033784507558919643,-0.0022115869310965247,-0.0036938778408674216,-0.010179975662193395
xsec,3,60,0.1,mom_long,btc,all,331,0.009710638273376222,1.975368402389754,1.1976224006695277,0.464131713490497,-0.7013998155528658,93,0.004825619617972311,0.5158640774175269,0.5900375038957687,0.052771442618380515,-0.5673392330887599,0.00749305631244322,0.031103790154071068,-0.036300718465573915,0.012291053526657101,0.0037781360182081777,-0.005507199452978546,0.02194857693554802
xsec,3,60,0.1,mom_short,btc,all,243,-0.008868911692105711,-1.5146404342471846,-1.0717468468655673,-0.4731871868500035,-0.9609851992660684,119,-0.0038619963386610323,-0.503467043830772,-0.5090768776359376,-0.3986776004888085,-0.6864819591931318,-0.029006798841566542,-0.017144114127091065,-0.0006802709642200266,-0.0009889535900888397,-0.017938166923422465,-0.003534428358686176,-0.004243166351722682
xsec,3,60,0.1,mom_ls,btc,all,574,0.0009225398321479451,0.4878696994208109,0.2246123876625674,-0.011232225669019824,-0.6925801130404006,212,-2.5459763748202995e-05,-0.008570736917084619,-0.006492860002683108,-0.10930524459533197,-0.5014606684604204,0.00018045035381835707,0.0056650294456498515,-0.0038437860560136742,0.004005360327158751,-0.0015819804118942513,-0.0022361515706093072,0.002971255796663517
xsec,3,60,0.1,rev_long,btc,all,326,0.003886722830359951,0.8065468599718812,0.492727282037272,0.017677777121073657,-0.8123243729386882,93,-0.0019959035762580845,-0.1729748722813769,-0.1978460341501681,-0.3409233483594334,-0.7674331752502745,-0.007183165894926658,0.02866187657965367,-0.03499444539064241,0.006633088856165184,-0.0004063166831037925,-0.011664525269217612,0.014026383800646278
xsec,3,60,0.1,rev_short,btc,all,248,-0.005735245643693355,-1.119532900114625,-0.7841458084340918,-0.36253802462119955,-0.8876096406930962,119,-0.016514938820199145,-2.1243081967061173,-2.147978099394878,-0.7605206298754086,-0.9394804815697504,-0.030295833649000268,-0.013715053281401744,0.00544517756799244,-0.0013692607681790492,-0.014110414025439345,-0.006699761106026564,-0.0279362365239636
xsec,3,60,0.1,rev_ls,btc,all,574,-0.00013525198339599964,-0.07679276595906341,-0.035354945260497136,-0.1096546008743502,-0.6891426396779831,212,-0.005072869698574763,-1.5177588783543612,-1.1497956372153237,-0.5342319513913807,-0.8086812922322343,-0.006513874272691027,0.005647141187151545,-0.0012550790480006506,0.002026909571266786,-0.0023935673429907756,-0.004530029411476728,-0.005808719865529878
xsec,3,60,0.1,mom_long,none,top50,579,0.007361134965219105,1.9988233426317883,0.916264658463037,0.49403162380395105,-0.906117661721638,212,0.006515317321070746,0.8980301872750754,0.6803130629919893,0.17256146419060991,-0.82327492154382,0.012276329153793817,0.022829717665272163,-0.013764300367516665,0.009741790065547849,0.006950306184060411,-0.007102609348439086,0.024975173473072956
xsec,3,60,0.1,mom_short,none,top50,569,-0.0072023257024693395,-1.9196190066929057,-0.8876560409743816,-0.7305210014680658,-0.9991373920768238,212,0.0070700233430807955,1.0304138725093002,0.7806018413293214,0.23096174689932458,-0.7384475270390731,-0.0025391438675170528,-0.025593941148275557,0.005786886351490617,-0.00811159720149599,-0.004032373614589165,0.005331630300214975,0.009426511690076685
xsec,3,60,0.1,mom_ls,none,top50,579,0.00014160088096442841,0.09030156929190072,0.041394421798665974,-0.06496131520086068,-0.7336019513668935,212,0.006792670332075769,1.8876681143942278,1.4300246194535613,0.9440108251747044,-0.3937126782027769,0.005006589592459961,-0.0013821117415016957,-0.003988707008013024,0.00081509643202593,0.0014589662847356226,-0.0008854895241120549,0.01720084258157482
xsec,3,60,0.1,rev_long,none,top50,569,0.004402325702469337,1.1733415623255499,0.5425679378528953,0.05280918548323221,-0.9028840380598353,212,-0.009870023343080797,-1.4384972271208027,-1.0897500647027507,-0.837170131481868,-0.9661699775457886,-0.0002608561324829464,0.02279394114827555,-0.008586886351490618,0.0053115972014959895,0.001232373614589164,-0.008131630300214977,-0.012226511690076686
xsec,3,60,0.1,rev_short,none,top50,579,-0.010161134965219107,-2.7591280219798895,-1.2647898595113156,-0.8104725822542638,-0.9997898626683923,212,-0.009315317321070748,-1.2839645018230852,-0.9726820271584989,-0.8521535217770561,-0.9852333561382002,-0.01507632915379382,-0.025629717665272167,0.010964300367516663,-0.012541790065547849,-0.009750306184060413,0.004302609348439082,-0.02777517347307296
xsec,3,60,0.1,rev_ls,none,top50,579,-0.0029174212609298874,-1.8608117304064447,-0.8529998565956102,-0.34297314992622907,-0.8742507330556712,212,-0.00959267033207577,-2.6657819432584438,-2.019493670463192,-0.7409371020544482,-0.92349667605793,-0.0076544156794164835,-0.0014178882584983076,0.001188707008013023,-0.0036150964320259293,-0.004258966284735624,-0.0019145104758879477,-0.020000842581574824
xsec,3,60,0.1,mom_long,btc,top50,331,0.010171375372182136,1.9877231985434842,1.2051128417495374,0.47963903423715326,-0.7013998155528658,93,0.0069476319903944974,0.5595264961839448,0.6399779159360074,0.026128406186973097,-0.7095352145521383,0.00749305631244322,0.031103790154071068,-0.036300718465573915,0.014746213406268393,0.0031899537239507285,-0.01209421282057881,0.03850268910572169
xsec,3,60,0.1,mom_short,btc,top50,243,-0.008122590848753256,-1.3829469275190474,-0.9785616278543624,-0.4541545993613224,-0.9534005834403032,119,-0.00013649700018394194,-0.015742865374771105,-0.015918278759721967,-0.27294514155986815,-0.6876341190403897,-0.029006798841566542,-0.017144114127091065,-0.0006802709642200266,-0.001069859590440723,-0.013207107976028346,-0.00427273896616428,0.004676584560229543
xsec,3,60,0.1,mom_ls,btc,top50,574,0.0012133585992554405,0.6264400700601586,0.28840938478196493,0.01673485034934097,-0.6323685884431784,212,0.00148558167944528,0.40755199437179057,0.30874568533255614,0.014682377920337109,-0.6146626401302828,0.00018045035381835707,0.0056650294456498515,-0.0038437860560136742,0.004824235435069504,-0.0010258649671196522,-0.0039955722845413325,0.00891559038618269
xsec,3,60,0.1,rev_long,btc,top50,326,0.0037163611915889965,0.761924113194604,0.4654668141986497,-0.0004845968896838304,-0.8052973665272687,93,-0.0190912698038174,-1.73480732690287,-1.9842462960982334,-0.7346006446693053,-0.9207509779509055,-0.007183165894926658,0.02866187657965367,-0.03499444539064241,0.008660716309193009,-0.003078646145605151,-0.01872955500794381,-0.019690682894122194
xsec,3,60,0.1,rev_short,btc,top50,248,-0.006410370551086999,-1.2267627911913925,-0.8592520153334892,-0.3878672475632583,-0.9082535563062382,119,-0.008977457957649666,-1.0455054851688181,-1.0571549309191486,-0.6080852882958756,-0.8932594421693387,-0.030295833649000268,-0.013715053281401744,0.00544517756799244,-0.002019669195314909,-0.017753107573524607,-0.00022103129818754592,-0.019166754434114676
xsec,3,60,0.1,rev_ls,btc,top50,574,-0.0003294757388602464,-0.18423156424467943,-0.08481914654042555,-0.1321484896978633,-0.7066035888499586,212,-0.0067070886526304895,-1.9686518130083048,-1.4913747487000375,-0.6207291012364611,-0.8355905128240443,-0.006513874272691027,0.005647141187151545,-0.0012550790480006506,0.002609139003043575,-0.0038848312518552754,-0.004510082760429279,-0.009685252195392133
xsec,3,60,0.2,mom_long,none,all,579,0.006970001071854089,2.1997423456245566,1.0083663353493548,0.597336173664009,-0.8917162379699873,212,0.005925990982176705,1.177851202640544,0.8922946809267321,0.5002744065795484,-0.6496590008333185,0.01764001098878871,0.0193162911722976,-0.011792107327535958,0.0076753971981859195,0.004639968193389673,-0.0028259421067515526,0.017789722502723895
xsec,3,60,0.2,mom_short,none,all,576,-0.0076407344481417205,-2.3293945427082017,-1.0705762800782443,-0.7133125506502922,-0.9988284032526468,212,-0.003330480678559952,-0.5585827591712942,-0.4231607725564561,-0.5929840383119139,-0.8959853886825117,-0.008535959760514533,-0.020941084453251144,0.0049811898809583015,-0.008228660850878762,-0.0057261272349818084,0.002441286371316226,-0.011154431568392107
xsec,3,60,0.2,mom_ls,none,all,579,-0.0003155720393144332,-0.29069777042483486,-0.13325644525622504,-0.07347692363536595,-0.6167411734934741,212,0.0012977551518083754,0.634725280892364,0.48084341275051906,0.10995261878369655,-0.31874900805680684,0.004691198871101998,-0.0008123966404767724,-0.003405458723288829,-0.0002766318263464211,-0.000543079520796068,-0.00019232786771766313,0.0033176454671658955
xsec,3,60,0.2,rev_long,none,all,576,0.004840734448141721,1.4757717969040685,0.6782561955936797,0.21688929462179107,-0.8529920499410939,212,0.0005304806785599523,0.08897134969874726,0.06740126589257486,-0.31955556522032647,-0.8229069533859231,0.005735959760514533,0.018141084453251143,-0.007781189880958302,0.005428660850878763,0.0029261272349818098,-0.005241286371316227,0.008354431568392107
xsec,3,60,0.2,rev_short,none,all,579,-0.009770001071854089,-3.0834263657921936,-1.4134488754912224,-0.7732645628691459,-0.9994985061803005,212,-0.008725990982176707,-1.734379786182554,-1.3138992891870611,-0.7566858408284465,-0.9489831618817777,-0.02044001098878871,-0.022116291172297603,0.008992107327535961,-0.010475397198185918,-0.007439968193389674,2.5942106751552663e-05,-0.020589722502723895
xsec,3,60,0.2,rev_ls,none,all,579,-0.0024771740746752048,-2.2829659560100524,-1.0465162064858027,-0.27841912130909097,-0.8016026938889406,212,-0.004097755151808376,-2.0041906873845763,-1.518297630385754,-0.4253722976170956,-0.6601385345380992,-0.007445546697188955,-0.0019876033595232294,0.0006054587232888293,-0.002523368173653578,-0.0022569204792039325,-0.002607672132282337,-0.006117645467165895
xsec,3,60,0.2,mom_long,btc,all,331,0.009918110958665472,2.358091504106042,1.429658996635444,0.5913758128223474,-0.7031490145987523,93,0.00697399075474326,0.7937653147979984,0.9078967222665879,0.20716718148560131,-0.5474404238237476,0.011022206079348867,0.03011949585105352,-0.03347333164845976,0.012953983491694554,0.0010104808883382862,-0.005852075543060458,0.028228614905389426
xsec,3,60,0.2,mom_short,btc,all,246,-0.0072118074220558805,-1.3652337177607485,-0.9601194264302467,-0.4084430903088416,-0.9327810333907585,119,-0.004522968532571154,-0.6528573839989336,-0.6601317855066122,-0.39730359887645184,-0.6872120394938951,-0.030141570987781436,-0.010327429805103192,0.0007269718398299637,-0.002683904594641638,-0.015935196844289002,-0.0037268129146230287,-0.0054494041607289715
xsec,3,60,0.2,mom_ls,btc,all,577,0.001307443762125238,0.7884549990218952,0.36205521664061296,0.061957174239847035,-0.600918554514136,212,0.0002602544453187652,0.09505370779995949,0.07200902599761724,-0.06189185065462843,-0.4844638468668897,0.0009373500322155114,0.006771443487789728,-0.003000478357621712,0.003956836227801362,-0.002203290013095054,-0.0023685918362023784,0.0038238016269363127
xsec,3,60,0.2,rev_long,btc,all,330,0.005160480049405709,1.2396001860987405,0.7526801585084966,0.1666008161146706,-0.7031658536937393,93,-0.0009953908765726618,-0.09620844187072625,-0.11004175592005619,-0.2652021293087442,-0.748591112353334,-0.0005265362473889173,0.025511677958909445,-0.02515258021556568,0.008065801021528126,-0.0018709054730059072,-0.012047464893731959,0.01731947463757703
xsec,3,60,0.2,rev_short,btc,all,248,-0.005835225376150188,-1.2115823504816072,-0.8486192961418141,-0.35153195895878675,-0.8775549421232678,119,-0.00790696594983477,-1.3643165857709485,-1.3795183539851523,-0.4967935662713674,-0.7724351456115,-0.04149666297337002,-0.00655967643488908,0.0036824197387382946,0.000623168854832234,-0.015164261688755443,-0.00271649131990339,-0.013946790973754924
xsec,3,60,0.2,rev_ls,btc,all,578,0.00022129976039674505,0.1402878156824078,0.0643638240366097,-0.055293512587350824,-0.5827905428571291,212,-0.002437500706489611,-0.8745311854528713,-0.6625111247793922,-0.3270908731108281,-0.648287811509531,-0.0052157010246372286,0.006183840128266499,-0.0009950196343328829,0.0028334680541477835,-0.0030602104922989857,-0.0035762639684847153,-0.0008938438402295815
xsec,3,60,0.2,mom_long,none,top50,579,0.007063026163757461,2.2033228401287643,1.010007641263717,0.6030327841929326,-0.8841721892802327,212,-0.00015821833529862356,-0.027904309747082683,-0.02113922973159494,-0.3437792470167579,-0.8353109527175709,0.01764001098878871,0.0193162911722976,-0.011788699545224355,0.007891646863190393,0.0048635712204757,-0.007362495697950378,0.009607579867407087
xsec,3,60,0.2,mom_short,none,top50,576,-0.007731220742637242,-2.3377846404093887,-1.0744323205307076,-0.7179407397835933,-0.9989401195983357,212,0.0028710101441194557,0.4872552689879626,0.3691258147012035,-0.11867316514318105,-0.6979505389865415,-0.008535959760514533,-0.020941084453251144,0.0049811898809583015,-0.00850939352067443,-0.0058749096332125035,0.004413784903689743,0.0007796932478130651
xsec,3,60,0.2,mom_ls,none,top50,579,-0.0003140682201584475,-0.285059611298802,-0.13067190172214121,-0.07442746606778938,-0.6396641288129012,212,0.0013563959044104155,0.6065739939013024,0.45951708257650975,0.10702977264262636,-0.37961283534331336,0.004691198871101998,-0.0008123966404767724,-0.003403754832133027,-0.00030887332874201916,-0.0005056692063684019,-0.0014743553971303177,0.005193636557610076
xsec,3,60,0.2,rev_long,none,top50,576,0.0049312207426372425,1.4911140807335292,0.6853074206433238,0.22196909111755958,-0.8603232784634874,212,-0.005671010144119456,-0.9624590072822183,-0.72912185417196,-0.6794836836769462,-0.9086674401084861,0.005735959760514533,0.018141084453251143,-0.007781189880958302,0.005709393520674431,0.0030749096332125035,-0.007213784903689744,-0.0035796932478130645
xsec,3,60,0.2,rev_short,none,top50,579,-0.009863026163757461,-3.0767875292470235,-1.4104056194065486,-0.777812759144491,-0.9995577932095286,212,-0.002641781664701376,-0.4659200447081953,-0.3529630709704701,-0.5329189350017733,-0.8674635574373459,-0.02044001098878871,-0.022116291172297603,0.008988699545224356,-0.010691646863190392,-0.007663571220475702,0.004562495697950378,-0.012407579867407089
xsec,3,60,0.2,rev_ls,none,top50,579,-0.0024786778938311904,-2.2507417933159224,-1.0317445852046954,-0.27939858582933297,-0.7994561103428732,212,-0.004156395904410416,-1.8587210826687908,-1.4080954637339596,-0.4359590945171651,-0.6859399479949015,-0.007445546697188955,-0.0019876033595232294,0.0006037548321330272,-0.00249112667125798,-0.0022943307936315986,-0.0013256446028696827,-0.007993636557610076
xsec,3,60,0.2,mom_long,btc,top50,331,0.010193618876262103,2.3907613007947544,1.4494659755728345,0.612926118068972,-0.6898831135011085,93,0.003381254999604735,0.33374301492693426,0.3817301961709458,-0.058661658340116385,-0.6500952907136857,0.011022206079348867,0.03011949585105352,-0.03347333164845976,0.013127116131853751,0.0019381464814880592,-0.008367947239275673,0.022851361566892273
xsec,3,60,0.2,mom_short,btc,top50,246,-0.006813901018470132,-1.2854307978158643,-0.9039969232074189,-0.39743290780240126,-0.9262808857781644,119,-0.00011128701989034387,-0.015415931321788964,-0.01558770187504915,-0.19739905205420682,-0.6035967934615212,-0.030141570987781436,-0.010327429805103192,0.0007269718398299637,-0.0026339966639575764,-0.013475233613893734,-0.0019479581710288194,0.0020259303196162445
xsec,3,60,0.2,mom_ls,btc,top50,577,0.001471289599219327,0.8795266191681124,0.4038749212562908,0.08054069463101854,-0.5933220929764621,212,0.0007104093386704933,0.23678259421314593,0.1793773686173339,-0.027230534701861098,-0.49500716887680907,0.0009373500322155114,0.006771443487789728,-0.003000478357621712,0.004023544020320917,-0.0014945407908948639,-0.002500042060753416,0.005062354569000683
xsec,3,60,0.2,rev_long,btc,top50,330,0.0056150409006527225,1.3323426724149259,0.8089930165443037,0.1958781222104704,-0.7035966251394472,93,-0.00948706780559436,-0.9697784971302671,-1.1092179293488666,-0.523399873236689,-0.81766943899457,-0.0005265362473889173,0.025511677958909445,-0.02515258021556568,0.00850378958667391,-0.0004963269360232583,-0.014233639330965399,-0.0016213207064080697
xsec,3,60,0.2,rev_short,btc,top50,248,-0.005684694761180699,-1.1701663563600027,-0.819610610296796,-0.34830519195434184,-0.8744746353429302,119,0.00012436136173570383,0.01973139495385623,0.01995125015151326,-0.14294427010638266,-0.6361649001944227,-0.04149666297337002,-0.00655967643488908,0.003678177397493236,0.00031626288117872064,-0.013889475152167345,0.003651305238624331,-0.003979718785916518
xsec,3,60,0.2,rev_ls,btc,top50,578,0.0003833557062652115,0.24040881417595245,0.11029917699696144,-0.0392365686250733,-0.561366085690538,212,-0.0020459865657399216,-0.7363325283108817,-0.5578171478130611,-0.29368906818920326,-0.6196604725988315,-0.0052157010246372286,0.006183840128266499,-0.000996723525488685,0.0029324173490629366,-0.0023888715845264627,-0.002425686663623098,-0.0015312819886093936
xsec,7,60,0.1,mom_long,none,all,248,0.018413713704407184,2.057935328985915,0.9436333788765554,0.5699916967048653,-0.857085990938893,91,0.029513794000679033,2.0943249826646784,1.5853340567548837,2.0066723067322387,-0.5418267722618986,0.03673895460000985,0.04731541092552857,-0.023158029199063217,0.021114614186731665,0.014286519753968116,-0.00016416528491461843,0.0709067372147965
xsec,7,60,0.1,mom_short,none,all,243,-0.017539808550037193,-1.8539391535018652,-0.8587954837003526,-0.7773926737251831,-0.9996210298583525,91,0.0007691480517194173,0.05725235163858313,0.043338117834257964,-0.363522853309835,-0.8134687961174705,-0.016267842320327682,-0.05051820302907677,0.014612761424829711,-0.016464087305331797,-0.018645836406720552,0.004998850002802762,-0.005130173090581042
xsec,7,60,0.1,mom_ls,none,all,248,0.0006137651633748849,0.14517646482324595,0.06656834940581877,-0.07892214017834909,-0.6676433947735851,91,0.015141471026199227,2.0187155555890204,1.528100245981994,0.9280921748620132,-0.4414047022531181,0.011252296284861567,-0.0016013960517740993,-0.004272633887116754,0.002325263440699934,-0.002179658326376218,0.002417342358944071,0.032888282062107733
xsec,7,60,0.1,rev_long,none,all,243,0.01473980855003719,1.5579821243817142,0.7217000674361944,0.2408705136943048,-0.8658316892495072,91,-0.003569148051719417,-0.26567332368638347,-0.2011058319494452,-0.45070926469222505,-0.7581253260097129,0.013467842320327671,0.047718203029076776,-0.01741276142482972,0.013664087305331796,0.015845836406720545,-0.00779885000280277,0.002330173090581038
xsec,7,60,0.1,rev_short,none,all,248,-0.021213713704407187,-2.370866170295858,-1.087122818501218,-0.8124327988051243,-0.9997629513634195,91,-0.03231379400067903,-2.293015464522964,-1.7357361148166681,-0.8987181329734012,-0.9897841104992188,-0.039538954600009855,-0.05011541092552858,0.020358029199063214,-0.023914614186731666,-0.01708651975396812,-0.0026358347150853834,-0.07370673721479651
xsec,7,60,0.1,rev_ls,none,all,248,-0.0033855393569232764,-0.8009132650483697,-0.367245986712841,-0.2433454349672597,-0.7463883737610368,91,-0.01794147102619923,-2.3920216594589108,-1.8106804973556025,-0.6622138093675203,-0.8894686774755134,-0.013877296284861573,-0.0011986039482259027,0.0014726338871167476,-0.005125263440699935,-0.0006203416736237868,-0.005217342358944076,-0.03568828206210774
xsec,7,60,0.1,mom_long,btc,all,146,0.028840442712995448,2.3180106652187744,1.3852763319058643,0.7040981313596875,-0.5742194861797358,41,0.026241710862992706,1.117261718005515,1.2599705730207191,0.4619246533749257,-0.42759660826077517,0.03659422948953135,0.07196603839828028,-0.05035256185641246,0.030552692772360692,0.008772410509726757,-0.0032075219231542823,0.07728704769231416
xsec,7,60,0.1,mom_short,btc,all,100,-0.011728043571202886,-0.8741132521898993,-0.6311972771122137,-0.3495230099598233,-0.8838822254957426,50,0.0061887977262970635,0.39478307296928583,0.40315396302731865,-0.0027855274459097634,-0.4390943905332234,-0.07870174688845541,-0.0038767261686308537,0.0014801942975252677,-0.014751881034528506,-0.02978295102651704,0.0038902225386068514,0.008887125120542091
xsec,7,60,0.1,mom_ls,btc,all,246,0.006174594062961475,1.3350299547291542,0.6146400690363788,0.19383675987837323,-0.5718574263331377,91,0.007611813360975572,1.1189946574731426,0.8470415787915804,0.33740087414761644,-0.2859637314923741,0.010711853140950758,0.02066861481543693,-0.005240605484384027,0.007870791052361919,-0.0019161134577918586,0.00020415508056956296,0.017943547278383955
xsec,7,60,0.1,rev_long,btc,all,143,0.018803979863907336,1.4372879343216627,0.867906964337063,0.24672844692798224,-0.7108463908386438,41,0.003040180819716733,0.13178473773788676,0.14861772210311314,-0.1518168808196877,-0.5069877595498636,0.0030621915589730524,0.07931404219260466,-0.0611879851825112,0.01449573035115054,0.010436380734247961,-0.008950116984852367,0.023823363680969843
xsec,7,60,0.1,rev_short,btc,all,102,-0.006289180025447521,-0.5064828482644353,-0.3621279692193224,-0.28052251654752336,-0.7722606832210005,50,-0.03499690217358183,-2.0401522320991456,-2.0834111537851854,-0.7184018974220462,-0.9165956267290871,-0.04022123012083706,-0.013726389418133209,0.012199669401858442,-0.0044832759222013146,-0.02843909760975915,-0.005566474440797652,-0.06954566516424152
xsec,7,60,0.1,rev_ls,btc,all,245,0.004178515832536944,0.9046408938095043,0.41734055181505997,0.08230703991475252,-0.5332667789742126,91,-0.008929657665223656,-1.2673669659662667,-0.9593544603550777,-0.4433508028256966,-0.7243611646502429,-0.0025632819469819995,0.020870010867211027,-0.002367971597267276,0.004145527611661986,-0.0011364551314156433,-0.003613187278374511,-0.01634473478372378
xsec,7,60,0.1,mom_long,none,top50,248,0.018926015733328014,2.080150709841338,0.9538198869773528,0.5856824460375447,-0.857085990938893,91,0.027402239344413288,1.1314302416896556,0.8564549006672514,0.4410560390740237,-0.892866913772419,0.03673895460000985,0.04731541092552857,-0.023158029199063217,0.021438456899315936,0.016405963640852433,-0.018561376343743562,0.09150938754105312
xsec,7,60,0.1,mom_short,none,top50,243,-0.01877092910768423,-1.925075027300177,-0.8917475722474199,-0.8022361804103129,-0.9998080123507523,91,0.021136987950807574,1.5137181348366961,1.145834066511882,0.8497202532456596,-0.6798374451771204,-0.016267842320327682,-0.05051820302907677,0.014612761424829711,-0.018697788872562716,-0.022165255906955564,0.015153798285615458,0.02948196301015449
xsec,7,60,0.1,mom_ls,none,top50,248,0.00026676638850419527,0.06066361509061976,0.02781633187231226,-0.10466334263558563,-0.7400937728904882,91,0.024269613647610436,1.9563016796983583,1.4808550266953264,1.5890313269349,-0.44673430922204527,0.011252296284861567,-0.0016013960517740993,-0.004272633887116754,0.0013703340133766108,-0.0028796461330515668,-0.0017037890290640526,0.060495675275603795
xsec,7,60,0.1,rev_long,none,top50,243,0.01597092910768422,1.6379176870578165,0.7587284133145447,0.28367958268048077,-0.8658316892495072,91,-0.023936987950807585,-1.7142391734731794,-1.2976217949100857,-0.8236003213665497,-0.9583627018783313,0.013467842320327671,0.047718203029076776,-0.01741276142482972,0.015897788872562716,0.01936525590695556,-0.01795379828561547,-0.03228196301015449
xsec,7,60,0.1,rev_short,none,top50,248,-0.02172601573332802,-2.387897573715025,-1.094932296539266,-0.8208153828410067,-0.9997985573666459,91,-0.0302022393444133,-1.24704140167235,-0.9439686871037322,,-1.1836890309010255,-0.039538954600009855,-0.05011541092552858,0.020358029199063214,-0.02423845689931594,-0.019205963640852437,0.015761376343743555,-0.09430938754105311
xsec,7,60,0.1,rev_ls,none,top50,248,-0.0030385405820525864,-0.6910698227030891,-0.3168790304787082,-0.23606994853815455,-0.7310367787183178,91,-0.02706961364761044,-2.182001387270536,-1.6517021664541898,-0.8596264427885997,-0.9730110876744376,-0.013877296284861573,-0.0011986039482259027,0.0014726338871167476,-0.004170334013376611,7.964613305156302e-05,-0.001096210970935954,-0.0632956752756038
xsec,7,60,0.1,mom_long,btc,top50,146,0.03007364689213014,2.37619825173481,1.420050065961907,0.7478212810109692,-0.5623498355369456,41,0.03639284821341466,0.8237597711050373,0.9289793556011796,0.21422046089874236,-0.6935679908887253,0.03659422948953135,0.07196603839828028,-0.05035256185641246,0.03221189919695029,0.01225742723238473,-0.0199330060667863,0.13402432896576297
xsec,7,60,0.1,mom_short,btc,top50,100,-0.011902866361517599,-0.8677898795714228,-0.6266311690376033,-0.35833296232008816,-0.89154359317368,50,0.019697528509889616,1.0768593801161832,1.0996928603135863,0.37696433354667724,-0.4213249429008158,-0.07870174688845541,-0.0038767261686308537,0.0014801942975252677,-0.01159191668753001,-0.03397128472830797,0.006429039742342609,0.03527358054135783
xsec,7,60,0.1,mom_ls,btc,top50,246,0.006505011809144796,1.3798187790397691,0.6352605846801042,0.20720446041937524,-0.5718574263331377,91,0.013609797814530117,1.2275425773178097,0.9292087283715377,0.5859174073491791,-0.41091549957617635,0.010711853140950758,0.02066861481543693,-0.005240605484384027,0.00894571046351202,-0.001427902761997788,-0.0032516423084263516,0.03712706956496941
xsec,7,60,0.1,rev_long,btc,top50,143,0.020773770188919623,1.53470429107115,0.9267318750903331,0.29404370413894165,-0.7461402688432754,41,-0.025692426293390472,-1.180405597074406,-1.3311798771712342,-0.5677893958836471,-0.8010644616274851,0.0030621915589730524,0.07931404219260466,-0.0611879851825112,0.01934921250529289,0.013630899050870107,-0.027014124465168043,-0.023401482795642692
xsec,7,60,0.1,rev_short,btc,top50,102,-0.005769602506023024,-0.4578835661422643,-0.32738017983074635,-0.2762716117695434,-0.765445354881352,50,-0.022829940071832172,-0.8941956981595186,-0.9131560193895062,-0.7318313530047653,-0.9491697272603705,-0.04022123012083706,-0.013726389418133209,0.012199669401858442,-0.0020578404041863806,-0.027747068011227116,0.014440547721554257,-0.06658225182928582
xsec,7,60,0.1,rev_ls,btc,top50,245,0.004861529962043179,1.0231921957713213,0.47203216051604474,0.11177685034607987,-0.5588349372649256,91,-0.012059815833080322,-1.4166361871732156,-1.0723462748840569,-0.5592502442614216,-0.7790748415916045,-0.0025632819469819995,0.020870010867211027,-0.002367971597267276,0.0061753764501354105,5.1743371053776906e-05,-0.0029478532793623022,-0.024768605710634394
xsec,7,60,0.2,mom_long,none,all,248,0.019085044277493267,2.2899892938700477,1.0500380184592866,0.7371915807043448,-0.8624908795710771,91,0.01840826104392989,1.6638398833310601,1.259471215721123,0.9830008532279959,-0.5846916420087349,0.04694091535498283,0.046907100999382556,-0.02365819490074035,0.020287553623578505,0.011376124251221916,-0.006130088429416471,0.052632801098860336
xsec,7,60,0.2,mom_short,none,all,247,-0.015510070232193062,-1.898231447607143,-0.8721638857082925,-0.7038143874649464,-0.9985871934688901,91,-0.0018027071246008253,-0.14533591797714818,-0.11001443536511427,-0.3857738664347793,-0.813401186353322,-0.015869632093590047,-0.04182948730221713,0.012723659990549056,-0.016967265862678743,-0.015697516358377687,0.009268777164181929,-0.017244514158955716
xsec,7,60,0.2,mom_ls,none,all,248,0.0018187573255375885,0.5523819156049549,0.25328590559231096,0.023766987634659786,-0.4591092224028107,91,0.008302776959664531,1.6815308607854818,1.272862694736043,0.45347531551786546,-0.2846755086127555,0.015734012031866265,0.0025388068485827104,-0.005467267455095646,0.0016601438804498823,-0.0021606960535778845,0.001569344367382729,0.01769414346995231
xsec,7,60,0.2,rev_long,none,all,247,0.012710070232193057,1.5555477605747032,0.714713993900941,0.2495229606572984,-0.8436323008533315,91,-0.0009972928753991805,-0.08040267526556999,-0.06086213954748015,-0.33604726085695524,-0.7826600470570102,0.013069632093590041,0.03902948730221712,-0.015523659990549065,0.014167265862678743,0.01289751635837768,-0.012068777164181933,0.014444514158955715
xsec,7,60,0.2,rev_short,none,all,248,-0.021885044277493267,-2.625957601284335,-1.2040909202465375,-0.8318079838675995,-0.9998523644867031,91,-0.02120826104392989,-1.9169192840527916,-1.4510438686514229,-0.7641421715000469,-0.9544995431767181,-0.04974091535498283,-0.04970710099938255,0.020858194900740347,-0.02308755362357851,-0.014176124251221918,0.003330088429416468,-0.05543280109886034
xsec,7,60,0.2,rev_ls,none,all,248,-0.0046131121642472685,-1.4014641708620013,-0.6426190134830966,-0.25747023199840513,-0.7506714479966409,91,-0.011102776959664537,-2.2486045558964722,-1.7021185404097452,-0.4729096304873115,-0.7235913698431484,-0.018499012031866272,-0.005338806848582719,0.0026672674550956427,-0.004460143880449883,-0.0006393039464221197,-0.004369344367382733,-0.02049414346995231
xsec,7,60,0.2,mom_long,btc,all,146,0.0304150430116453,2.5521109963119675,1.5251780384944835,0.8553818091726411,-0.6324468496489927,41,0.025935622700044035,1.2800251688963564,1.4435239474725508,0.5338997187321481,-0.3576569186083606,0.04152757437813725,0.08334308742492086,-0.04968970657612201,0.027467126198367536,0.0034707907719925264,-0.003594536618178567,0.07712123218496324
xsec,7,60,0.2,mom_short,btc,all,101,-0.01091503092641962,-0.9160206078709436,-0.658175890200725,-0.3072306884738528,-0.8262329717823037,50,0.004761728757346895,0.3279058397882397,0.33485868027759835,-0.015848966778506002,-0.4078139937866454,-0.059415510758619595,-0.0020212754820228855,-0.0001782869478672719,-0.00937354334753991,-0.03158803288654788,0.004415117201350289,0.005168620583951604
xsec,7,60,0.2,mom_ls,btc,all,247,0.006757445660185893,1.5630321663882252,0.7181527887142749,0.25334855244594423,-0.5346915722518258,91,0.007150807519610718,1.181488824710929,0.8943475759461111,0.33378805712222914,-0.25170594639862176,0.012998934486241174,0.024434508894712173,-0.005801999584886106,0.007711530577256588,-0.003995373865880534,0.0002429265317341051,0.01678548363428073
xsec,7,60,0.2,rev_long,btc,all,146,0.01588883029988564,1.428529347988259,0.8537095729946874,0.23778745363906229,-0.6623564898883938,41,0.00700811673673218,0.33022739818956337,0.37240764399124565,-0.03996742048884261,-0.5736865531384067,0.005152199609039213,0.06599634047073581,-0.058530149785270165,0.01785564537003189,0.005179265473266441,-0.01710911635635325,0.04881132076474694
xsec,7,60,0.2,rev_short,btc,all,102,-0.00566759510900114,-0.5246160662680008,-0.3750929599066556,-0.21474909099644224,-0.6625677620063347,50,-0.015035824485916281,-1.3054960472236825,-1.333177487059266,-0.41204391096255,-0.7305682198625199,-0.07526095138868341,0.0040793551526025615,0.013048741398125849,-0.008306080675483453,-0.030451810826105957,0.0057717309143122284,-0.03946208517314105
xsec,7,60,0.2,rev_ls,btc,all,248,0.0035114405698894904,0.8859387532038316,0.40623306640805334,0.08277475393967237,-0.5169176623066003,91,-0.0025519694400538157,-0.4455875555663867,-0.3372948959462679,-0.18886234179822925,-0.526870359540211,-0.004460050907781124,0.02049570204612946,-0.0017347321297904613,0.0046513866968067065,-0.003234677812302652,-0.0027264178356486255,-0.002308659835671581
xsec,7,60,0.2,mom_long,none,top50,248,0.01967679433797609,2.327473553664347,1.0672258271460695,0.7677207180498411,-0.8595727648180105,91,0.006343890018019824,0.4153459411023979,0.31440300393435433,-0.1408409085705823,-0.8643633696187625,0.04694091535498283,0.046907100999382556,-0.023262872354800082,0.02188355046495912,0.012206997460049903,-0.018888687959342162,0.041536696144340496
xsec,7,60,0.2,mom_short,none,top50,247,-0.015746193729010493,-1.9157608364888499,-0.880217961485213,-0.7090603675027324,-0.9987544629329302,91,0.012021293096048399,0.9905738807337053,0.7498313403399954,0.2972843362014801,-0.6702915036580948,-0.015869632093590047,-0.04182948730221713,0.012723659990549056,-0.01612438952991113,-0.017661979301028093,0.012380349292137046,0.011520504190977396
xsec,7,60,0.2,mom_ls,none,top50,248,0.0019970466628074185,0.6006640411483132,0.27542490317114743,0.031310556738202155,-0.45342776241150007,91,0.009182591557034112,1.2629460939758523,0.9560080079253119,0.4396139061898994,-0.39490203164357196,0.015734012031866265,0.0025388068485827104,-0.005269606182125513,0.0028795804675239957,-0.002727490920489094,-0.00325416933360256,0.02652860016765894
xsec,7,60,0.2,rev_long,none,top50,247,0.012946193729010486,1.575098805112593,0.7236969422107041,0.2593263109232824,-0.8436323008533315,91,-0.014821293096048403,-1.2212983829892996,-0.9244820818348635,-0.6763755667588514,-0.8870054257944469,0.013069632093590041,0.03902948730221712,-0.015523659990549065,0.013324389529911131,0.014861979301028085,-0.015180349292137046,-0.0143205041909774
xsec,7,60,0.2,rev_short,none,top50,248,-0.022476794337976096,-2.6586721136697524,-1.2190916374341678,-0.8390990772075954,-0.9998924230441814,91,-0.009143890018019829,-0.5986669999138374,-0.4531709221226616,-0.7166513522595381,-0.9660985501454384,-0.04974091535498283,-0.04970710099938255,0.020462872354800078,-0.024683550464959122,-0.015006997460049907,0.01608868795934216,-0.04433669614434049
xsec,7,60,0.2,rev_ls,none,top50,248,-0.004791401501517099,-1.4415401401523589,-0.6609952091684335,-0.26490406656008325,-0.7595973891223737,91,-0.011982591557034118,-1.6480496936697246,-1.24751856957502,-0.5384809197118109,-0.7925937164676913,-0.018499012031866272,-0.005338806848582719,0.0024696061821255083,-0.005679580467523996,-7.250907951091099e-05,0.00045416933360255447,-0.02932860016765895
xsec,7,60,0.2,mom_long,btc,top50,146,0.031225446482507524,2.580345511056077,1.5420513883909,0.8826364490630476,-0.6087009266731385,41,0.020426411625608095,0.7146348261480394,0.8059157822123308,0.16673391946327665,-0.5502918816317672,0.04152757437813725,0.08334308742492086,-0.04968970657612201,0.02943633456498326,0.004882122598116379,-0.01070255854101644,0.07438329324775728
xsec,7,60,0.2,mom_short,btc,top50,101,-0.010574661110667667,-0.8800663218417123,-0.632342143655631,-0.3044351530042615,-0.8226946343862277,50,0.01289001196739561,0.8224802045108389,0.839919886802902,0.20873346008364324,-0.4154888156831774,-0.059415510758619595,-0.0020212754820228855,-0.0001782869478672719,-0.007867272322556781,-0.03107210677088706,0.009085006135420503,0.017356757944062048
xsec,7,60,0.2,mom_ls,btc,top50,247,0.007066547397304987,1.613375458394418,0.741283583028539,0.2687923411558637,-0.5346915722518258,91,0.008142766346262155,1.0573503263288617,0.8003788791734138,0.34034603870174385,-0.3329795809688727,0.012998934486241174,0.024434508894712173,-0.005801999584886106,0.008620462310489891,-0.003436072347798141,-0.0003110505321705087,0.019933616203023505
xsec,7,60,0.2,rev_long,btc,top50,146,0.016523760814302436,1.4790930095329777,0.8839271404301621,0.25874012691274806,-0.6623564898883938,41,-0.013761879838307896,-0.7169010419879271,-0.8084714638618098,-0.39304114105672927,-0.6613862917626108,0.005152199609039213,0.06599634047073581,-0.058530149785270165,0.017334989316340386,0.008348488815668012,-0.018602436416419607,-0.00537158176958093
xsec,7,60,0.2,rev_short,btc,top50,102,-0.005946370680117373,-0.5440629365065327,-0.38899719309299735,-0.22147855507658254,-0.6767959814377076,50,0.002403777700202552,0.1595708810226799,0.16295438551657251,-0.09666518132486135,-0.6909442736723351,-0.07526095138868341,0.0040793551526025615,0.012534822088403503,-0.009133700847262375,-0.030087622175795393,0.02397162739921137,-0.02291500238124259
xsec,7,60,0.2,rev_ls,btc,top50,248,0.0036410065917664995,0.9122720257702349,0.4183077679881838,0.08836369767060481,-0.4976957138891437,91,-0.0024398252107719577,-0.40892694932856805,-0.30954404157019705,-0.1908428345048525,-0.465465849597673,-0.004460050907781124,0.02049570204612946,-0.0019323934027605952,0.004340881842965895,-0.0021085814273090497,0.0015431188014320492,-0.007994983964635442
xsec,14,60,0.1,mom_long,none,all,124,0.030008494966975253,1.5030740059523973,0.6892105806052218,0.23373956576948185,-0.8999208627944562,45,0.04778140728594397,1.7454059661165668,1.32853381715398,1.3568948943317976,-0.5553822678176625,0.07222619608535627,0.07690234463811879,-0.04509157531130618,0.033787021076108564,0.021961034758532918,-0.007811814393252842,0.12385634221537116
xsec,14,60,0.1,mom_short,none,all,122,-0.039755178084439305,-1.7460176139469488,-0.8071441800928104,-0.8502215165234267,-1.0939409796309942,45,0.004118926266260235,0.1472236501076036,0.11206080513634156,-0.4164304592966117,-0.8730094976131936,-0.058454063052764224,-0.09604028370243665,0.017314332291366252,-0.023570030640289678,-0.04377934838524911,0.011856663642571975,-0.006469556459218984
xsec,14,60,0.1,mom_ls,none,all,124,-0.004552735283857512,-0.5048393476661012,-0.23148602034192475,-0.22868216610358238,-0.8881294493421421,45,0.0259501667761021,1.6558222855824976,1.2603462714683014,0.6957653113502529,-0.4987703168616555,0.009808769668934236,-0.009568969532158932,-0.013888621509969964,0.00510849521790944,-0.01090915681335809,0.002022424624659565,0.058693392878076095
xsec,14,60,0.1,rev_long,none,all,122,0.036955178084439294,1.6230437133227926,0.7502961463735384,0.33903645012770545,-0.8481461707376587,45,-0.006918926266260242,-0.24730464055358461,-0.18823848691520076,-0.44637970729933196,-0.7288428478818885,0.05565406305276421,0.09324028370243666,-0.02011433229136626,0.02077003064028968,0.04097934838524909,-0.014656663642571982,0.0036695564592189793
xsec,14,60,0.1,rev_short,none,all,124,-0.032808494966975264,-1.6433211999985617,-0.7535186916190659,,-1.0483853315036313,45,-0.05058140728594397,-1.847687103963339,-1.4063861638998543,-0.8617660310926873,-0.9808255120558098,-0.07502619608535628,-0.0797023446381188,0.042291575311306166,-0.03658702107610857,-0.024761034758532925,0.0050118143932528355,-0.12665634221537117
xsec,14,60,0.1,rev_ls,none,all,124,0.001775315929018797,0.19686270487385316,0.0902682493265869,-0.07160986555103777,-0.5411914375610078,45,-0.028750166776102114,-1.8344840429281444,-1.3963365173329692,-0.5981168495330438,-0.8607428269804042,-0.01246876966893424,0.006768969532158922,0.011088621509969952,-0.007908495217909444,0.008109156813358085,-0.004822424624659575,-0.061493392878076106
xsec,14,60,0.1,mom_long,btc,all,75,0.050484317889097144,1.7271347185014723,1.0183052833420285,0.4334511533670473,-0.64593247487818,19,0.06806963548811805,1.274470973381728,1.4929166533792744,0.6458296664018046,-0.3954691130761374,0.10030873845829953,0.12619156448174904,-0.09003563566705843,0.044039698529034076,-0.0025991663376899315,-0.012850103394723617,0.20678918785870373
xsec,14,60,0.1,mom_short,btc,all,49,-0.02404681734985603,-0.8742845078767739,-0.637730454841702,-0.3683848498566966,-0.9003946337376816,26,0.0029447187606082585,0.0785904573549029,0.07869833723733362,-0.3318840173123355,-0.8082776667123496,-0.052286348070641864,-0.0422382709765171,-0.021024733851647978,0.030816868902556978,-0.04033489858131049,-0.021578029943871976,0.03155459224916853
xsec,14,60,0.1,mom_ls,btc,all,124,0.010516249159432826,1.0045613330875869,0.4606255559533496,0.11091074557999758,-0.6649267088322964,45,0.0152209529116673,0.973856835729481,0.7412612105433686,0.2828462635120308,-0.48211133063928724,0.034894860576255626,0.030705429268131027,-0.019802296016360008,0.020239852968645118,-0.007830767595625447,-0.008774878075978675,0.048057353210551275
xsec,14,60,0.1,rev_long,btc,all,73,0.04749914624874861,1.4233221011017019,0.8505976477673474,0.2971171781145281,-0.696987487394358,19,-0.008525736537152426,-0.19752379056769417,-0.23137957830035769,-0.24859060836475155,-0.5475843907051186,0.05741626733337061,0.1268665416561364,-0.12417751182240488,0.04080730941923318,0.04280288063439306,-0.05366380616008993,0.06885381138788328
xsec,14,60,0.1,rev_short,btc,all,49,-0.0014679496780131804,-0.06347744387433449,-0.046302432205368116,-0.13115621819704093,-0.7192208462985716,26,-0.035755394368970614,-1.2960508658902246,-1.297829934491455,-0.5122577788341813,-0.7912304569450224,0.03730397340641677,-0.0008395928883104392,0.025733237285502707,-0.008758325132453598,-0.07115252571806498,0.000693280963420742,-0.0782788489234272
xsec,14,60,0.1,rev_ls,btc,all,122,0.013916016975147553,1.261839312123613,0.5833195775674664,0.20278937048880863,-0.5264233555518585,45,-0.012129213864434803,-1.0109738145362652,-0.7695131831461178,-0.33216841141248576,-0.6075952718743722,0.026473434341468212,0.038874398800289964,-0.007313674506390055,0.01373135775073568,0.0016783892177326422,-0.012197302700638245,-0.012036039667524825
xsec,14,60,0.1,mom_long,none,top50,124,0.03194385098151315,1.551661508385807,0.7114896038799737,0.255151439627749,-0.9075266724200213,45,0.055109709802043175,1.0622927605210621,0.8085751300656621,0.5754171985521093,-0.8671652809664347,0.07222619608535627,0.07690234463811879,-0.04509157531130618,0.03734313820843463,0.02763507708015678,-0.041181380953001126,0.1868764655721038
xsec,14,60,0.1,mom_short,none,top50,122,-0.043037687521339726,-1.7186956763290875,-0.7945138705466976,-0.8198198420024605,-1.0939409796309942,45,0.040626756838653286,1.6764039125658707,1.2760121898794188,0.9959155313913961,-0.5664747286011512,-0.058454063052764224,-0.09604028370243665,0.017314332291366252,-0.02465834383719256,-0.05809357946918667,0.041588218015347955,0.039311073123176346
xsec,14,60,0.1,mom_ls,none,top50,124,-0.005199840144741194,-0.4821510188099373,-0.2210826494885976,-0.3744072443256382,-0.9644756829737561,45,0.04786823332034824,1.7918667469477225,1.36389792138178,1.5343514971921457,-0.26061905473819946,0.009808769668934236,-0.009568969532158932,-0.013888621509969964,0.006342397185621033,-0.01522925119451494,0.00020341853117342103,0.11309376934764007
xsec,14,60,0.1,rev_long,none,top50,122,0.04023768752133972,1.6068786115452214,0.7428233879568119,0.3405651101668956,-0.8481461707376587,45,-0.04342675683865329,-1.7919418319185305,-1.3639550730844865,-0.779309924462032,-0.9359902008220399,0.05565406305276421,0.09324028370243666,-0.02011433229136626,0.02185834383719256,0.05529357946918666,-0.04438821801534797,-0.04211107312317636
xsec,14,60,0.1,rev_short,none,top50,124,-0.034743850981513155,-1.687670539544719,-0.7738543729873947,,-1.0483853315036313,45,-0.05790970980204319,-1.1162654586198772,-0.8496570078747868,-0.9002662849173816,-1.4329891042158902,-0.07502619608535628,-0.0797023446381188,0.042291575311306166,-0.04014313820843463,-0.03043507708015679,0.038381380953001115,-0.18967646557210385
xsec,14,60,0.1,rev_ls,none,top50,124,0.002422420789902476,0.22461979153692288,0.10299581812173883,-0.08922222906569965,-0.5411914375610078,45,-0.05066823332034824,-1.896680034245728,-1.443677639891792,-0.9107163156647573,-0.9870096188406253,-0.01246876966893424,0.006768969532158922,0.011088621509969952,-0.009142397185621038,0.01242925119451493,-0.0030034185311734293,-0.11589376934764009
xsec,14,60,0.1,mom_long,btc,top50,75,0.0535439845750469,1.7852689000671818,1.0525807475527702,0.4724475778092043,-0.6523302645583883,19,0.08765355525807894,0.8459631730329817,0.9909621604133881,0.3988122009760189,-0.6867343668258309,0.10030873845829953,0.12619156448174904,-0.09003563566705843,0.05143946152474994,0.0026290398109941188,-0.056765721277421556,0.3352294578903655
xsec,14,60,0.1,mom_short,btc,top50,49,-0.025331358960180413,-0.9121069135742176,-0.6653193000875312,-0.378937395135993,-0.9084798921674518,26,0.034525214818178135,1.1254451411510678,1.1269900219622495,0.3840845774458139,-0.4684520655295513,-0.052286348070641864,-0.0422382709765171,-0.021024733851647978,0.03829276214721418,-0.05314309765003219,0.016237455908684643,0.05586093354592053
xsec,14,60,0.1,mom_ls,btc,top50,124,0.011187751024514823,1.0451312193768574,0.47922822939044285,0.12203216641897185,-0.6647758735940575,45,0.028478590390845902,1.2201795542109168,0.9287522973098451,0.651242672976718,-0.4132244767197796,0.034894860576255626,0.030705429268131027,-0.019802296016360008,0.023949982769245155,-0.008338350039680571,-0.008728159088605265,0.07939308967851592
xsec,14,60,0.1,rev_long,btc,top50,73,0.05212275737746035,1.3875549846275868,0.8292227073257182,0.2868158106176495,-0.696987487394358,19,-0.05177623539298771,-1.292421552778531,-1.5139439811717508,-0.5318536564688248,-0.7655960114698557,0.05741626733337061,0.1268665416561364,-0.12417751182240488,0.045050856568289784,0.057914422785209606,-0.0739641071397885,-0.013739883827043466
xsec,14,60,0.1,rev_short,btc,top50,49,-0.0016824220118186518,-0.06937720687490811,-0.05060590379604207,-0.14528829215920092,-0.7414294691290213,26,-0.034127668891863215,-0.6831090556634765,-0.6840467487001709,,-1.0155093321870572,0.03730397340641677,-0.0008395928883104392,0.025733237285502707,-0.001881689207007357,-0.0776687030330196,0.025023374960640738,-0.10313722005311782
xsec,14,60,0.1,rev_ls,btc,top50,122,0.015256240204817589,1.243735608299189,0.5749506475731256,0.20829649183332943,-0.560873244768205,45,-0.02078964292950234,-1.2546255194033604,-0.9549712002533762,-0.5291620681083478,-0.751296743481832,0.026473434341468212,0.038874398800289964,-0.007313674506390055,0.01620758558362412,0.005490901154834364,-0.01033157761977869,-0.03510067966912417
xsec,14,60,0.2,mom_long,none,all,124,0.03227545079881929,1.6632607742484247,0.7626616649466241,0.3754618212205778,-0.8793781155773979,45,0.021441793877404112,1.0746812318146204,0.8180047432191868,0.40515808797772723,-0.6054595029332682,0.06892687836929849,0.09399868958410099,-0.04955164505157027,0.04513836810466792,0.011322984734633001,-0.019507860974145894,0.077478163674262
xsec,14,60,0.2,mom_short,none,all,124,-0.0421186852119633,-2.1843793016564788,-1.001612243172789,-0.9036402304783203,-0.9999946869876294,45,-0.010607758685706866,-0.3847718390446266,-0.2928730679182148,-0.5598383999777745,-0.8926535050322572,-0.050364059527899116,-0.1223410765159786,0.017634186175474294,-0.0205761348735849,-0.036849120006121054,0.020236378570349454,-0.05281552545715236
xsec,14,60,0.2,mom_ls,none,all,124,-0.0049216172065720005,-0.6221249316779678,-0.28526545178264207,-0.19903444086631294,-0.8131410660144196,45,0.005417017595848623,0.48167316112918235,0.3666305122122172,0.06759673557443757,-0.3027837862665861,0.009281409420699693,-0.014171193465938798,-0.015958729438047985,0.012281116615541507,-0.012763067635744028,0.0003642587981017832,0.012331319108554822
xsec,14,60,0.2,rev_long,none,all,124,0.03931868521196329,2.039164368809978,0.9350262548692598,0.6120240950749225,-0.8497210451116387,45,0.007807758685706857,0.28320833432646036,0.21556695505613102,-0.1803022233775764,-0.7221629998767805,0.04756405952789912,0.11954107651597859,-0.020434186175474305,0.0177761348735849,0.03404912000612106,-0.023036378570349465,0.05001552545715236
xsec,14,60,0.2,rev_short,none,all,124,-0.03507545079881931,-1.8075540390249458,-0.8288250370761525,,-1.0895879235797947,45,-0.02424179387740412,-1.2150196506188424,-0.9248247832825054,-0.5942420243047599,-0.8801632490722324,-0.07172687836929852,-0.09679868958410101,0.04675164505157025,-0.04793836810466792,-0.01412298473463301,0.016707860974145887,-0.08027816367426202
xsec,14,60,0.2,rev_ls,none,all,124,0.0021216172065719927,0.26818643228142175,0.1229726054546482,-0.04444616041022387,-0.49086630302938816,45,-0.008217017595848627,-0.7306450035310397,-0.5561380070708136,-0.24940705411182817,-0.5370023137417207,-0.012081409420699699,0.011371193465938793,0.01315872943804797,-0.015081116615541512,0.009963067635744022,-0.003164258798101791,-0.015131319108554826
xsec,14,60,0.2,mom_long,btc,all,75,0.05030276077301014,1.7876801409179854,1.0540023965251872,0.49657153708634705,-0.6228048328067408,19,0.047645233294789084,1.2112005862420943,1.418801654607763,0.455241685061875,-0.3720331945683939,0.08905154942407426,0.14265250555375814,-0.1017493101799724,0.0543065239288254,-0.0149492120622019,-0.017446379422822504,0.15923085509640894
xsec,14,60,0.2,mom_short,btc,all,49,-0.029234579284775773,-1.1138775649284491,-0.8124971216119369,-0.377375457405562,-0.8995014551209354,26,-0.014936462095395,-0.4288686202446019,-0.42945732144176224,-0.4065749541204946,-0.7306087265966581,-0.06606973875805197,-0.07449051567349878,-0.013591879816447541,0.03386797753223162,-0.04468226659999283,-0.006202816495750789,-0.02512571529497992
xsec,14,60,0.2,mom_ls,btc,all,124,0.009436341423474793,0.9359024137866112,0.42914310502428266,0.09865655758705438,-0.5993869924809532,45,0.005743460201341358,0.4381929756073704,0.3335351189551518,0.0478485641163191,-0.31891299981233256,0.0290136458938245,0.029567979463945036,-0.018663286303313653,0.024401919180255843,-0.012620711624180148,-0.005696076615661174,0.021397563214081674
xsec,14,60,0.2,rev_long,btc,all,75,0.047736301084392474,1.7699951617889174,1.0435754694939545,0.47137316314139666,-0.6615521047232659,19,0.0018842698092915167,0.041200965861016944,0.04826285521906497,-0.16537921712472636,-0.5557798386182544,0.0436376397203609,0.14944767704252848,-0.10519065101069071,0.03783449207572783,0.02990216004465953,-0.05388210614746642,0.09748377144944799
xsec,14,60,0.2,rev_short,btc,all,49,-0.0074826294097516685,-0.31986461338681343,-0.23331924967803358,-0.19814065306583495,-0.7423592503764318,26,-0.005093126610853556,-0.26707106688354504,-0.26743767112871353,-0.13584907074054642,-0.5009398169626471,0.008771805849804505,-0.018952584032649582,0.02752092632005367,-0.02305337372481191,-0.06374824535087671,0.01847484516099451,-0.03258909367800963
xsec,14,60,0.2,rev_ls,btc,all,124,0.01295795863004679,1.37548735600563,0.6307077598930981,0.21651232802913523,-0.4737506733913077,45,-0.0010735573945072606,-0.09790723262845,-0.07452310351629132,-0.0911219378200574,-0.3930246650712962,0.018332236473124812,0.04233917292988384,-0.004104556865265677,0.010720802564714334,-0.0012576439884361237,-0.007460335413762962,0.007666244105526852
xsec,14,60,0.2,mom_long,none,top50,124,0.03301115527338046,1.6883360078487277,0.7741595128503447,0.39016498880704575,-0.8773696176226335,45,0.018712904598785798,0.5966835738006251,0.4541718782468523,0.017730912093094187,-0.8275632489720475,0.06892687836929849,0.09399868958410099,-0.04899476103658891,0.047431005836224546,0.01198220740523287,-0.03564532050707963,0.0930978442173385
xsec,14,60,0.2,mom_short,none,top50,124,-0.04534478259769357,-2.2272313345274295,-1.0212613584779189,,-1.0001430854911972,45,0.02135649737514955,0.9810149793479812,0.7467097056498574,0.2988169940599208,-0.6409080759792994,-0.050364059527899116,-0.1223410765159786,0.017634186175474294,-0.022519637839347188,-0.05029161995691854,0.025721805702328994,0.015382917559009262
xsec,14,60,0.2,mom_ls,none,top50,124,-0.0061668136621565554,-0.7109229687998802,-0.3259823735569751,-0.24926136933252496,-0.8720038404389098,45,0.020034700986967677,1.3411616288708474,1.0208390556774576,0.5064260906612887,-0.3268354951800765,0.009281409420699693,-0.014171193465938798,-0.015680287430557306,0.01245568399843868,-0.019154706275842828,-0.0049617574023753195,0.05424038088817387
xsec,14,60,0.2,rev_long,none,top50,124,0.04254478259769357,2.0897017803115494,0.9581993778062193,0.677874729274877,-0.8497210451116387,45,-0.024156497375149556,-1.1096335394949548,-0.8446090539883376,-0.5969695114553475,-0.8367545437537727,0.04756405952789912,0.11954107651597859,-0.020434186175474305,0.01971963783934719,0.04749161995691852,-0.028521805702329,-0.018182917559009262
xsec,14,60,0.2,rev_short,none,top50,124,-0.03581115527338047,-1.8315403514358326,-0.839823577559068,,-1.0895879235797947,45,-0.0215129045987858,-0.685964957020532,-0.52212932720289,-0.840939346186139,-0.9849503058001976,-0.07172687836929852,-0.09679868958410101,0.04619476103658889,-0.05023100583622456,-0.014782207405232879,0.03284532050707962,-0.09589784421733849
xsec,14,60,0.2,rev_ls,none,top50,124,0.003366813662156548,0.3881332070700672,0.17797228342554397,-0.02831157569639442,-0.49086630302938816,45,-0.022834700986967684,-1.5285990437482209,-1.1635089841059483,-0.5374098950043424,-0.7849290384472094,-0.012081409420699699,0.011371193465938793,0.012880287430557295,-0.015255683998438685,0.01635470627584282,0.0021617574023753104,-0.05704038088817388
xsec,14,60,0.2,mom_long,btc,top50,75,0.051060561696717466,1.8056391426898253,1.0645908851890482,0.5085195427510343,-0.6233466209775462,19,0.05133350632649839,0.810641997224733,0.9495868975141855,0.2751546139376677,-0.5295050694355941,0.08905154942407426,0.14265250555375814,-0.1017493101799724,0.05619008031036986,-0.013711123942866358,-0.03133672687864081,0.19305390610673703
xsec,14,60,0.2,mom_short,btc,top50,49,-0.029582537710546548,-1.1305982054769705,-0.8246936796044251,-0.37884073400445395,-0.9006842322104196,26,0.021849890848234965,0.7721842300977663,0.7732441952228145,0.17771407539680673,-0.46399470664515563,-0.06606973875805197,-0.07449051567349878,-0.013591879816447541,0.03366966053440871,-0.04642246036421586,0.017909062829512174,0.02644752353674489
xsec,14,60,0.2,mom_ls,btc,top50,124,0.009596765239665444,0.9488257428586345,0.43506889117839675,0.10216501665632727,-0.5993869924809532,45,0.01714926424730643,1.106805632721767,0.8424565634773203,0.375495649674755,-0.31746982273698654,0.0290136458938245,0.029567979463945036,-0.018663286303313653,0.025063445185344004,-0.01251713942897444,-0.0024098815948176773,0.043914411189160465
xsec,14,60,0.2,rev_long,btc,top50,75,0.05284278259062962,1.817493412775817,1.071580071226141,0.5249620086713553,-0.6615521047232659,19,-0.02348132735934846,-0.6717249661615009,-0.7868593396146086,-0.31885605508922477,-0.5376649289365298,0.0436376397203609,0.14944767704252848,-0.10519065101069071,0.0404209582928362,0.049539998564819936,-0.037636672387281966,0.0007849784028232506
xsec,14,60,0.2,rev_short,btc,top50,49,-0.00818451278868096,-0.3440705247599599,-0.2509757982394893,-0.20752708338562664,-0.7571603348438782,26,0.0023252274330041664,0.08059720364326894,0.08070783815470861,-0.1368600533338169,-0.6901042186508857,0.008771805849804505,-0.018952584032649582,0.026758874510079182,-0.02645637512068729,-0.06331405550719808,0.036538400760027186,-0.03759014144852269
xsec,14,60,0.2,rev_ls,btc,top50,124,0.014363578901821992,1.432605651205479,0.6568984419499836,0.2424871668672155,-0.47386268177911806,45,-0.004285436739661251,-0.387986187734804,-0.2953197026942644,-0.16832313952829403,-0.46750056093906134,0.018332236473124812,0.04233917292988384,-0.004382998872756354,0.011207761186905325,0.005237566846868385,0.0011518758075576357,-0.01172596969901341
ts_trend,1,10,0.0,trend_long,none,all,1686,0.001469080634269984,1.257987975758646,0.585321042034624,0.11118694576477384,-0.934589433847778,637,0.0007444283201574058,0.4622879000525619,0.3499364988935747,-0.030458460597114212,-0.7128613206271658,0.003111388472334972,0.006250559306681136,-0.0036635361952709043,0.0007971510718110282,0.000885117168600313,-0.0016735822498542146,0.003989185151239176
ts_trend,1,10,0.0,trend_short,none,all,1637,-0.002577647139254643,-2.217894192902068,-1.0472802567668364,-0.700487704005869,-0.9985329377219907,637,-0.0015818509343611784,-1.0190157530821542,-0.7713608876858431,-0.5749181281154409,-0.8651051242878982,-0.003675181867873212,-0.006174153015197874,0.001915616000198003,-0.004125527129478055,-0.0012749828074964222,-0.000251292909352478,-0.0033673424017441767
ts_trend,1,10,0.0,trend_ls,none,all,1768,-0.0004928558873248467,-1.0437800660264578,-0.4742576012931392,-0.21563746559349528,-0.7496032384269584,637,-0.00041871130710188624,-0.7322632628564217,-0.5542988307572546,-0.17373494540058942,-0.3911041913368568,-0.0001392281761959601,0.00014637449127910608,-0.0007230768868418284,-0.0015172514461397745,-0.0001757732417397751,-0.0009624375796033463,0.00031092137474749966
ts_trend,1,10,0.0,trend_long,btc,all,1012,0.004336657709273417,3.0080857780841095,1.806535051124812,0.9532968432716575,-0.6309727974227168,287,0.0005204528149318227,0.225917392811596,0.25477402679142763,-0.0393015743613121,-0.6575833338745871,0.00444397142094232,0.013591702021085906,-0.0067651750544604145,0.0023601174821957773,0.000959410154729057,-0.003494702120045231,0.006981202119394902
ts_trend,1,10,0.0,trend_short,btc,all,739,-0.0020378023605337266,-1.0717843616872582,-0.7532369723229239,-0.3908459780301452,-0.9400670574787142,350,-0.0019068388718644419,-0.9316781004691217,-0.9514331899916928,-0.4113498339674643,-0.6534016267994818,-0.006955171043485255,-0.004029046008915089,0.0011069243983702446,-0.0008650891430549491,-0.005374949455929717,-0.001573270408434369,-0.002293943014610453
ts_trend,1,10,0.0,trend_ls,btc,all,1751,0.0008231758016419975,1.4206230074789528,0.648607853824581,0.2051321633437655,-0.5543041855030064,637,-0.00040661196802756796,-0.5315612902420195,-0.40237414138136435,-0.1946402785693162,-0.5714726407071827,0.0006430504366822052,0.00347072362747114,-0.00019885755461725366,0.0006719782453392125,-0.00049814005378908,-0.0012525165918269416,0.000728517398467915
ts_trend,1,10,0.0,trend_long,none,top50,1672,0.0012818083780884637,1.0633215410355754,0.49681294998796766,0.020261768715151174,-0.943663272829368,629,0.0005634683972512725,0.2613482713419908,0.1990860093696238,-0.2805712371046919,-0.8568879952571216,0.003111388472334972,0.006250559306681136,-0.003655423299345524,0.0007830513924993406,-1.149314652964146e-05,-0.0017794961426462652,0.0036386093558667897
ts_trend,1,10,0.0,trend_short,none,top50,1630,-0.002562885834133111,-2.1888649252624375,-1.0357897097731017,-0.6987439335409089,-0.9985115773818144,619,-0.0007723481512725317,-0.42312969879647583,-0.3249186323676017,-0.4777603870201841,-0.8254138892164677,-0.003675181867873212,-0.006174153015197874,0.0019049902516742221,-0.004097466415438239,-0.001196409518415572,0.00024699903559992066,-0.0020986363126307404
ts_trend,1,10,0.0,trend_ls,none,top50,1768,-0.000575316827339666,-1.1979376094536582,-0.544301463162766,-0.23999439967006686,-0.769430442117129,637,-9.706584283096276e-05,-0.1038937977588568,-0.07864413461904968,-0.1297009283252052,-0.47684856418687027,-0.0001392281761959601,0.00014637449127910608,-0.0007245012948054992,-0.001515561044029179,-0.0005743744160835676,-0.0007518225485818417,0.0007815598836362087
ts_trend,1,10,0.0,trend_long,btc,top50,1007,0.0039456947629807615,2.7394495320138654,1.649282310448307,0.798572726788628,-0.6004739621474519,286,-0.0006044503067662958,-0.2551656171199052,-0.2882607880941837,-0.20592371098307805,-0.6957650044625716,0.00444397142094232,0.013591702021085906,-0.006754484420888992,0.0027582360483288815,-0.0011004818611545333,-0.002824800419790836,0.002948109874072969
ts_trend,1,10,0.0,trend_short,btc,top50,739,-0.0020401389363946206,-1.0664545066321574,-0.7494912152209037,-0.39270246884023974,-0.9407720506311867,349,-0.0007705261096876479,-0.3269821902289757,-0.33439349255971157,-0.2998146797941491,-0.632901658909941,-0.006955171043485255,-0.004029046008915089,0.001094333614160559,-0.0007209621663667743,-0.0055043726673554925,-0.00043289635955476367,-0.0011647769980415745
ts_trend,1,10,0.0,trend_ls,btc,top50,1746,0.0007060858970005735,1.2154621024225223,0.5557324221423441,0.15566852776989037,-0.5354603730094047,635,-0.0003478633070993306,-0.4149369040018775,-0.31458762288619113,-0.1882927778167749,-0.5504664676825708,0.0006430504366822052,0.00347072362747114,-0.00020292799128318167,0.000831025154726084,-0.001239492538749993,-0.0007947106998344543,0.0002523302388622382
ts_trend,3,10,0.0,trend_long,none,all,564,0.006460618298678256,1.9679797251494155,0.9140435170801504,0.4641359813177277,-0.8336491908266044,212,0.006969991492671061,1.4461855273505215,1.095574424677055,0.7425448786263791,-0.5868072854413551,0.01352591721907166,0.016368964630669145,-0.005636814218378017,0.005891990731164752,0.0028057093997959815,0.0002399654122774185,0.016092915734982442
ts_trend,3,10,0.0,trend_short,none,all,547,-0.0034643521165229492,-1.0991453569213285,-0.5183788469954435,-0.490000548953351,-0.9811770643144855,212,-0.0002219885594711107,-0.046009120677715565,-0.03485473679765853,-0.2837399713530062,-0.6943624829784474,-0.004739233683945567,-0.016966523416267004,0.009629601924422696,-0.004426643053492474,-0.001435585984999864,0.003797553193752063,-0.005670700713840302
ts_trend,3,10,0.0,trend_ls,none,all,588,0.0015157419714568478,1.2459884844743392,0.5667756326588449,0.13553796759490133,-0.4300162268222044,212,0.0033740014665999745,2.1505411564202825,1.629167105900944,0.46046992103235906,-0.19392779636931112,0.004188155168654541,0.0001282262450698971,0.00213672031114774,0.0008607172329454253,0.0007027123547546143,0.002018759303014741,0.00521110751057107
ts_trend,3,10,0.0,trend_long,btc,all,330,0.010769369764835836,2.6854513378874856,1.6305950590644724,0.7081788230418489,-0.6509609754720483,93,0.0018655614215969648,0.24357970206397406,0.2786027670796276,-0.04108643346856222,-0.6426760176243723,0.013892669230602266,0.03468593269318264,-0.03296124661313184,0.00990474631374374,0.0009251977417264715,-0.010308812446724639,0.022040238117672764
ts_trend,3,10,0.0,trend_short,btc,all,255,-0.003106961325607519,-0.644279422998223,-0.44503070443841325,-0.2632881882126249,-0.8569239825649645,119,-0.0007892806818760528,-0.14580617731564016,-0.14743080882336235,-0.15840821147745743,-0.5083284915812716,-0.013021749830238146,-0.004858324078735849,0.004376926601682982,0.0007049159153167073,-0.015451195243463568,-0.0019140747399697443,0.0005195705857238778
ts_trend,3,10,0.0,trend_ls,btc,all,585,0.0023603563114238534,1.5235452376932848,0.694805465128546,0.2150235380448895,-0.5633563063702827,212,0.0001876717242105357,0.0830480337811245,0.0629139900169001,-0.041440240190182775,-0.46962959710663543,0.002774599660870869,0.00933607138037642,-0.001514496026247582,0.0034697558612575966,-0.0021549393521794343,-0.0029525078084757894,0.004444359535185334
ts_trend,3,10,0.0,trend_long,none,top50,560,0.006426603413554485,1.8921542473829618,0.8819588618117898,0.42338179130954234,-0.8428735700007455,210,0.005898557118330875,1.0397951106909433,0.7914508110327081,0.37818704105952206,-0.7442363516368882,0.01352591721907166,0.016368964630669145,-0.005632382860751873,0.006350887118123738,0.0020819087750077415,-0.003593045994548099,0.01855402793550284
ts_trend,3,10,0.0,trend_short,none,top50,545,-0.003923616115746165,-1.2192126356714796,-0.5760590563974592,-0.5208252806086171,-0.9866975550233076,206,0.003628764985389968,0.6675349901321602,0.5130104711888317,0.06702025134249046,-0.5374089327526057,-0.004739233683945567,-0.016966523416267004,0.009578508701411982,-0.004416442680454588,-0.0035003685697580166,0.007313938262549866,-0.001215788648629226
ts_trend,3,10,0.0,trend_ls,none,top50,588,0.0012706220869265485,1.0028052952848967,0.4561563872787482,0.09822525991848052,-0.4300162268222044,212,0.0046844872213203225,2.072517108699622,1.5700590941169075,0.6572294851635143,-0.3232979247838662,0.004188155168654541,0.0001282262450698971,0.002114647544858601,0.0010687272256323364,-0.0006630982722777324,0.0017400215466088628,0.00867587402481808
ts_trend,3,10,0.0,trend_long,btc,top50,329,0.010441280633747461,2.5272256364438133,1.5368513903218555,0.6517335062522667,-0.667923654748963,93,-0.0033287335212754767,-0.40520249603280745,-0.4634644663152691,-0.287576971993286,-0.7399326253927929,0.013892669230602266,0.03468593269318264,-0.03296124661313184,0.010627249570702142,-0.0012337140048805282,-0.010539136226602309,0.008619933818980418
ts_trend,3,10,0.0,trend_short,btc,top50,255,-0.003223927705877482,-0.6626864956821215,-0.4577452382738155,-0.2701790701849516,-0.8634983553432529,119,0.0026576863127261187,0.4697993744942752,0.47503406948569044,0.05397984944904999,-0.49989166637407156,-0.013021749830238146,-0.004858324078735849,0.004316878896288946,0.0010335864408737433,-0.01639529652660059,-0.0001520245774821506,0.005927168075877559
ts_trend,3,10,0.0,trend_ls,btc,top50,584,0.0022372258249179415,1.415558139077174,0.6461109368605028,0.1933749088368899,-0.5852394074575025,212,1.5784088999502555e-05,0.006582986619889786,0.004987016978350971,-0.06862652332788166,-0.5086058483629654,0.002774599660870869,0.00933607138037642,-0.001538564734608001,0.003767538578477899,-0.003060252532800108,-0.002545079811892588,0.0034871773768754464
ts_trend,7,10,0.0,trend_long,none,all,240,0.019772694672289128,2.114258600656537,0.9854847254603466,0.6788865774120878,-0.8968035620716709,91,0.007245592831142903,0.7649928610748279,0.5790740433670595,0.18587055937573949,-0.5773329695887517,0.043074822542969085,0.06265526291108603,-0.025583613261526104,0.006861602099487093,0.013648722594869187,-0.008159011283334058,0.028730961727650245
ts_trend,7,10,0.0,trend_short,none,all,235,-0.009561133484563389,-1.2002517619744948,-0.5653740008756777,-0.5617586244785135,-0.9913085812969148,91,0.000745813140502372,0.07252127092112162,0.054896179715204,-0.19578711860651343,-0.6915080856034121,-0.03380849070318411,-0.02266886716978386,0.0220734801800324,-0.011649381974460528,-0.005911687062346029,0.013895629962819091,-0.017594720848518312
ts_trend,7,10,0.0,trend_ls,none,all,252,0.004957500699359116,1.424592180489306,0.6480189379264673,0.19842674822359174,-0.3928747018778993,91,0.003995702985822637,1.1550540688214088,0.8743373487175092,0.1976331042655748,-0.17083005591649636,0.0042119690180840805,0.01944219859841242,-0.0011280688595062085,-0.0017218102081909185,0.0038685177662615795,0.002868309339742517,0.005568120439565965
ts_trend,7,10,0.0,trend_long,btc,all,146,0.03836743830227143,2.8528701950305275,1.7049160379089388,1.2412845960361336,-0.5621513717442119,41,0.018274257909315746,1.0891098771575796,1.228222871946631,0.35006494709854064,-0.36920912441068443,0.040669064564471474,0.12137644467274532,-0.04060866806781904,0.019116116394206982,0.00900391484758711,0.0004870524890862572,0.04910541397104686
ts_trend,7,10,0.0,trend_short,btc,all,105,0.00033338643473945296,0.031156168533133945,0.02195567568750474,-0.1070533813431046,-0.6604766203028071,50,0.003587778897302779,0.3023112001266347,0.30872133772584465,0.002317862522348335,-0.303742380665029,-0.0072660041403076634,0.015368665856941346,0.008925292307649596,-0.0037411165328538145,-0.029911122187795177,0.006446916434992017,0.00023140004871106474
ts_trend,7,10,0.0,trend_ls,btc,all,251,0.011228389577249543,2.4746105188971055,1.127891713991016,0.5622493281079568,-0.47817176018630203,91,0.0051023819733356296,1.025085405099211,0.7759554115228497,0.23140958700631242,-0.19297552053160394,0.014760687084005603,0.03928280546010455,-0.0012528108125754304,0.0058217797378724,-0.0018591543992977806,0.0017616047968021429,0.009761886982711283
ts_trend,7,10,0.0,trend_long,none,top50,239,0.02014057324026483,2.095903166850728,0.9789706589476318,0.667309169639384,-0.9054502075559391,90,-0.006582557452808751,-0.5894337379575283,-0.44865359065453986,-0.46504010626155856,-0.8373874589940362,0.043074822542969085,0.06265526291108603,-0.025583613261526104,0.00712977079884281,0.014828247239220148,-0.017764068105294163,0.00871845712427655
ts_trend,7,10,0.0,trend_short,none,top50,235,-0.0084961396638783,-1.0691052851235017,-0.5035979546601579,-0.5373846798123261,-0.9891506724413837,90,0.0015375418737718447,0.1291796941529968,0.09832646129525313,-0.2347171116838389,-0.717887691794524,-0.03380849070318411,-0.02266886716978386,0.021858158863660358,-0.010856798414904166,-0.0016011076910525486,0.012915182158388865,-0.014031860620967241
ts_trend,7,10,0.0,trend_ls,none,top50,252,0.00558929401470614,1.5718754707598033,0.7150152072044732,0.23320412377313593,-0.4136281010737801,91,-0.0024947879236995704,-0.47910264158065,-0.3626646965804935,-0.17805129232893846,-0.34655224741691215,0.0042119690180840805,0.01944219859841242,-0.0012274479286009975,-0.00130571554177508,0.0066135697740837985,-0.0023786987664063722,-0.0026567017483453462
ts_trend,7,10,0.0,trend_long,btc,top50,146,0.03865180597625927,2.8626188623026394,1.7107419809221935,1.2523671805880414,-0.581754646904051,41,-0.00018953061364446858,-0.011516029033059672,-0.012986981891413745,-0.12051994850594738,-0.5099097018420515,0.040669064564471474,0.12137644467274532,-0.04060866806781904,0.02149472848558103,0.007811522196276652,-0.010266258920404921,0.017276798451406984
ts_trend,7,10,0.0,trend_short,btc,top50,105,0.00014652042032472422,0.013641587715272425,0.009613193465064456,-0.11152020030552767,-0.6688932326457648,50,0.014555180349295533,1.1142543261087947,1.1378807201950223,0.34092303123296785,-0.30547430907390594,-0.0072660041403076634,0.015368665856941346,0.008666906728003142,-0.003350085992217468,-0.0308483591006485,0.012670019616571045,0.016768195122493845
ts_trend,7,10,0.0,trend_ls,btc,top50,251,0.011272008598940137,2.4741500089087665,1.1276818201931473,0.5639771422969622,-0.48073458906901234,91,0.0039559794632162285,0.7689067175205209,0.5820367019649205,0.15524178721309778,-0.23501014379098373,0.014760687084005603,0.03928280546010455,-0.0013521898816702192,0.006686192645458069,-0.002413642575397516,0.0007091301671404735,0.00848447979721662
ts_trend,1,20,0.0,trend_long,none,all,1682,0.0012034085004695696,1.050809904766031,0.48950552073452697,0.028850089960309466,-0.9494999801224249,637,0.0011558437461386792,0.7317807209323995,0.5539335626387455,0.14101257995079508,-0.6844883582733521,0.0033818818123152188,0.00697437146747628,-0.0053645919618233034,0.0009829399767688986,0.00020074012438603032,-0.0017414608098453577,0.00504377081574961
ts_trend,1,20,0.0,trend_short,none,all,1627,-0.002435033076032182,-2.1056921063422185,-0.9973498457628496,-0.6822863341359462,-0.9981784743519809,637,-0.0011095140787295238,-0.7242146533924627,-0.5482063022345326,-0.4911409179616514,-0.8252191237877466,-0.0034644842120224156,-0.006460577043668475,0.0015142613573354859,-0.003241974063530343,-0.0011029956623612755,0.0004597135812987821,-0.0032152791372233895
ts_trend,1,20,0.0,trend_ls,none,all,1768,-0.0005479823860052443,-1.2117239057529448,-0.5505654799096142,-0.22657420865266908,-0.7980335636950002,637,2.316483370457763e-05,0.04336001299522068,0.03282208151630669,-0.024231706722801283,-0.26584654809149266,9.775073154808276e-05,0.0003748684074587835,-0.001674953198755431,-0.0010007262929117087,-0.00043455269755869646,-0.0006408736142732878,0.0009142458392631103
ts_trend,1,20,0.0,trend_long,btc,all,1015,0.003662764507671041,2.745906331670543,1.6466417765974537,0.7496338256772728,-0.6383152762286555,287,0.0006739791960758224,0.29699534450934134,0.3349308298810553,-0.011243109070592117,-0.6274006905026861,0.004593934617509444,0.011498945061532387,-0.007908332678201303,0.0025923949847705663,7.761576278057574e-05,-0.0031449977677807067,0.006819060310644965
ts_trend,1,20,0.0,trend_short,btc,all,751,-0.001968908280399301,-1.0501883325967458,-0.7321391872152865,-0.3877640246021471,-0.9407176673625924,350,-0.0014481749579979596,-0.7113432528302857,-0.726426412597445,-0.35329497673385235,-0.6020622999038414,-0.006287956738922504,-0.0028785776861350925,0.000577724177321243,-0.0010253373018144702,-0.005117523840357,-0.001388076179191029,-0.0015179192198232858
ts_trend,1,20,0.0,trend_ls,btc,all,1766,0.0006339342742656374,1.1445669796982336,0.5203460895400167,0.13744631979732702,-0.5738831932621602,637,-0.00024601978494939134,-0.3248110327461372,-0.24587110237638934,-0.14484532872705558,-0.5219309283348774,0.000727120686843228,0.0030118346377171804,-0.000513244655217537,0.0007262807623068186,-0.00076317405188095,-0.001120031406280957,0.0009268266922050989
ts_trend,1,20,0.0,trend_long,none,top50,1677,0.0012668318791457757,1.0762662280882533,0.5021108589489225,0.031010608267172612,-0.955562792865446,630,0.001362844576615105,0.6597558725915867,0.5021800113093678,0.01936010793963283,-0.752716619140675,0.0033818818123152188,0.00697437146747628,-0.005360844270054042,0.0009690936725902237,0.0004973140536163434,-0.0011985074279638385,0.004734035817935921
ts_trend,1,20,0.0,trend_short,none,top50,1617,-0.0023686187120832815,-2.029980807101667,-0.9644580760428565,-0.6745114663508531,-0.99799871273748,623,0.000400916998958071,0.22613936141312363,0.17309262745793877,-0.18521603172390066,-0.6916359327309636,-0.0034644842120224156,-0.006460577043668475,0.001500666956803642,-0.0031435110307265353,-0.0008351682530665574,0.001933085812282139,-0.0016153943761970217
ts_trend,1,20,0.0,trend_ls,none,top50,1768,-0.0004823471142848419,-1.0523520260235466,-0.4781524037701364,-0.2097808220655678,-0.7844903333283744,637,0.0008699869494649881,1.0318844921747883,0.7811020933343994,0.26592020003522765,-0.2694182215224591,9.775073154808276e-05,0.0003748684074587835,-0.0016798109239309497,-0.0009676395760534866,-0.00014564674554371168,0.00034965303881756576,0.0015682291457381834
ts_trend,1,20,0.0,trend_long,btc,top50,1015,0.003768008153189398,2.7994750183492347,1.6787653914437506,0.7818130946767337,-0.6056171676242044,287,-0.0005106349088685088,-0.2136894912266776,-0.24098424421989717,-0.19746508681306674,-0.662750793063739,0.004593934617509444,0.011498945061532387,-0.00789057187807741,0.0030945653861163547,-1.2213729659180278e-06,-0.0029192392896020044,0.003365028503766296
ts_trend,1,20,0.0,trend_short,btc,top50,751,-0.0019594854668833796,-1.0406454094788835,-0.7254863348093815,-0.3880235025921912,-0.9405577785783377,349,-7.442802126748366e-05,-0.03398351315085498,-0.03475377556192132,-0.16696480055469187,-0.5003266978438425,-0.006287956738922504,-0.0028785776861350925,0.0005616037902040903,-0.0008794902090364106,-0.005161101257457375,-0.00047189530919474436,0.00038969527146745416
ts_trend,1,20,0.0,trend_ls,btc,top50,1766,0.0006661819620209005,1.1948528609090598,0.5432071908222028,0.14901537630361816,-0.5362959623772869,636,-0.00013563490429843868,-0.1681333256472167,-0.1273713282502951,-0.11746284642388383,-0.464375769680032,0.000727120686843228,0.0030118346377171804,-0.0005181023803930555,0.0009212328390272623,-0.0007971495211107388,-0.0008293447566961187,0.0007986975537279571
ts_trend,3,20,0.0,trend_long,none,all,561,0.0061312507149272055,1.8950682592270895,0.8825295011059457,0.42450828149200714,-0.864376767463156,212,0.006463867005416069,1.3471184896265478,1.0205250545884579,0.6471256129125744,-0.6439332859851917,0.013666584538035428,0.018386464128143796,-0.009500104225812172,0.005596076769734382,0.003269798370802966,-0.0016086227471640753,0.017406575336691377
ts_trend,3,20,0.0,trend_short,none,all,540,-0.0053988172796113395,-1.6737404258004178,-0.7944691370404516,-0.5881018868880148,-0.9935445831093377,212,-0.0004776577876238954,-0.09875997935374854,-0.07481675450025162,-0.30707973392979016,-0.7204461435830753,-0.013014733709757772,-0.015971504763105226,0.008061243827077933,-0.006245836078231475,-0.002689181228172967,0.003925768910741675,-0.006446747312075002
ts_trend,3,20,0.0,trend_ls,none,all,588,0.0004744853450687154,0.39871483135306,0.18136752755458493,0.006455419769395121,-0.4110008978406897,212,0.002993104608896087,1.805966907218049,1.368130933370664,0.39004529302173085,-0.21705774713228554,0.0010021374934580157,0.001530939981795356,-0.00027554806180048267,-0.00014421497429970186,0.00033439350948176954,0.0011585730817887997,0.005479914012308188
ts_trend,3,20,0.0,trend_long,btc,all,331,0.010957700634548413,2.7746969433692086,1.6822377083829512,0.7402325739579712,-0.6460859806600664,93,0.002775977022945166,0.371284350572974,0.4246694062209882,0.014350487069892504,-0.5793255127154442,0.01494958287575368,0.03337994348106189,-0.03077129341385465,0.0098619607687698,0.001289185987827702,-0.008288598017672623,0.02111155851882607
ts_trend,3,20,0.0,trend_short,btc,all,258,-0.003594266712363695,-0.7478896511915253,-0.5135863536070018,-0.2846108127921321,-0.8764847321454882,119,-0.0011285389533484567,-0.2071957109609126,-0.20950436952730034,-0.17888305243809255,-0.5217719537185908,-0.018454098117379004,-0.001665166452482681,0.0026889886613750734,0.0002230466810520325,-0.013480796379111723,-0.0027772681093636512,0.0007899822463783134
ts_trend,3,20,0.0,trend_ls,btc,all,589,0.0022917471122628967,1.4926468776740371,0.678399055043956,0.2079881884408048,-0.543276231486963,212,0.000292145584163759,0.13057665263741539,0.09891984007859492,-0.027805886094684484,-0.4522178021567341,0.0022349983409148504,0.00950859675414886,-0.001946680955400633,0.003377601667769227,-0.0017161828762117127,-0.002698704278788057,0.0043464087317206645
ts_trend,3,20,0.0,trend_long,none,top50,560,0.00630335037441282,1.9010371871407015,0.8860993209995727,0.42824751590860655,-0.87328847606885,210,0.007045632160442274,1.2114128630386836,0.9220794395833584,0.5524710778689641,-0.6982023795607919,0.013666584538035428,0.018386464128143796,-0.009500104225812172,0.006160353503792704,0.0035003510534238912,-0.0017512668752191812,0.018774830874657544
ts_trend,3,20,0.0,trend_short,none,top50,535,-0.005440775002777529,-1.681984171288292,-0.8021042515229614,-0.5860999200762336,-0.9936379570594807,207,0.004655285018751548,0.8540434909486257,0.6547577071717192,0.2037435827600127,-0.6031027636071461,-0.013014733709757772,-0.015971504763105226,0.00801490375096858,-0.005850431388408361,-0.003119268727711641,0.007338442171884531,0.0010978407033617509
ts_trend,3,20,0.0,trend_ls,none,top50,588,0.0005550901606309278,0.45889813778143373,0.20874372886099848,0.014400532350697492,-0.41805660032496295,212,0.0057623272466378475,2.536761199432652,1.9217525269410942,0.8881396148141079,-0.24637249267641603,0.0010021374934580157,0.001530939981795356,-0.0002977606602661231,0.0002987324056883117,0.0003055961569110624,0.002687639964164233,0.009930236673990971
ts_trend,3,20,0.0,trend_long,btc,top50,331,0.011201975910203114,2.813287519885302,1.7056343258617532,0.7634665628782165,-0.6388792024539621,93,-2.159159534400171e-05,-0.002724417465032829,-0.0031161473554921185,-0.13953938918731634,-0.6555842034490467,0.01494958287575368,0.03337994348106189,-0.03077129341385465,0.010763674891592433,0.0013724939175897525,-0.00907757883094497,0.01498547296650903
ts_trend,3,20,0.0,trend_short,btc,top50,258,-0.0036086873306373298,-0.7488301729161959,-0.5142322231176871,-0.2857996201835743,-0.8775087088764647,119,0.0034900964046080296,0.6223164171539284,0.6292505188339443,0.11806181977147423,-0.5046828888936269,-0.018454098117379004,-0.001665166452482681,0.0026341371427150225,0.0005598594964001038,-0.013775175109483203,0.00029208207844167,0.007211422165965248
ts_trend,3,20,0.0,trend_ls,btc,top50,589,0.002357226396411545,1.5264783330199978,0.6937752486237972,0.21617201289109178,-0.5366945094370063,212,0.0009747958815598194,0.4165894575239691,0.3155921191449782,0.05032901670437173,-0.4309368657678676,0.0022349983409148504,0.00950859675414886,-0.0019687114833870467,0.0037374209151660475,-0.0017348968611061288,-0.0020811734392399235,0.005117332071977248
ts_trend,7,20,0.0,trend_long,none,all,241,0.01661352317876993,2.0683941229014646,0.9621043672654437,0.5632150572274002,-0.8742717997485729,91,0.008682528978778884,0.9038286805864298,0.6841681213115315,0.2704965142224727,-0.633678055441295,0.04021603241913471,0.04993469399634939,-0.024070687954834143,0.008598275702298607,0.01120567474727639,-0.00962386879159114,0.03421513639534761
ts_trend,7,20,0.0,trend_short,none,all,235,-0.011869443517532618,-1.512152693493828,-0.7122937414806355,-0.6028257451196706,-0.9947109862248762,91,0.0017082102543222277,0.17036172295739269,0.1289581338174952,-0.1419784052312223,-0.6048129606733674,-0.04432474955967158,-0.024396838088162866,0.019329784258381534,-0.011874447568103113,-0.0063422750349807315,0.01138946737990163,-0.011794595736617466
ts_trend,7,20,0.0,trend_ls,none,all,252,0.002409801308459104,0.8407463387871125,0.38243895831244895,0.07373973896166541,-0.39128850978401397,91,0.005195369616550556,1.544631777142682,1.1692346611529598,0.276411431337946,-0.17318787211051379,-0.0008602180284333138,0.012512400322091239,-0.0015849338553666154,-0.0009530216501270733,0.0024316998561478287,0.0008827992941552445,0.011210270329365071
ts_trend,7,20,0.0,trend_long,btc,all,146,0.03274076490125536,2.9908576591314895,1.7873793203204251,1.0492746045170245,-0.5914377684842338,41,0.020711667476310758,1.214888132555933,1.3700668982601036,0.4241240807864657,-0.33474478290732335,0.040785542717210035,0.09870847201632886,-0.04614841040115735,0.019373060517210446,0.007142569717733691,0.0005061055110384544,0.055734641549449425
ts_trend,7,20,0.0,trend_short,btc,all,106,-0.00253780770386883,-0.23397027178412907,-0.16409870701867796,-0.165840075472944,-0.7291298000126061,50,0.0036171983757455287,0.3081271133119085,0.31466057020516724,0.0057464646586220525,-0.30306636938972253,-0.02993444677009345,0.016115293267957524,0.007418360180123549,-0.005703516588425607,-0.028113205056934275,0.0029897761162808695,0.0043537375498996925
ts_trend,7,20,0.0,trend_ls,btc,all,252,0.00895068265669283,2.273131610870724,1.0340028201878677,0.42744960530683196,-0.487920998374366,91,0.005659551018219877,1.130618354342799,0.855840329064528,0.2669871603867233,-0.2017796672077844,0.011552772672692084,0.0326767672224356,-0.0024716011308552523,0.00558747438556856,-0.00219167832545388,0.0008856858342130495,0.01231783666959782
ts_trend,7,20,0.0,trend_long,none,top50,240,0.016670247336749912,2.030652698251435,0.9465148758151939,0.5410095081518964,-0.8826627661664851,89,0.003812202963981302,0.2857093656896016,0.21868897341674465,-0.16370727740289004,-0.8416909288614961,0.04021603241913471,0.04993469399634939,-0.024070687954834143,0.00910593393711765,0.01081544360233317,-0.01570041160964886,0.0300001856812218
ts_trend,7,20,0.0,trend_short,none,top50,234,-0.010664933263992699,-1.366834992329328,-0.6452166592098993,-0.5745686771095848,-0.9929456625908797,90,0.008923862198088432,0.8049647490551134,0.6127072506323519,0.18773638590554032,-0.5307110860576122,-0.04432474955967158,-0.024396838088162866,0.01919829918875457,-0.010953391671499755,-0.0014091720928535412,0.016207556544534128,-0.0010432984865214629
ts_trend,7,20,0.0,trend_ls,none,top50,252,0.0029866368592176332,1.0154082145402703,0.46188920714291104,0.10232783977981574,-0.4077043127047233,91,0.006277108030891731,1.1911305295885426,0.9016460244840324,0.3019538053090052,-0.23015115461079605,-0.0008602180284333138,0.012512400322091239,-0.001648147831148809,-0.0003793594816921979,0.0047166854864018675,0.000396905171921533,0.014478443597350168
ts_trend,7,20,0.0,trend_long,btc,top50,146,0.03339893795490212,3.0288348513067134,1.810075033615434,1.0798757029172217,-0.6063589441372335,41,0.01390801254118348,0.6706239052954168,0.756283306426049,0.15992359749333152,-0.4358644248456318,0.040785542717210035,0.09870847201632886,-0.04614841040115735,0.021461310282120966,0.007799841833749658,-0.008506293625501253,0.052759476563437026
ts_trend,7,20,0.0,trend_short,btc,top50,106,-0.002688920187913746,-0.24706296534771113,-0.17328147228536053,-0.16935627646143836,-0.7347969532487857,50,0.01501741015541623,1.218403486837171,1.2442382359258974,0.3787073014808797,-0.29279010426494034,-0.02993444677009345,0.016115293267957524,0.0072540038430898455,-0.005478953062835484,-0.028893278572372207,0.008545410462714233,0.022614975012066406
ts_trend,7,20,0.0,trend_ls,btc,top50,252,0.009109562304557247,2.2989662545585534,1.0457544910123882,0.4370208269670539,-0.4883555749854419,91,0.007258785834941399,1.2656346787571517,0.9580431768000315,0.35519430702608834,-0.22306879960693704,0.011552772672692084,0.0326767672224356,-0.0025348151066374464,0.00632695824813491,-0.0020979929956643226,9.021177575709106e-05,0.017257060180645826
ts_trend,1,50,0.0,trend_long,none,all,1680,0.0011789033078299807,1.0106719579001413,0.47108796277447096,0.012731746832405966,-0.9682318178833774,636,0.0009268687156500275,0.515634450744373,0.3906247891671877,-0.019049763439450862,-0.8016022625673999,0.002404850408070485,0.007896438296010416,-0.0060806940092079835,0.0005278214829906548,0.0010661286700666853,-0.0024377729477573057,0.005429550941680428
ts_trend,1,50,0.0,trend_short,none,all,1674,-0.00256169851821323,-2.346963225951468,-1.095910253279363,-0.695486484450353,-0.9985199563843331,637,-0.000926874612293141,-0.5990074095664513,-0.453428600859249,-0.4590954109200638,-0.8060188593032263,-0.004843189175206322,-0.005569200007452607,0.0013213462632162118,-0.0028411736653980555,-0.001818574607394049,0.00013553694968883697,-0.0023525371862763095
ts_trend,1,50,0.0,trend_ls,none,all,1768,-0.000652637376225843,-1.466250951032142,-0.6662137758364329,-0.25293654147394184,-0.8124170344172416,637,-7.304747859603101e-07,-0.0011191906807938726,-0.0008471899618977572,-0.047245543476696406,-0.41107159703849516,-0.0010053771472217441,0.0013306653762112921,-0.0021073238473331814,-0.0011617373930953912,-0.00037622296866368204,-0.0011477785840373065,0.0015385068777020597
ts_trend,1,50,0.0,trend_long,btc,all,1015,0.0028272319494557674,2.1675749030799696,1.2998328996693151,0.48726260113819553,-0.656242467525179,287,0.0007608095126144421,0.33811422266054797,0.3813018597223276,0.004681517190371798,-0.6263190108189707,0.002203342903608966,0.009971048102187413,-0.008509660216806523,0.0026476245743658018,0.00025027098374823416,-0.0030239059337053616,0.00685076073078358
ts_trend,1,50,0.0,trend_short,btc,all,753,-0.001940830416627101,-1.0430380003233248,-0.7261880119337475,-0.38443101885730946,-0.9393476745815406,350,-0.0015359439932097867,-0.76282899992567,-0.7790038517080151,-0.3626340391581343,-0.602683570405127,-0.006920634660294507,-0.0029065197287487,0.0007056913234319472,-0.0009651925032787517,-0.0047121189013843556,-0.0016571123324770813,-0.0013953288834428028
ts_trend,1,50,0.0,trend_ls,btc,all,1768,0.0003982452276519789,0.7297721246458166,0.3315832411349671,0.04939546161859254,-0.5725155629368386,637,-0.00025057148155657814,-0.3340782986659512,-0.2528861131303518,-0.1452076941699042,-0.5319894294264141,-0.00023571939632469071,0.0025334940120524466,-0.00051819441537506,0.0007546698708416356,-0.0006409164985903401,-0.0011599568065363565,0.0009697433846846686
ts_trend,1,50,0.0,trend_long,none,top50,1680,0.001237401495219552,1.0603561688724585,0.4942464501016899,0.03268779736437444,-0.9681544408795629,627,0.00045636779806314053,0.20809514165205262,0.1587722512625508,-0.3025463804404498,-0.8570539537795047,0.002404850408070485,0.007896438296010416,-0.0060806940092079835,0.0006276101229448762,0.0012370374725553985,-0.0016191725777972984,0.0031829079228096954
ts_trend,1,50,0.0,trend_short,none,top50,1634,-0.0024318125780979426,-2.1332057845875374,-1.0082150100425074,-0.6799815176734827,-0.9982091383196876,631,0.0008809742753458494,0.4927079845025144,0.37473249342432075,-0.041792088908708114,-0.6863572020875068,-0.004843189175206322,-0.005569200007452607,0.0013066210141522141,-0.002847605794829722,-0.0011166683944104573,0.0010697852528047983,0.0006317715514202511
ts_trend,1,50,0.0,trend_ls,none,top50,1768,-0.0005358448078742053,-1.1901840930564027,-0.5407785331817901,-0.22256038346500762,-0.8008483729624539,637,0.0006609398564590424,0.7163754683693262,0.5422723010182701,0.15538158609089603,-0.4159732544740654,-0.0010053771472217441,0.0013306653762112921,-0.0021145654424208193,-0.0010692060569323647,0.00010289863066194178,-0.000263524016354679,0.0019014888034333377
ts_trend,1,50,0.0,trend_long,btc,top50,1015,0.0028708935490338993,2.214348433125871,1.3278816527255277,0.5038760208443058,-0.6432968046210925,287,-0.0005306450307076231,-0.22814726792750906,-0.2572887258832189,-0.19403467270447838,-0.6748787017155001,0.002203342903608966,0.009971048102187413,-0.008509660216806523,0.0027771445593508907,0.0002974509336515199,-0.002991326017667568,0.003428814375582469
ts_trend,1,50,0.0,trend_short,btc,top50,753,-0.001894453213997977,-1.0119740257124388,-0.7045605295616314,-0.3816410177303524,-0.9375896180210256,350,-0.0005103352064392185,-0.24096306453596655,-0.24607239028822392,-0.22879301452828493,-0.5123481759525608,-0.006920634660294507,-0.0029065197287487,0.0006906592938646491,-0.0007966594222832286,-0.004535214387958111,-0.0008324100576969986,-0.0001365693296709309
ts_trend,1,50,0.0,trend_ls,btc,top50,1768,0.0004206543218690418,0.7705376767766208,0.3501056996472717,0.057667893523893454,-0.5467517319118096,637,-0.000259742893302052,-0.3319921517025696,-0.25130696956103016,-0.15294560692951187,-0.5075744853783004,-0.00023571939632469071,0.0025334940120524466,-0.0005242895944872795,0.0008255757620207554,-0.000597300737193213,-0.000939668213663281,0.0006526568932120969
ts_trend,3,50,0.0,trend_long,none,all,560,0.006803959184743415,2.01959494774771,0.9413607077224219,0.5103072175015382,-0.917134296823467,212,0.004797338041944648,0.9735146735740485,0.7374972009086153,0.3220168073992362,-0.7381525401625373,0.011703313816540164,0.027110379030377208,-0.01298682017834685,0.004958308929097907,0.003700054969382894,-0.0038155132218303444,0.016472536421728527
ts_trend,3,50,0.0,trend_short,none,all,554,-0.003542932044648775,-1.1499769590534412,-0.538914738952174,-0.4943384230499729,-0.9822993347602695,212,-0.0010894870744938509,-0.2237641555182863,-0.169515101146407,-0.360815392323415,-0.7512034180038185,-0.007811474083383145,-0.009305438472065317,0.006715385594558258,-0.0043373630941477654,-0.0047330909057165405,0.0025717058105803256,-0.006052437429816624
ts_trend,3,50,0.0,trend_ls,none,all,589,0.0015682791092707054,1.263617439272294,0.5743065486963692,0.14184045197137896,-0.501732256162576,212,0.0018539254837253985,1.0130726845357703,0.7674648255882478,0.20022872388021762,-0.362643459779351,0.002080553371816999,0.008807877258249048,-0.0026860367796000613,0.00022851739798584927,-0.0005165179681668232,-0.0006219037056250097,0.005210049495955952
ts_trend,3,50,0.0,trend_long,btc,all,331,0.009219233850317808,2.3781693062726723,1.441831726340889,0.5594257638452311,-0.6739343610261372,93,0.0030444885114420707,0.4130445787125584,0.47243412148658553,0.031703153646739146,-0.5503256476650198,0.008128892896187574,0.032859923186756866,-0.03510277996871789,0.010791992287698584,0.0008934070353435609,-0.006672912448725849,0.019147610102577477
ts_trend,3,50,0.0,trend_short,btc,all,258,-0.003435717399044442,-0.7212188316268715,-0.49527112629225306,-0.2771993596869734,-0.871535351078659,119,-0.001490266542429561,-0.27626910632103074,-0.27934740864678037,-0.19722849190909064,-0.5319124260273275,-0.01646104088131389,-0.0018216725465986564,0.002418502795277349,0.00019876480399746258,-0.013162647556783843,-0.0031853065303610326,0.00048214362534524155
ts_trend,3,50,0.0,trend_ls,btc,all,589,0.0018379892321746419,1.2151424601310716,0.5522749613634527,0.1476616387608265,-0.5556707864589976,212,0.0002495181910731009,0.11286492076917616,0.08550211456233253,-0.0315411667564387,-0.4420646179030525,0.0002072019339759102,0.009323077221789187,-0.002481366579147743,0.003688823119616467,-0.0017999609458239929,-0.002421674344136087,0.0038704680721344444
ts_trend,3,50,0.0,trend_long,none,top50,560,0.006946604101384654,2.0492715718199097,0.9551933863348206,0.5279166507323021,-0.917287380681026,206,0.005056563238341295,0.7597113751324389,0.5838493806100653,0.11965579546525995,-0.7643083383949274,0.011703313816540164,0.027110379030377208,-0.01298682017834685,0.0052319252579183795,0.004092415976326328,-0.0005787275121523554,0.01246475444966441
ts_trend,3,50,0.0,trend_short,none,top50,540,-0.0038815057773996346,-1.2098307509288053,-0.5742665815075574,-0.5123718284111644,-0.9860088029601382,209,0.005451318523871761,1.0324035965844363,0.787702403525327,0.34898504556146204,-0.586446812437094,-0.007811474083383145,-0.009305438472065317,0.006674346725966509,-0.0043892987395700665,-0.006420413651513449,0.0067434970286495335,0.00374277138977671
ts_trend,3,50,0.0,trend_ls,none,top50,589,0.001522992510169443,1.2138375461850464,0.5516818858000772,0.13445320750546075,-0.4976142058664217,212,0.005143815091008267,1.9475816643039285,1.4754128160101507,0.7171096584152232,-0.3293983998980532,0.002080553371816999,0.008807877258249048,-0.002706051637642758,0.00038924795002968037,-0.0008745539598613968,0.0030113320798666756,0.00803451428388909
ts_trend,3,50,0.0,trend_long,btc,top50,331,0.00935162459980141,2.407344840196756,1.4595202106442247,0.5720068999501997,-0.6717210505857688,93,0.00019376166530992762,0.024930986118263047,0.028515683612863628,-0.12560926929332628,-0.6327638701544516,0.008128892896187574,0.032859923186756866,-0.03510277996871789,0.011162571676083055,0.0010552603875308537,-0.007948453307032033,0.013686575048048035
ts_trend,3,50,0.0,trend_short,btc,top50,258,-0.003305658796197925,-0.6907234920573981,-0.47432954724173315,-0.27329745899881974,-0.8680263595234161,119,0.002252270635500164,0.4076328202639655,0.4121748303185112,0.03130663891869023,-0.5078512370060082,-0.01646104088131389,-0.0018216725465986564,0.0023686698834159406,0.0006039342485038128,-0.012582208157782004,-0.0002115167860763348,0.005119223271516453
ts_trend,3,50,0.0,trend_ls,btc,top50,589,0.0019036738311674036,1.2544689243113556,0.57014860350693,0.15596731241525852,-0.5334701128690742,212,0.0006746227370243933,0.2934418724589335,0.22230025436939171,0.014950654836885402,-0.41492125387612055,0.0002072019339759102,0.009323077221789187,-0.0025013814371904397,0.003879687244340741,-0.0016521291229034314,-0.0019448662545768168,0.004225485592306034
ts_trend,7,50,0.0,trend_long,none,all,239,0.014123205507829494,1.8026099127640702,0.841976977770299,0.39992582780234587,-0.8984785322081764,91,0.005536408558840472,0.5428563549384273,0.4109241280762097,0.048119501682416965,-0.7885476855851112,0.030658720542836936,0.04663836894892925,-0.029408606524014367,0.009588289926878877,0.014250755540615341,-0.0201996902351019,0.041431493718812724
ts_trend,7,50,0.0,trend_short,none,all,237,-0.01241746103899115,-1.5662412933342202,-0.7346524123331836,-0.6345111172879628,-0.9963869158010343,91,-0.0038961016310877675,-0.3867951810517505,-0.29279103223503417,-0.36279817807033843,-0.7466161901368765,-0.03589504179689511,-0.03237120805581279,0.014738336371035275,-0.008214923824587661,-0.009280701409393253,0.0040290453057043605,-0.014949596042929418
ts_trend,7,50,0.0,trend_ls,none,all,252,0.000858150496290367,0.3354693747106073,0.1525984143982571,0.0018440366796983465,-0.3874482215268882,91,0.000820153463876352,0.20730109323131193,0.156920003257554,0.00614480201334211,-0.4257678481382472,-0.0015048459694827106,0.008415520047450836,-0.006062974535633426,0.0005944879556948503,0.0024850270656110434,-0.008085322464698768,0.013240948837941652
ts_trend,7,50,0.0,trend_long,btc,all,146,0.03034130693953685,2.9670712427813144,1.7731642176527906,0.955483218755173,-0.6083613345831759,41,0.015101493734431202,0.9074962282700212,1.0234115465700364,0.2568815455183582,-0.37958587676884303,0.033670561089566904,0.08972756361307253,-0.04868816741229387,0.022170994968995345,0.009869171721260388,-0.007836946710212591,0.05486145717181377
ts_trend,7,50,0.0,trend_short,btc,all,106,-0.002513252718714988,-0.2338211916596884,-0.16399414734331258,-0.1638481200171611,-0.7255201581039221,50,0.00377573675516306,0.3278856312482267,0.3348380432403213,0.014947063174464592,-0.3056490407348036,-0.026566773899072315,0.012501175405113077,0.006622994347380335,-0.0030390652209603317,-0.02646768376119151,0.0029173668442438777,0.004783388389720364
ts_trend,7,50,0.0,trend_ls,btc,all,252,0.008260765922596412,2.2003928990900934,1.000915412156445,0.38909636654870017,-0.4907683947274951,91,0.0044392751696144634,0.9086656788711346,0.6878295674465296,0.1924058411863332,-0.19827659885189297,0.009305613671203548,0.02926999187992907,-0.0030705599524260877,0.006964622261139535,-0.0010050924393859824,-0.0011791670723673836,0.012275523559747037
ts_trend,7,50,0.0,trend_long,none,top50,239,0.013769295552547908,1.758640007063651,0.8214391741931977,0.3767556975941242,-0.8978988335951379,90,0.0044416508324817945,0.32239705283164993,0.24539585377412435,-0.1652180919949725,-0.8626132740370596,0.030658720542836936,0.04663836894892925,-0.029408606524014367,0.01028017317393947,0.011945553138454008,-0.01665492646976226,0.033310651351342084
ts_trend,7,50,0.0,trend_short,none,top50,231,-0.011099151899877155,-1.356924779803797,-0.6446844511465886,-0.6062725713131161,-0.9952334631064607,90,0.010691408458014712,1.02498633029574,0.780178954554752,0.34284568032260787,-0.4912887287547423,-0.03589504179689511,-0.03237120805581279,0.014630836772018565,-0.008297459822761569,-0.0024220474271950806,0.013969766431912263,0.006205234388470701
ts_trend,7,50,0.0,trend_ls,none,top50,252,0.0014423760876732651,0.5527278826550317,0.25142503264157673,0.030082675485069155,-0.38311713154652494,91,0.007483380967827944,1.4167429332250627,1.0724270780797491,0.3853447577124802,-0.2918671649490796,-0.0015048459694827106,0.008415520047450836,-0.006115690685151234,0.0011318586591884242,0.004831619608337015,-0.0013172483204547162,0.01975794286990639
ts_trend,7,50,0.0,trend_long,btc,top50,146,0.030253097822067976,2.9739373128173106,1.7772674793231487,0.9545720288488742,-0.5999169462140073,41,0.014332878015358048,0.7362828523339612,0.8303289304645909,0.18747337113937346,-0.4222067169242105,0.033670561089566904,0.08972756361307253,-0.04868816741229387,0.02310971667186769,0.008562491985517874,-0.007839704266332863,0.05276535397028896
ts_trend,7,50,0.0,trend_short,btc,top50,106,-0.0024755082763416518,-0.2292264250837085,-0.16077153599007787,-0.16428000034908363,-0.7262290583789982,50,0.012359229764393053,1.0335401178559491,1.055455066316294,0.28713056063097997,-0.29891984405504546,-0.026566773899072315,0.012501175405113077,0.006485932358634032,-0.0025575168852061715,-0.026391385600391212,0.007666160062933152,0.01786848550088946
ts_trend,7,50,0.0,trend_ls,btc,top50,252,0.008243151596685932,2.1991975550403677,1.000371673680151,0.3881995230472932,-0.4753084107872284,91,0.006624227949721608,1.2161741271489088,0.9206031913252536,0.31931652398221266,-0.22382764579091352,0.009305613671203548,0.02926999187992907,-0.003123276101943896,0.007359252850642924,-0.0014323686126300485,2.975481862774135e-05,0.015821782579931474
ts_trend,1,100,0.0,trend_long,none,all,1664,0.0011196273382174673,0.9475439115282098,0.44378142119259406,-0.01290287512755639,-0.9564871165042377,633,-0.00011297547438215579,-0.07154775476681302,-0.05433011033060035,-0.28035254731522263,-0.8562207495119935,0.0029353876978850443,0.006880032459307557,-0.00686505287213165,0.001794442890737442,0.00033000530768441773,-0.003558995649332104,0.004460602772518327
ts_trend,1,100,0.0,trend_short,none,all,1603,-0.003088391392681878,-2.8673205451423285,-1.3682199469492273,-0.7250407658352215,-0.9988196234729718,637,-0.0010753203158780369,-0.6828077188368686,-0.5168626358598502,-0.49258784717394843,-0.8194437894171047,-0.004483305355136701,-0.008004943993682593,0.0013254602451116876,-0.0037817962394822687,-0.0021626024372625283,0.0003732679174058741,-0.003019197908336226
ts_trend,1,100,0.0,trend_ls,none,all,1728,-0.0008934118957393473,-2.2521818801824804,-1.0350897862678745,-0.2989776419831608,-0.8578985488036381,637,-0.0005937931840645323,-1.0040401708615354,-0.7600248721626587,-0.2269458285092194,-0.5433741004808911,-0.00046271689346984635,0.00030211286392685524,-0.002280778848645809,-0.0009936766743724134,-0.0009162985647890552,-0.0015733625199393774,0.0007207024320910504
ts_trend,1,100,0.0,trend_long,btc,all,1012,0.002103246609587561,1.608245778159543,0.9658475799580326,0.2824430571824288,-0.7243877127265098,287,0.0004807696972779821,0.21605464840324437,0.24365150507294303,-0.03794932629621073,-0.6670810565404345,0.001884330035650239,0.008190922612349242,-0.010464646380017296,0.0027310577599051734,-0.0003423454896148947,-0.0036049653109004823,0.00705508875589242
ts_trend,1,100,0.0,trend_short,btc,all,714,-0.0017934442661473428,-1.0086913346711988,-0.7211998310412642,-0.3410093211097752,-0.8825323375888767,350,-0.0016034400293000665,-0.7984483242657117,-0.8153784400611497,-0.37075656211233454,-0.6147577975165696,-0.007849853874128818,-0.0031687104017344052,0.0005881147082558264,-0.0009502488287334435,-0.004382008530992397,-0.0016055963415229036,-0.0016009376422760318
ts_trend,1,100,0.0,trend_ls,btc,all,1726,0.0002456449486887046,0.4620867494740803,0.21249540909010614,0.0006144155426892617,-0.6734373345859094,637,-0.0003322002410802531,-0.4458314425043047,-0.3374795102119044,-0.1695973913136749,-0.5617453846513154,-2.3961849624861876e-05,0.001951839098282803,-0.0007506556802431081,0.000785597020098558,-0.0007947819301567066,-0.0012875766742954675,0.0009498306343739871
ts_trend,1,100,0.0,trend_long,none,top50,1664,0.001159085726056293,0.9795825464941348,0.4587866898511386,-0.0006898534579161675,-0.956322667786436,629,-0.0019013016586674526,-1.027968146321759,-0.7830703258889579,-0.6607277719968707,-0.9477844766176707,0.0029353876978850443,0.006880032459307557,-0.00686505287213165,0.0019276625700662858,0.0003765451284734281,-0.0031758870156482163,-0.00021753207269286566
ts_trend,1,100,0.0,trend_short,none,top50,1545,-0.003162553903838418,-2.788841479599398,-1.3555202804364133,-0.7239794458045524,-0.9988802703291942,635,0.0003618960156942704,0.21071911629912726,0.15975832772136692,-0.18712667654680026,-0.662797552644188,-0.004483305355136701,-0.008004943993682593,0.0013118258676219163,-0.00426180581130353,-0.002009307692536988,0.000978783120544541,-0.0004720439593810944
ts_trend,1,100,0.0,trend_ls,none,top50,1728,-0.0008557370177293642,-2.1389877669355037,-0.9830664254911236,-0.29035531111611346,-0.8562624368452497,637,-0.0007583318472024852,-0.9880146546172942,-0.7478940916537284,-0.2925308973696441,-0.6626474208351045,-0.00046271689346984635,0.00030211286392685524,-0.0022875960373906945,-0.0009802527357395633,-0.0007450124295646191,-0.0010680982364428822,-0.0003426526851703347
ts_trend,1,100,0.0,trend_long,btc,top50,1012,0.0021798576523499136,1.6759093035381212,1.0064835655305349,0.3051566625659745,-0.7035506183282696,287,-0.0009623156157493925,-0.4018461464735931,-0.45317432010679676,-0.25494139484857703,-0.7333103967008591,0.001884330035650239,0.008190922612349242,-0.010464646380017296,0.002922326006583701,-0.00022490156231897047,-0.0035511589068489544,0.003203368589019901
ts_trend,1,100,0.0,trend_short,btc,top50,714,-0.001773407198626611,-0.989512361951078,-0.707487140736648,-0.3408924707671125,-0.8816985255718643,350,-0.0007386967296785562,-0.3468768070400474,-0.3542319035835095,-0.2647779343669868,-0.5457889319932941,-0.007849853874128818,-0.0031687104017344052,0.0005736651008511757,-0.0009212893814535548,-0.00424702434015707,-0.000866766571621481,-0.0005900724686583724
ts_trend,1,100,0.0,trend_ls,btc,top50,1726,0.00027224890045153864,0.5115925129101904,0.23526115051343663,0.009667179347289112,-0.6547940763516544,637,-0.00041972404796512613,-0.5278335535684584,-0.39955236923419196,-0.2028852234142503,-0.568458657674354,-2.3961849624861876e-05,0.001951839098282803,-0.0007565146991359527,0.0008556619490120088,-0.0007333522482301209,-0.0010842564958590457,0.00047201986189252345
ts_trend,3,100,0.0,trend_long,none,all,556,0.006140808165680379,1.7813928373719832,0.8333129113731504,0.38427576478842385,-0.9088663377448997,211,0.0030914487562266617,0.6396998031603174,0.4857589311842982,0.0843968269609725,-0.7931939924808882,0.01065164224632986,0.021889336256034866,-0.014440205206028709,0.006919581813718611,0.00454318415034837,-0.006788955414963019,0.016375103253048345
ts_trend,3,100,0.0,trend_short,none,all,535,-0.005938781267978872,-1.737723793754034,-0.8286853507516255,-0.658492907597541,-0.9966516259992935,212,-0.0011583491606080387,-0.23540734906511387,-0.17833553589023876,-0.3699811108151688,-0.7558031612152977,-0.008664872546742636,-0.02270490999657668,0.007291175314687575,-0.007051269713622478,-0.0033339003338670402,0.00310695517975801,-0.006940206155326463
ts_trend,3,100,0.0,trend_ls,none,all,576,0.00020576507096318997,0.16105407479492045,0.07401952272324357,-0.030958091619679995,-0.4886445881333269,212,0.0009592586450823618,0.5380686131174885,0.40762004604827845,0.07925341261293872,-0.32068678834079967,0.001555210305758427,0.001925220905940163,-0.002627616243635898,-6.584394995193311e-05,0.0006046419082406642,-0.0018131765298362629,0.004717448548860942
ts_trend,3,100,0.0,trend_long,btc,all,330,0.008049148275082121,2.0768811950505635,1.2610737596077248,0.44286562071212243,-0.7000212974203386,93,0.0015878371829723917,0.21179457522235734,0.2422474213138891,-0.050421275070145155,-0.6388979360054288,0.006569502180994308,0.03143900079969874,-0.0390777475399392,0.010741513902894751,-4.365031769452631e-05,-0.00927848283444703,0.019594881783267435
ts_trend,3,100,0.0,trend_short,btc,all,245,-0.0035389598965989066,-0.7643009603416001,-0.5386010155601326,-0.25931856896223004,-0.7881252028533,119,-0.001630583955110154,-0.3050109224294069,-0.3084094777163034,-0.20324166118105613,-0.5310448568271129,-0.027600259155983776,-0.0023579082286006637,0.0025055532866987257,0.000671648788068546,-0.01208310290196852,-0.003477731120000193,0.0005188236549437101
ts_trend,3,100,0.0,trend_ls,btc,all,575,0.0015558032661829283,1.0441048213916388,0.4802816386846864,0.11168366645461747,-0.5559856771172622,212,-0.0001093646996265945,-0.04923758195545101,-0.03730049464826235,-0.07356011627113579,-0.4910566270402552,-0.0005545479361295967,0.008876324604863126,-0.002837384093696991,0.0037479274494712517,-0.001946163891579582,-0.0031177327708112306,0.003968645352423691
ts_trend,3,100,0.0,trend_long,none,top50,556,0.0062319580506060845,1.8033796440114598,0.8435980598637944,0.3959190727382256,-0.9086216498654714,209,-0.0008291614758349074,-0.15834496017460825,-0.12081390081195832,-0.35448226988130915,-0.8464913471164014,0.01065164224632986,0.021889336256034866,-0.014440205206028709,0.007298159235811536,0.004583114215474993,-0.005745530684549654,0.005799650940409696
ts_trend,3,100,0.0,trend_short,none,top50,516,-0.006588805800700686,-1.8361775386178545,-0.8916114244147947,-0.6764142709760443,-0.9976027665845038,212,0.00403877664095912,0.7824796741625498,0.592776447163507,0.14762601419410504,-0.6112073854342979,-0.008664872546742636,-0.02270490999657668,0.0072530702277656236,-0.008832989069127287,-0.004401811359250873,0.005106218686734616,0.0025917996455745575
ts_trend,3,100,0.0,trend_ls,none,top50,576,5.654937758283871e-05,0.044015081196467666,0.02022907714030781,-0.04804346716742813,-0.5082099930345397,212,0.0016106742911175418,0.8182827499913807,0.6198994776882989,0.1575012659768873,-0.29585466623148593,0.001555210305758427,0.001925220905940163,-0.0026466687870968734,-0.00040241536834683056,0.0002530133225106577,-0.00027256148509973566,0.004163505009989851
ts_trend,3,100,0.0,trend_long,btc,top50,330,0.008208345819093438,2.1153145783559455,1.284410352617891,0.45754601904824344,-0.7000212974203386,93,5.048991271702013e-05,0.006157838148405945,0.007043241833524382,-0.14632563524662623,-0.6640728149042465,0.006569502180994308,0.03143900079969874,-0.0390777475399392,0.011297966771841235,3.955515543949053e-05,-0.009276302396781632,0.015506317168457648
ts_trend,3,100,0.0,trend_short,btc,top50,245,-0.0035514624329826927,-0.7622538304716934,-0.5371584081526757,-0.2609372322209417,-0.7904327429126783,119,0.0017999612195294665,0.32875516042050057,0.33241828362816267,0.002145425512717569,-0.5263041863925252,-0.027600259155983776,-0.0023579082286006637,0.002458116341755072,0.0006507580928752397,-0.012021553253173924,-0.0005309968493570714,0.004512348790597437
ts_trend,3,100,0.0,trend_ls,btc,top50,575,0.0015988224558435434,1.0692144877180152,0.49183192697277595,0.11662961957488238,-0.5455096274738127,212,0.0005162522335063433,0.2187796307717936,0.16573901728430948,-0.007958858363969035,-0.4579874187708769,-0.0005545479361295967,0.008876324604863126,-0.002856436637157966,0.003933110912864114,-0.0019080225367717428,-0.0023443005630007677,0.004393890468771537
ts_trend,7,100,0.0,trend_long,none,all,237,0.01561984299144398,1.9513139849551202,0.9152724630411427,0.4801666680586316,-0.9070802669411536,91,0.007613249021391914,0.6651775489704207,0.503517186157917,0.10371736801534182,-0.8192880652498523,0.04022781244286251,0.04328741044710844,-0.036211130367338806,0.015011182484259958,0.016437214867932856,-0.02085314840386049,0.04731638227240185
ts_trend,7,100,0.0,trend_short,none,all,229,-0.014588960917060745,-1.7339080051829485,-0.8273813414009122,-0.6826613005316031,-0.9970950229952839,91,-0.00046795379071232825,-0.046735952097318983,-0.03537755465270477,-0.23571773326230805,-0.6572325668709883,-0.026769569329091743,-0.055691073524155144,0.017629510549910476,-0.014446482280457123,-0.007046717057638253,0.009860627834271492,-0.014873607109768705
ts_trend,7,100,0.0,trend_ls,none,all,246,0.0007338023149701471,0.269342774313862,0.12400385535342379,-0.010118001628829587,-0.484640785652228,91,0.003572647615339793,0.794084199473595,0.6010952148193844,0.1498559182079917,-0.3322554352550606,0.008313195287565488,-0.0007276546316137549,-0.00685352228783559,0.0002823501019014176,0.004695248905147302,-0.005496260284794498,0.016221387581316568
ts_trend,7,100,0.0,trend_long,btc,all,145,0.028561691080529025,2.768952209693658,1.660461732906066,0.8452588373310732,-0.6047677142013569,41,0.017286595564503043,0.9540397618253592,1.0759001279821123,0.2970578904479464,-0.43492672346793115,0.03841874976976528,0.07940253859075001,-0.05698523947503407,0.021921530091449398,0.010489595378018548,-0.010412500409266258,0.0652983619190365
ts_trend,7,100,0.0,trend_short,btc,all,100,-0.002584551385337144,-0.24494623572886082,-0.17687570419920234,-0.1489360492478614,-0.6050990251340731,50,0.0038310795727730805,0.3371695281536206,0.34431879377401453,0.01922892287386535,-0.3001769916542929,-0.05899669082696315,0.01108680101104016,0.007498390193228325,-0.002091805566108502,-0.02297564275870748,0.0033517470563074626,0.004393774266015326
ts_trend,7,100,0.0,trend_ls,btc,all,245,0.007924469526822436,2.1073698787673716,0.9721989289911657,0.35663671012563647,-0.47341365543876457,91,0.004946727454853179,0.9661381394392348,0.7313343003883029,0.21838852725933444,-0.2249305638978467,0.011518682206193556,0.0263060266326868,-0.003691223711262268,0.007035508255546967,-0.0002254816218017123,-0.0017002626426473701,0.014217529432946052
ts_trend,7,100,0.0,trend_long,none,top50,237,0.015050079900585987,1.8812915660523062,0.8824281374680077,0.441809672188864,-0.9070802669411536,91,0.0022743716299960222,0.15692599369326854,0.11878773554785636,-0.28477449917041,-0.9039598237253383,0.04022781244286251,0.04328741044710844,-0.036211130367338806,0.015569189411460647,0.013282403084321683,-0.017549402292707766,0.029923319469556574
ts_trend,7,100,0.0,trend_short,none,top50,222,-0.014339311021860333,-1.644952252465732,-0.7972127233420433,-0.6726406932624863,-0.9968593421669667,91,0.010215965727047291,0.9865447030155747,0.7467813873908865,0.3155503443474317,-0.5634850972895105,-0.026769569329091743,-0.055691073524155144,0.01753370095747175,-0.01884262532988339,-0.0010341479139964497,0.013825182290866943,0.005182058414351462
ts_trend,7,100,0.0,trend_ls,none,top50,246,0.0007795566861501709,0.2809855877338479,0.1293641393072693,-0.009467004630923315,-0.5044674562815001,91,0.006245168678521658,1.013526403602532,0.7672056334862764,0.2705890506671529,-0.413793290957285,0.008313195287565488,-0.0007276546316137549,-0.006901427084054953,-0.000912001600369702,0.006153958774989436,-0.0018621100009204121,0.017552688941954015
ts_trend,7,100,0.0,trend_long,btc,top50,145,0.0283124148750045,2.7571846093810817,1.6534050383416885,0.8360673706565629,-0.6036121444044368,41,0.0215218621004777,0.8981517513230317,1.012873491086944,0.32166060726363277,-0.44831802868433424,0.03841874976976528,0.07940253859075001,-0.05698523947503407,0.022750568954718997,0.008627840806147357,-0.008575194106757927,0.07369009285968613
ts_trend,7,100,0.0,trend_short,btc,top50,100,-0.0025436009620564003,-0.23989762774177498,-0.17323010380740864,-0.14926222905277953,-0.6058560243154582,50,0.012499436355603563,1.0455086907983397,1.0676774181441337,0.29264250609074494,-0.31044214189372155,-0.05899669082696315,0.01108680101104016,0.007373837723057983,-0.0022047095055415375,-0.02232878934075162,0.009430109623380308,0.016102559041256955
ts_trend,7,100,0.0,trend_ls,btc,top50,245,0.007859061348306147,2.093149426087404,0.965638567184476,0.35266121895810065,-0.46024845791492763,91,0.008282242658789912,1.317964854933176,0.9976553722207633,0.41190488893545485,-0.231103135924696,0.011518682206193556,0.0263060266326868,-0.0037391285074816314,0.007296056267509218,-0.0007462979863232695,0.00029865955712794583,0.019417240142686865
ts_trend,1,200,0.0,trend_long,none,all,1533,0.00047046561452722396,0.3910063231784337,0.19079154965658554,-0.18031009106311435,-0.9685071907738685,637,-0.0002024213226731887,-0.12610147249337725,-0.09545460260724878,-0.3144176397596754,-0.8808208968236526,0.002511346945932017,0.004542202565123906,-0.008506675449480146,0.0024696628668286346,0.00014303063882829,-0.0032970372441873093,0.003950280189652745
ts_trend,1,200,0.0,trend_short,none,all,1458,-0.0027292494625417024,-2.360435435863448,-1.1810269176962684,-0.6679894223057511,-0.9969480073082374,637,-0.0011272151009532917,-0.7043550705250256,-0.5331732613582136,-0.5067268446261686,-0.8263929511246493,-0.0062842020383490306,-0.006413244178167774,0.001377381796672499,-0.00381398622807957,-0.0021439318529575604,0.000662474949976558,-0.003528821235473127
ts_trend,1,200,0.0,trend_ls,none,all,1628,-0.001000620985662029,-2.2820083873373167,-1.0805291019424725,-0.3152758223397566,-0.8871289189213186,637,-0.0006648182118132403,-1.0344333911977348,-0.7830315247558616,-0.2522990142895978,-0.5626005344854125,-0.0011338284996996407,0.00020034157785708877,-0.002469266700032407,-0.000672161680625468,-0.001000450607064635,-0.0013172811471053758,0.00021072947708980947
ts_trend,1,200,0.0,trend_long,btc,all,932,0.0021537718818380814,1.535106218646841,0.9606759246558113,0.25924264873818825,-0.7323145501845003,287,-4.1873968060153385e-05,-0.01836448522386041,-0.02071019761783668,-0.12237576113393,-0.7350331283324136,0.0019726549579755287,0.007757839806543325,-0.010391296520546078,0.0027414362894593357,-6.222780101636316e-05,-0.0039258462964461205,0.006207790596706356
ts_trend,1,200,0.0,trend_short,btc,all,676,-0.001458001191085381,-0.8407286423322499,-0.617773006108747,-0.28477505173342654,-0.8125288170391785,350,-0.0014327169945942116,-0.7081249890199893,-0.7231399094567965,-0.35026498852101584,-0.5837437792275972,-0.009842588140163209,-0.002535313737960199,0.0006429104894335995,-0.0007473891107961904,-0.004295350814765139,-0.0015338074764906931,-0.0013154021143686643
ts_trend,1,200,0.0,trend_ls,btc,all,1608,0.00031769483479458143,0.5814780108722948,0.2770363177690067,0.025386015257876204,-0.6333084997296056,637,-0.00040303671659437846,-0.5328590535085348,-0.4033565048259309,-0.19240250585318974,-0.5941808082077158,-7.492190108457724e-05,0.002074660230240872,-0.0006844255048117345,0.0008211086638674961,-0.0006845878083683067,-0.0013468912329468682,0.000863532763069808
ts_trend,1,200,0.0,trend_long,none,top50,1533,0.00048153958736356036,0.4005098963402237,0.19542881852751687,-0.17692820797562758,-0.9685071907738685,637,-0.001022990349349895,-0.5638746437089517,-0.4268342706178058,-0.5382127092456012,-0.9349303903713972,0.002511346945932017,0.004542202565123906,-0.008506675449480146,0.0025648600065144595,9.447720815281897e-05,-0.002616557610438764,0.0011154363061553897
ts_trend,1,200,0.0,trend_short,none,top50,1424,-0.0029580248514625923,-2.439556403289384,-1.2351005103310864,-0.6876160905034436,-0.9977640215500002,637,-5.537704386438884e-06,-0.003224248926643696,-0.002440648740368883,-0.29009533178689983,-0.720254115428729,-0.0062842020383490306,-0.006413244178167774,0.0013647368801832053,-0.004119476645442118,-0.0027280589951038836,0.001148795033582824,-0.0015545503858525453
ts_trend,1,200,0.0,trend_ls,none,top50,1628,-0.0010669616710855014,-2.3867339323458396,-1.1301165617109843,-0.33128830382909047,-0.9009738368504902,637,-0.0005142640268681669,-0.6984577612897065,-0.5287091952503495,-0.2227950535184552,-0.5906616719570188,-0.0011338284996996407,0.00020034157785708877,-0.0024755891582770536,-0.0007603789633866693,-0.0012012583404041929,-0.0007338812884279701,-0.00021955703984857778
ts_trend,1,200,0.0,trend_long,btc,top50,932,0.0021419241735817873,1.5352761850364383,0.9607822903368981,0.25911575348493776,-0.7305469316569608,287,-0.000986038690244497,-0.4288371317700968,-0.4836128884944605,-0.2506261066148726,-0.712069746810045,0.0019726549579755287,0.007757839806543325,-0.010391296520546078,0.0028804241134006404,-0.00024321207010803236,-0.0037608523908140264,0.0034788888097628348
ts_trend,1,200,0.0,trend_short,btc,top50,676,-0.0014230433858533084,-0.813226065410447,-0.5975639294040607,-0.2832391127102374,-0.8094389205042143,350,-0.0006128746011768758,-0.284611321201359,-0.29064615461285487,-0.24871920878531462,-0.5348291443332254,-0.009842588140163209,-0.002535313737960199,0.0006295654179304512,-0.00071654723425153,-0.00408265345459543,-0.0006437203554082241,-0.0005770782937972855
ts_trend,1,200,0.0,trend_ls,btc,top50,1608,0.00032160945302903875,0.5881041964380497,0.2801932626846658,0.026542797353545478,-0.6232323599781044,637,-0.00039050173823553945,-0.49701034914058906,-0.37622023304602187,-0.19303025223335613,-0.5367828022094259,-7.492190108457724e-05,0.002074660230240872,-0.0006898815008958946,0.0008735658854948414,-0.0007143066859379998,-0.001077657945192916,0.0005316012600712344
ts_trend,3,200,0.0,trend_long,none,all,512,0.004140072080044718,1.2482046971997984,0.608466450170887,0.14024540692738618,-0.924500445556242,212,0.0016548438384358592,0.3374918570873303,0.25567082519421774,-0.0926612682811715,-0.8427260564264156,0.012087685942275056,0.013973539983444081,-0.01906342763222271,0.008954348346123022,0.00344656961033765,-0.00735347295012941,0.01386611770737989
ts_trend,3,200,0.0,trend_short,none,all,486,-0.005810583476833665,-1.6679065610997734,-0.8345250689479161,-0.6348965349352498,-0.995551241425482,212,-0.0010905960602603036,-0.21893293855044396,-0.16585515734947878,-0.369848274495465,-0.7502601647119614,-0.015166192329592574,-0.019396976380117045,0.0076230578038692974,-0.008178706831822482,-0.004876982649922627,0.003729207199112109,-0.007624107145187353
ts_trend,3,200,0.0,trend_ls,none,all,542,-0.000649655594795448,-0.4748986734056871,-0.22500238313744855,-0.12475640953694267,-0.6097740165536061,212,0.00028212388908777775,0.14249841639551714,0.1079513088793834,-0.015030385918393452,-0.3861452283305886,0.00025311499074763696,0.000706601409634964,-0.0033763208610345695,0.00038782075715026976,-0.0007152065197924883,-0.0018121328755086499,0.0031210052810962687
ts_trend,3,200,0.0,trend_long,btc,all,303,0.007172552481803949,1.7560035558019222,1.1127302165309698,0.32425503244976883,-0.7262038753776827,93,-0.0002761882618904217,-0.03744259467493425,-0.04282627162561289,-0.13745915072232062,-0.6979551025867929,0.009084882747142704,0.025600413942283882,-0.04428341030392389,0.010799528033571306,0.0008718166054508767,-0.010187991873622185,0.016149086294693648
ts_trend,3,200,0.0,trend_short,btc,all,231,-0.001961575689505422,-0.45292133449927885,-0.32870218665196943,-0.17176122072000255,-0.6604222175422579,119,-0.001587536093047712,-0.29647159789320365,-0.2997750045660181,-0.201293003984373,-0.5299246401781661,-0.02305493111724939,-0.0010898504863603514,0.0027940987139064245,0.0011076157155088316,-0.011451792995459979,-0.0035701390022324945,0.0007194927467309415
ts_trend,3,200,0.0,trend_ls,btc,all,534,0.0016106361589052845,1.0795522156838162,0.5152984420840095,0.11499187055462912,-0.5405081618817121,212,-0.0005061375080860547,-0.22976506471810346,-0.17406115870250327,-0.11645761515920217,-0.5084764718070748,0.001036279861092215,0.0078102879692649755,-0.003077259351352974,0.0038378442630483114,-0.0015338489695512967,-0.0033581656754629774,0.003359945118802664
ts_trend,3,200,0.0,trend_long,none,top50,512,0.004199562609109231,1.262601962164283,0.6154847322882048,0.145618102045878,-0.924500445556242,212,1.9867161023023465e-05,0.00399988959063197,0.003030162212352319,-0.2621857706499626,-0.8477530781622157,0.012087685942275056,0.013973539983444081,-0.01906342763222271,0.00921112627982035,0.0034415615849577685,-0.006826033794291285,0.00929986623378242
ts_trend,3,200,0.0,trend_short,none,top50,476,-0.006382301006609878,-1.758282449135593,-0.8889369723163875,-0.6543035909750978,-0.9965346662359881,212,0.0027009455603478525,0.519204903654431,0.3933296266992987,-0.030063257799335164,-0.6245110939365752,-0.015166192329592574,-0.019396976380117045,0.007587196767515828,-0.008958781358312146,-0.006341602933529719,0.005022782945953132,-0.0004464340068059666
ts_trend,3,200,0.0,trend_ls,none,top50,542,-0.0008190029735077265,-0.5924180671870638,-0.2806819315262678,-0.14168782283083425,-0.6351567616117362,212,0.0013604063606854385,0.6465999157435165,0.48983917850758313,0.11596196892651212,-0.3268133766122767,0.00025311499074763696,0.000706601409634964,-0.0033942513792113048,0.0001261724607541008,-0.0011901189147150847,-0.0009016254241690769,0.0044267161134882264
ts_trend,3,200,0.0,trend_long,btc,top50,303,0.007202577436583853,1.759997844561952,1.1152612853218902,0.32622454589176697,-0.7262038753776827,93,-0.0017155577702827067,-0.2307672563633669,-0.26394808610662474,-0.2036526294466321,-0.6662869783255383,0.009084882747142704,0.025600413942283882,-0.04428341030392389,0.011178432057685653,0.0006070868623296093,-0.009770294506880235,0.01163229167893606
ts_trend,3,200,0.0,trend_short,btc,top50,231,-0.0018823414578569074,-0.4303536910474502,-0.3123239920623968,-0.1703368358705183,-0.6574889440310387,119,0.0017453310778452284,0.3112321893140776,0.3147000644774351,-0.007966073471790347,-0.5375624708092104,-0.02305493111724939,-0.0010898504863603514,0.002749455382935778,0.001120232574453413,-0.010882918727585832,-0.0008361469563926819,0.004749232790412978
ts_trend,3,200,0.0,trend_ls,btc,top50,534,0.0016362922158426611,1.0912510038543186,0.5208825789427463,0.11737562995094653,-0.5405502851212067,212,0.00011355548497002508,0.05021339697312096,0.03803973450121094,-0.05050229337588297,-0.46111206942029737,0.001036279861092215,0.0078102879692649755,-0.003095338055630343,0.003968266525346722,-0.0015329738557479096,-0.002541764289377809,0.003712988956863755
ts_trend,7,200,0.0,trend_long,none,all,216,0.011018817994824646,1.340575366198466,0.6586607303484787,0.1786360013591155,-0.9362613037518762,91,0.005251497336265463,0.5033880419822252,0.3810479334979849,0.027671558258915763,-0.7921225575678823,0.043112557625544855,0.03165181584703951,-0.05564972509387472,0.019778782571109363,0.012968505567399917,-0.01315095894426188,0.030918081095948336
ts_trend,7,200,0.0,trend_short,none,all,210,-0.012018624470835014,-1.4930849736437022,-0.7439988934415114,-0.5672188224302448,-0.9905931739008621,91,0.00017824462171232557,0.017268653584257304,0.01307179395176448,-0.22295071506377573,-0.6714394475448906,-0.040501682416225405,-0.039505572303472125,0.01750441415694139,-0.013976419701953529,-0.01067576642317143,0.011533096245573343,-0.015658785274725407
ts_trend,7,200,0.0,trend_ls,none,all,232,-0.00031001390515782254,-0.11978028700606962,-0.056785671942605996,-0.04952548791649103,-0.6289614569217822,91,0.0027148709789888955,0.5951063971779091,0.4504756647836311,0.09755978446651214,-0.3304332563268484,0.005524362856349867,0.0025307633983127848,-0.010511159300178246,0.002901181434577918,0.001146369572114244,-0.0008089313493442674,0.0076296479106114645
ts_trend,7,200,0.0,trend_long,btc,all,132,0.02531459879237945,2.3144129909659177,1.4546258630168738,0.5940532785501196,-0.6151659948645585,41,0.012523287782637926,0.7171569512731722,0.8087600606727229,0.1696701501205835,-0.4167598028715551,0.04056045895919067,0.06708424390947691,-0.07058305039472595,0.02559458548628083,0.00946598178681844,-0.008042981620076233,0.048171488080675805
ts_trend,7,200,0.0,trend_short,btc,all,96,-0.001358782905864458,-0.13921040717758668,-0.10259672537887403,-0.10468374544787862,-0.5963775566531095,50,0.004835278141127677,0.4220581776974436,0.4310074028428537,0.0471331111928206,-0.27792038354683146,-0.05574388851592159,0.011115286633496759,0.007707287585779955,-0.0014876694704988736,-0.02297316980793887,0.004114655632658038,0.005681226303244214
ts_trend,7,200,0.0,trend_ls,btc,all,228,0.0070418506176120575,1.8569370238857748,0.8880290316346242,0.28119330769131334,-0.482096636841824,91,0.0041495533304645,0.8278975458305228,0.626690788570447,0.17135298370558538,-0.20273461335856402,0.012254867190002646,0.023262109393844144,-0.004589431871674385,0.008370385682897578,-0.0005695627326568797,-0.0009247341513227834,0.011226849028746762
ts_trend,7,200,0.0,trend_long,none,top50,216,0.010887993707556096,1.3250197522467242,0.6510178388670933,0.17267313079654323,-0.9362613037518762,91,0.00967020718725122,0.7110430534147011,0.5382358410121633,0.1271164277432555,-0.8009746209854076,0.043112557625544855,0.03165181584703951,-0.05564972509387472,0.02049932159798631,0.011704542578022835,-0.010289672006367667,0.03750898606256177
ts_trend,7,200,0.0,trend_short,none,top50,206,-0.01335431335525553,-1.5912494021661692,-0.8005750580807081,-0.5924913389835064,-0.9928196607446043,91,0.008700372002528704,0.8348304842907853,0.6319387914092688,0.20994673272959674,-0.5453425263574367,-0.040501682416225405,-0.039505572303472125,0.017419251149893004,-0.0148545911063337,-0.015244458531107126,0.014516879318446477,0.0005878749566433927
ts_trend,7,200,0.0,trend_ls,none,top50,232,-0.0008603058412726785,-0.3256647877088266,-0.1543917973510512,-0.07498846693375438,-0.6297796153131331,91,0.009185289594889961,1.4860661410368707,1.1249024308436384,0.4832557933070858,-0.25073485734043444,0.005524362856349867,0.0025307633983127848,-0.010553740803702437,0.0029651978526179764,-0.0013302139804525176,0.0021136036560394054,0.01904843050960258
ts_trend,7,200,0.0,trend_long,btc,top50,132,0.025332790435008846,2.3234184978576664,1.460285891406555,0.597474606541067,-0.6062118448531746,41,0.012232129670989909,0.6824873455658719,0.7696620747080645,0.1526563039190174,-0.4317386396033466,0.04056045895919067,0.06708424390947691,-0.07058305039472595,0.026665100611926586,0.008464075141946427,-0.0057686724715261,0.043433520051350996
ts_trend,7,200,0.0,trend_short,btc,top50,96,-0.000998543400514519,-0.10191057064829552,-0.07510710615672214,-0.09915052614687503,-0.5837360808380354,50,0.0125915461380841,1.0455660728591374,1.0677360169210348,0.2936269135037748,-0.28405616465538974,-0.05574388851592159,0.011115286633496759,0.0075965756766170536,-0.0016006288910866168,-0.020565418100285813,0.011764564258162727,0.013562350953643972
ts_trend,7,200,0.0,trend_ls,btc,top50,228,0.007122956515288977,1.8806497171443675,0.8993689746488535,0.2861845857273866,-0.46198063466545736,91,0.006214805623158193,1.197652253045354,0.9065827513007394,0.2984154132887116,-0.2175435098658388,0.012254867190002646,0.023262109393844144,-0.004632848306640229,0.008712190675663058,-0.0005131680551609031,0.0015816768934973117,0.012676800956632582
